Universitas,Program Studi,Jenjang,Tipe,Nomor SK,Tahun,email,Peringkat_Akreditasi,Tanggal_Kadaluarsa,Status_Kadaluarsa
Universitas Nusa Cendana,Arsitektur,S1,PTN,2224/SK/BAN-PT/Ak-PPJ/S/IV/2022,2022,info@undana.ac.id,B,2027-03-22,Masih Berlaku
Universitas Fajar,Arsitektur,S1,9,2168/SK/BAN-PT/Akred-PMT/S/IV/2022,2022,info@unifa.ac.id,Baik,2027-04-05,Masih Berlaku
Universitas Teknologi Yogyakarta,Arsitektur,S1,5,3168/SK/BAN-PT/Ak-PPJ/S/V/2022,2022,info@uty.ac.id,A,2027-06-07,Masih Berlaku
Universitas Diponegoro,Ilmu Arsitektur Dan Perkotaan,S3,PTN,3405/SK/BAN-PT/Akred-Itnl/D/V/2022,2022,dtap.undip@gmail.com,Unggul,2027-09-30,Masih Berlaku
Universitas Pendidikan Indonesia,Arsitektur,S2,PTN,3282/SK/BAN-PT/Akred/M/V/2022,2022,mars_fptkupi@upi.edu,Baik,2027-05-31,Masih Berlaku
Universitas Malikussaleh,Arsitektur,S1,PTN,3540/SK/BAN-PT/Ak-PPJ/S/VI/2022,2022,infoarsitektur@unimal.ac.id,Baik Sekali,2027-04-26,Masih Berlaku
Institut Modern Arsitektur Dan Teknologi,Arsitektur,S1,1,4013/SK/BAN-PT/PB-PS/S/VII/2022,2022,info@imat.ac.id,Baik,2026-06-17,18 hari lagi kadaluarsa
Universitas Sumatera Utara,Arsitektur,S1,PTN,4376/SK/BAN-PT/Akred-PMT/S/VII/2022,2022,dearftusu@gmail.com,Unggul,2027-07-12,Masih Berlaku
Institut Sains Dan Teknologi TD Pardede,Arsitektur,S1,1,4438/SK/BAN-PT/Ak-PPJ/S/VII/2022,2022,iistp@yahoo.com,B,2026-10-21,144 hari lagi kadaluarsa
Universitas Mpu Tantular,Arsitektur,S1,3,5064/SK/BAN-PT/Ak.S/S/VII/2022,2022,umt@centrin.net.id,B,,Masih Berlaku
Universitas Prisma,Arsitektur,S1,16,5206/SK/BAN-PT/Ak/S/VIII/2022,2022,info@u-prisma.ac.id,Baik,2027-08-02,Masih Berlaku
Universitas Nusa Nipa,Arsitektur,S1,15,5741/SK/BAN-PT/Ak.Ppj/S/VIII/2022,2022,unipa_maumere@yahoo.com,Baik,2026-10-21,144 hari lagi kadaluarsa
Universitas Hasanuddin,Arsitektur,S2,PTN,5810/SK/BAN-PT/Ak.Ppj/M/VIII/2022,2022,info@pascaunhas.net,B,2027-09-13,Masih Berlaku
Institut Teknologi Kalimantan,Arsitektur,S1,PTN,5909/SK/BAN-PT/Ak/S/IX/2022,2022,ars@itk.ac.id,Baik,2027-09-06,Masih Berlaku
Sekolah Tinggi Ilmu Teknik Trisula,Arsitektur,S1,2,5912/SK/BAN-PT/Ak/S/IX/2022,2022,trisulabengkulu@yahoo.com,Baik,2027-09-06,Masih Berlaku
Universitas Nahdlatul Ulama Kalimantan Selatan,Teknik Arsitektur,S1,11,5983/SK/BAN-PT/Ak/S/IX/2022,2022,info@unukalsel.ac.id,Baik,2027-09-07,Masih Berlaku
Universitas Pandanaran,Arsitektur,S1,6,6895/SK/BAN-PT/Ak.KP/S/X/2022,2022,unpan@yahoo.com,Baik,2027-01-11,Masih Berlaku
Universitas Bina Taruna Gorontalo,Arsitektur,S1,16,7309/SK/BAN-PT/Ak.KP/S/X/2022,2022,info@unbitar.ac.id,Baik,2026-06-18,19 hari lagi kadaluarsa
Universitas Nahdlatul Ulama Gorontalo,Arsitektur,S1,16,7982/SK/BAN-PT/Ak/S/X/2022,2022,unugortal@gmail.com,Baik,2027-10-18,Masih Berlaku
Universitas Ichsan Gorontalo,Teknik Arsitektur,S1,16,8455/SK/BAN-PT/Ak.Ppj/S/X/2022,2022,ft.unisan.gorontalo@gmail.com,Baik,2027-10-25,Masih Berlaku
Universitas Negeri Makassar,Arsitektur,S1,PTN,9677/SK/BAN-PT/Ak/S/XI/2022,2022,humas@unm.ac.id,Baik,2027-11-22,Masih Berlaku
Universitas Nahdlatul Ulama Kalimantan Timur,Arsitektur,S1,11,9678/SK/BAN-PT/Ak/S/XI/2022,2022,unukaltim@gmail.com,Baik,2027-11-22,Masih Berlaku
Universitas Negeri Gorontalo,Teknik Arsitektur,S1,PTN,10067/SK/BAN-PT/Ak/S/XI/2022,2022,arsitektur_ung@yahoo.com,Baik Sekali,2027-11-29,Masih Berlaku
Universitas Atma Jaya Yogyakarta,Arsitektur,S2,5,135/SK/BAN-PT/Ak-PPJ/M/I/2021,2025,pasca@uajy.ac.id,A,2030-12-31,Masih Berlaku
Universitas Internasional Batam,Arsitektur,S1,17,877/SK/BAN-PT/Akred/S/II/2021,2026,info@uib.edu,Baik,,Masih Berlaku
Universitas Islam Negeri Walisongo Semarang,Ilmu Seni Dan Arsitektur Islam,S1,PTAN,1722/SK/BAN-PT/Akred/S/III/2021,2026,fuhum@walisongo.ac.id,Baik Sekali,2031-03-10,Masih Berlaku
Universitas Bina Nusantara,Arsitektur,S1,3,2300/SK/BAN-PT/Ak-PPJ/S/IV/2021,2026,misnaeni@binus.edu,Unggul,2031-04-23,Masih Berlaku
Universitas Widya Mataram,Arsitektur,S1,5,2544/SK/BAN-PT/Ak-PPJ/S/IV/2021,2026,ft@widyamataram.ac.id,B,2027-04-30,Masih Berlaku
Universitas Katolik Parahyangan,Arsitektur,S2,4,2516/SK/BAN-PT/Ak-PPJ/M/IV/2021,2026,pasca@home.unpar.ac.id,A,2031-04-30,Masih Berlaku
Universitas Kristen Maranatha,Arsitektur,S1,4,2682/SK/BAN-PT/Akred/S/V/2021,2026,architecture.creahum@maranatha.edu,Baik,2027-05-05,Masih Berlaku
Universitas Selamat Sri,Arsitektur,S1,6,2740/SK/BAN-PT/Ak-TMSP/S/V/2021,2021,arsitektur.uniss@gmail.com,Tidak Terakreditasi,,Tidak Ada Data
Politeknik Negeri Pontianak,Arsitektur Bangunan Gedung,D-IV,PTN,3038/SK/BAN-PT/Akred/ST/V/2021,2026,jta.polnep@gmail.com,Baik,2031-05-19,Masih Berlaku
Universitas Katolik Soegijapranata,Arsitektur,S2,6,2980/SK/BAN-PT/AK-ISK/M/V/2021,2026,mtaunika@yahoo.co.id,Baik Sekali,2031-04-23,Masih Berlaku
Universitas Syiah Kuala,Arsitektur,S2,PTN,9424/SK/BAN-PT/Akred/M/VII/2021,2021,s2ars@unsyiah.ac.id,Baik,2026-07-13,44 hari lagi kadaluarsa
Universitas Ibrahimy,Arsitektur,S1,7,9671/SK/BAN-PT/Akred/S/VII/2021,2021,unib2018@ibrahimy.ac.id,Baik,2026-07-21,52 hari lagi kadaluarsa
Institut Teknologi Garut,Arsitektur,S1,4,10720/SK/BAN-PT/PB-PS/S/IX/2021,2021,arsitektur@itg.ac.id,Baik,2026-07-01,32 hari lagi kadaluarsa
Universitas Hasanuddin,Arsitektur,S1,PTN,10813/SK/BAN-PT/AK-ISK/S/IX/2021,2021,arsitek@ft.unhas.ac.id,Unggul,2026-06-18,19 hari lagi kadaluarsa
Universitas Tomakaka,Arsitektur,S1,9,11083/SK/BAN-PT/Akred/S/IX/2021,2021,tarsitektur.unika@gmail.com,Baik,2026-09-28,121 hari lagi kadaluarsa
Universitas Agung Podomoro,Arsitektur,S1,3,11782/SK/BAN-PT/Akred/S/X/2021,2021,rektorat@podomorouniversity.ac.id,Baik Sekali,2026-10-19,142 hari lagi kadaluarsa
Universitas Indonesia,Arsitektur,S1,PTN,11713/SK/BAN-PT/AK-ISK/S/X/2021,2021,arsitektur@eng.ui.ac.id,Unggul,2026-09-03,96 hari lagi kadaluarsa
Institut Teknologi Calvin,Arsitektur,S1,3,11875/SK/BAN-PT/Akred/S/X/2021,2021,info@calvin.ac.id,Baik,2026-10-26,149 hari lagi kadaluarsa
Universitas Nusantara Manado,Arsitektur,S1,16,12071/SK/BAN-PT/Akred/S/XI/2021,2021,info@nusantara.ac.id,Baik,2026-11-02,156 hari lagi kadaluarsa
Universitas Quality Berastagi,Arsitektur,S1,1,12565/SK/BAN-PT/Akred/S/XI/2021,2021,info@uqb.ac.id,Baik,2026-11-24,178 hari lagi kadaluarsa
Universitas Bhinneka PGRI,Arsitektur,S1,7,12747/SK/BAN-PT/Akred/S/XII/2021,2021,arsitektur@ubhi.ac.id,Baik,2026-12-01,Masih Berlaku
Institut Teknologi Sepuluh Nopember,Arsitektur,S1,PTN,12847/SK/BAN-PT/Ak-PPJ/S/XII/2021,2021,arsitektur@its.ac.id,A,2026-11-25,179 hari lagi kadaluarsa
Universitas Gunadarma,Arsitektur,S1,3,13442/SK/BAN-PT/AK-ISK/S/XII/2021,2021,mediacenter@gunadarma.ac.id,Unggul,2026-06-18,19 hari lagi kadaluarsa
Universitas Muhammadiyah Surakarta,Arsitektur,S1,6,13456/SK/BAN-PT/AK-ISK/S/XII/2021,2021,arsitektur@ums.ac.id,Unggul,2026-09-30,123 hari lagi kadaluarsa
Universitas Ekasakti,Arsitektur,S1,10,13831/SK/BAN-PT/Ak-PPJ/S/XII/2021,2021,puskom@univ-ekasakti-pdg.ac.id,B,2026-12-28,Masih Berlaku
Universitas Lancang Kuning,Arsitektur,S1,17,13847/SK/BAN-PT/Ak-PPJ/S/XII/2021,2021,arsitektur@unilak.ac.id,B,2026-12-28,Masih Berlaku
Universitas Sam Ratulangi,Arsitektur,S1,PTN,11709/SK/BAN-PT/Akred-PMT/S/X/2021,2021,sim_usr@unsrat.ac.id,Unggul,2026-10-19,142 hari lagi kadaluarsa
Sekolah Tinggi Arsitektur YKPN Yogyakarta,Gambar Arsitektur,D-III,5,6199/SK/BAN-PT/PEPA-Ppj/D3/IV/2025,2025,admin@starsykpn.ac.id,Baik,2030-04-14,Masih Berlaku
Universitas Muhammadiyah Aceh,Arsitektur,S1,13,6190/SK/BAN-PT/PEPA-Ppj/S/IV/2025,2026,prodi.arsitektur@unmuha.ac.id,Baik,2031-03-03,Masih Berlaku
Universitas Presiden,Arsitektur,S1,4,6082/SK/BAN-PT/Ak.P/S/III/2025,2025,arc@president.ac.id,Baik,2030-12-16,Masih Berlaku
Institut Seni Indonesia Surakarta,Arsitektur,S1,PTN,471/SK/BAN-PT/Ak.P/S/III/2025,2025,info@isi-ska.ac.id,Terakreditasi Sementara,2030-03-19,Masih Berlaku
Universitas Prima Indonesia,Arsitektur,S1,1,426/SK/BAN-PT/Ak/S/III/2025,2025,info@unprimdn.ac.id,Baik,2030-03-19,Masih Berlaku
Universitas Katolik Parahyangan,Ilmu Arsitektur,S3,4,455/SK/BAN-PT/Ak.Ppj/D/III/2025,2025,pasca@home.unpar.ac.id,Baik Sekali,2030-03-30,Masih Berlaku
Universitas Brawijaya,Arsitektur,S1,PTN,430/SK/BAN-PT/Ak.Ppj/S/III/2025,2025,arsftub@ub.ac.id,Unggul,2030-03-16,Masih Berlaku
Institut Sains Dan Teknologi Nasional,Arsitektur Lanskap,S1,3,390/SK/BAN-PT/Ak/S/III/2025,2025,info@istn.ac.id,Baik,2030-03-11,Masih Berlaku
Institut Sains Dan Teknologi Nasional,Arsitektur,S1,3,8216/SK/BAN-PT/Ak.KP/S/XI/2025,2025,fti@istn.ac.id,Baik Sekali,2030-03-19,Masih Berlaku
Universitas Kristen Duta Wacana,Arsitektur,S2,5,302/SK/BAN-PT/Ak/M/II/2025,2025,admin.mars@staff.ukdw.ac.id,Baik Sekali,2030-02-25,Masih Berlaku
Universitas Yapis Papua,Arsitektur,S1,14,317/SK/BAN-PT/Ak.P/S/II/2025,2025,arsitekturuniyap@gmail.com,Baik,2027-02-25,Masih Berlaku
Politeknik Negeri Sriwijaya,Arsitektur Bangunan Gedung,D-IV,PTN,141/SK/BAN-PT/Ak.P/STr/I/2025,2025,info@polsri.ac.id,Terakreditasi Sementara,2030-01-21,Masih Berlaku
Institut Teknologi Bandung,Arsitektur,S2,PTN,160/SK/BAN-PT/Ak.Ppj/M/I/2025,2025,sekres2@ar.itb.ac.id,Unggul,2030-01-31,Masih Berlaku
Institut Teknologi Bandung,Arsitektur,S1,PTN,159/SK/BAN-PT/Ak.Ppj/S/I/2025,2025,sekres2@ar.itb.ac.id,Unggul,2030-01-31,Masih Berlaku
Institut Teknologi Bacharuddin Jusuf Habibie,Arsitektur,S1,PTN,28/SK/BAN-PT/Ak.P/S/I/2025,2025,info@itbh.ac.id,Terakreditasi Sementara,2030-01-14,Masih Berlaku
Universitas Al Washliyah Darussalam Banda Aceh,Arsitektur,S1,13,78/SK/BAN-PT/Ak.P/S/I/2025,2025,unadabna@gmail.com,Terakreditasi Sementara,2030-01-14,Masih Berlaku
Universitas Madani,Arsitektur,S1,5,4/SK/BAN-PT/Ak.P/S/I/2025,2025,info@umad.ac.id,Terakreditasi Sementara,2030-01-14,Masih Berlaku
Universitas Sam Ratulangi,Arsitektur,S3,PTN,9/SK/BAN-PT/Ak.P/D/I/2025,2025,humas@unsrat.ac.id,Terakreditasi Sementara,2030-01-14,Masih Berlaku
Universitas Sebelas Maret,Arsitektur,S1,PTN,448/SK/BAN-PT/Ak.Ppj/S/III/2025,2025,arsitek.@uns.ac.id,Unggul,2030-04-02,Masih Berlaku
Universitas Borobudur,Arsitektur,S1,3,6225/SK/BAN-PT/Ak.S/S/IV/2025,2026,ft@borobudur.ac.id,Baik Sekali,2031-03-10,Masih Berlaku
Universitas Udayana,Arsitektur,S2,PTN,6241/SK/BAN-PT/Ak.KP/M/IV/2025,2025,pasca.arsitektur@ar.unud.ac.id,Unggul,2027-08-02,Masih Berlaku
Universitas Warmadewa,Arsitektur,S1,8,6213/SK/BAN-PT/Ak/S/IV/2025,2025,ft.ta@warmadewa.ac.id,Unggul,2030-04-22,Masih Berlaku
Universitas Muhammadiyah Bengkulu,Arsitektur,S1,2,6270/SK/BAN-PT/Ak.P/S/IV/2025,2025,arch.umb2022@gmail.com,Baik,2027-04-29,Masih Berlaku
Universitas Negeri Manado,Arsitektur,S1,PTN,6276/SK/BAN-PT/Ak.S/S/IV/2025,2025,humas@unima.ac.id,Baik,,Masih Berlaku
Universitas Tunas Pembangunan Surakarta (UTP),Arsitektur,S1,6,6311/SK/BAN-PT/Ak.Ppj/S/IV/2025,2025,arsitektur@utp.ac.id,B,2030-05-04,Masih Berlaku
Universitas Langlang Buana,Arsitektur,S1,4,6370/SK/BAN-PT/Ak.S/S/V/2025,2026,unlanet_kr@yahoo.co.id,Baik Sekali,2031-03-31,Masih Berlaku
Universitas Merdeka Malang,Arsitektur,S1,7,6362/SK/BAN-PT/Ak.KP/S/V/2025,2025,arsitektur@unmer.ac.id,Baik Sekali,2030-03-19,Masih Berlaku
Universitas Tribhuwana Tungga Dewi,Arsitektur Lanskap,S1,7,6556/SK/BAN-PT/Ak.S/S/V/2025,2026,landscape@unitri.ac.id,Baik Sekali,2031-02-03,Masih Berlaku
Universitas Pelita Harapan,Arsitektur,S1,3,6452/SK/BAN-PT/Ak/S/V/2025,2025,architecture@uph.edu,Baik Sekali,2030-05-14,Masih Berlaku
Universitas Islam Negeri Datokarama Palu,Arsitektur,S1,PTAN,6597/SK/BAN-PT/Ak.P/S/V/2025,2025,info@uindatokarama.ac.id,Baik,2027-05-15,Masih Berlaku
Institut Pertanian Bogor,Arsitektur Lanskap,S1,PTN,6645/SK/BAN-PT/Ak.KP/S/V/2025,2025,landscapearch@apps.ipb.ac.id,Unggul,2029-07-03,Masih Berlaku
Universitas Medan Area,Arsitektur,S1,1,6695/SK/BAN-PT/Ak.Ppj/S/V/2025,2025,arsitektur@uma.ac.id,Baik Sekali,2030-05-06,Masih Berlaku
Universitas Negeri Medan,Arsitektur,S1,PTN,6698/SK/BAN-PT/Ak/S/V/2025,2025,humas@unimed.ac.id,Baik,2030-05-27,Masih Berlaku
Universitas Islam Indonesia,Arsitektur,S1,5,6762/SK/BAN-PT/Ak.Ppj/S/VI/2025,2025,architecture@uii.ac.id,Unggul,2030-06-17,Masih Berlaku
Universitas Ubudiyah Indonesia,Arsitektur,S1,13,6809/SK/BAN-PT/Ak/S/VI/2025,2025,info@uui.ac.id,Baik,2030-06-14,Masih Berlaku
Universitas Lambung Mangkurat,Arsitektur,S2,PTN,2403/SK/BAN-PT/Ak.P/S2/IV/2025,2025,humas@ulm.ac.id,Terakreditasi Sementara,2030-04-22,Masih Berlaku
Universitas Indo Global Mandiri,Arsitektur,S1,2,6955/SK/BAN-PT/Ak/S1/VII/2025,2025,arsitektur@uigm.ac.id,Baik Sekali,2030-07-08,Masih Berlaku
Universitas Faletehan,Arsitektur (Kampus Kota Bandung),S1,4,7074/SK/BAN-PT/Ak.S/S1/VII/2025,2025,info@uf.ac.id,Baik,,Masih Berlaku
Universitas Madako Tolitoli,Arsitektur,S1,16,7078/SK/BAN-PT/Ak.Ppj/S1/VII/2025,2025,info@umada.ac.id,Baik,2030-07-22,Masih Berlaku
Universitas Diponegoro,Teknik Infrastruktur Sipil Dan Perancangan Arsitektur,D-IV,PTN,0647/SK/LAM Teknik/VST/VIII/2025,2025,pilar@live.undip.ac.id,Unggul,2030-08-20,Masih Berlaku
Universitas Gunadarma,Arsitektur (Kampus Kabupaten Penajam Paser Utara),S1,3,7128/SK/BAN-PT/Ak.P/S/VIII/2025,2026,mediacenter@gunadarma.ac.id,Baik,2031-05-26,Masih Berlaku
Universitas Subang,Arsitektur,S1,4,7124/SK/BAN-PT/Ak.S/S/VIII/2025,2025,info@unsub.ac.id,Baik,,Masih Berlaku
Universitas Hasanuddin,Ilmu Arsitektur,S3,PTN,7232/SK/BAN-PT/Ak.Ppj/D/VIII/2025,2025,info@unhas.ac.id,A,2030-07-22,Masih Berlaku
Institut Teknologi Adhi Tama Surabaya,Arsitektur,S1,7,7312/SK/BAN-PT/Ak.S/S/VIII/2025,2026,arsitektur.dept@itats.ac.id,Baik Sekali,2031-03-17,Masih Berlaku
Universitas Multimedia Nusantara Jakarta,Arsitektur,S1,3,7318/SK/BAN-PT/Ak/S/VIII/2025,2025,arsitektur.umn@umn.ac.id,B,2028-05-31,Masih Berlaku
Universitas Tridinanti,Arsitektur,S1,2,7507/SK/BAN-PT/Ak.S/S/IX/2025,2025,arsitektur@univ-tridinanti.ac.id,B,,Masih Berlaku
Universitas Islam Negeri Sulthan Thaha Saifuddin Jambi,Arsitektur,S1,PTAN,7464/SK/BAN-PT/Ak.P/S/IX/2025,2025,info@uinjambi.ac.id,Baik,2027-09-02,Masih Berlaku
Universitas Kristen Petra,Arsitektur,S1,7,7469/SK/BAN-PT/Ak.Ppj/S/IX/2025,2025,kj-ars@petra.ac.id,Unggul,2030-09-05,Masih Berlaku
Universitas Katolik Darma Cendika,Arsitektur,S1,7,7491/SK/BAN-PT/Ak.Ppj/S/IX/2025,2025,info@ukdc.ac.id,B,2030-09-05,Masih Berlaku
Universitas Krisnadwipayana,Arsitektur,S1,3,7515/SK/BAN-PT/Ak.S/S/IX/2025,2026,humas@unkris.ac.id,Baik Sekali,2031-03-10,Masih Berlaku
Universitas Lampung,Arsitektur,S1,PTN,7444/SK/BAN-PT/Ak/S/IX/2025,2025,humas@kpa.unila.ac.id,Baik Sekali,2030-09-02,Masih Berlaku
Universitas Jayabaya,Arsitektur,S1,3,7516/SK/BAN-PT/Ak.S/S/IX/2025,2025,ftspjaya@yahoo.co.id,B,,Masih Berlaku
Universitas Negeri Yogyakarta,Arsitektur,S1,PTN,7551/SK/BAN-PT/Ak.P/S/IX/2025,2025,humas@uny.ac.id,Baik,2027-09-09,Masih Berlaku
Institut Desain Dan Bisnis Bali,Arsitektur,S1,8,7129/SK/BAN-PT/Ak.P/S1/VIII/2025,2025,info@idbbali.ac.id,Terakreditasi Sementara,2030-08-25,Masih Berlaku
Politeknik Dewantara,Arsitektur Bangunan Gedung,D4,9,7138/SK/BAN-PT/Ak.P/D4/VIII/2025,2025,info@politeknikdewantara.ac.id,Terakreditasi Sementara,2030-08-25,Masih Berlaku
Universitas Klabat,Arsitektur,S1,16,7169/SK/BAN-PT/Ak.P/2.0/S1/IX/2025,2025,info@unklab.ac.id,Terakreditasi Sementara,2030-09-09,Masih Berlaku
Universitas Kristen Indonesia Tomohon,Arsitektur,S1,16,7610/SK/BAN-PT/Ak/S/IX/2025,2025,ukit.gmim@gmail.com,Baik,2030-09-16,Masih Berlaku
Politeknik Negeri Pontianak,Arsitektur,D-III,PTN,7796/SK/BAN-PT/Ak.S/D3/X/2025,2025,kampus@polnep.ac.id,B,2031-06-17,Masih Berlaku
Universitas Islam Negeri Sunan Kalijaga,Arsitektur,S1,PTAN,7746/SK/BAN-PT/Ak.S/S/X/2025,2025,humas@uin-suka.ac.id,Baik,2031-06-09,Masih Berlaku
Universitas Muhammadiyah Kendari,Arsitektur,S1,9,7824/SK/BAN-PT/PEPA-Ppj/S/X/2025,2025,unismuh_kdi@yahoo.com,Baik,2030-10-06,Masih Berlaku
Universitas Wijayakusuma Purwokerto,Arsitektur,S1,6,7901/SK/BAN-PT/PEPA-Ppj/S/X/2025,2025,info@unwiku.ac.id,Baik,2030-10-07,Masih Berlaku
Universitas Nahdlatul Ulama Sulawesi Tenggara,Teknik Arsitektur,S1,9,7873/SK/BAN-PT/Ak.S/S/X/2025,2025,info@unusultra.ac.id,Baik,2030-12-18,Masih Berlaku
Universitas 17 Agustus 1945 Surabaya,Arsitektur,S1,7,7908/SK/BAN-PT/PEPA-Ppj/S/X/2025,2025,arsitektur@untag-sby.ac.id,Baik Sekali,2030-10-07,Masih Berlaku
Universitas Udayana,Arsitektur Lanskap,S1,PTN,8027/SK/BAN-PT/Ak-PNB/S/X/2025,2025,info@unud.ac.id,B,2029-03-06,Masih Berlaku
Universitas Winaya Mukti,Arsitektur,S1,4,8118/SK/BAN-PT/Ak.S/S/X/2025,2025,arsitektur@unwim.ac.id,Baik,,Masih Berlaku
Universitas Ngurah Rai,Arsitektur,S1,8,8109/SK/BAN-PT/Ak.S/S/X/2025,2026,ft@unr.ac.id,Baik Sekali,2031-03-17,Masih Berlaku
Universitas Komputer Indonesia,Teknik Arsitektur,S1,4,8092/SK/BAN-PT/Ak/S/X/2025,2025,arsitektur@email.unikom.ac.id,Baik Sekali,2030-10-28,Masih Berlaku
Universitas Islam Negeri Alauddin Makassar,Teknik Arsitektur,S1,PTAN,8222/SK/BAN-PT/Ak.Ppj/S/XI/2025,2025,wasilah.sahabuddin@yahoo.com,A,2030-10-28,Masih Berlaku
Universitas Sam Ratulangi,Arsitektur,S2,PTN,8232/SK/BAN-PT/Ak.Ppj/M/XI/2025,2025,humas@unsrat.ac.id,B,2030-11-18,Masih Berlaku
Universitas Tarumanagara,Arsitektur,S1,3,8219/SK/BAN-PT/Ak.Ppj/S/XI/2025,2025,prodi.s1ars@ft.untar.ac.id,A,2030-06-10,Masih Berlaku
Universitas Trisakti,Arsitektur,S2,3,8175/SK/BAN-PT/Ak/M/XI/2025,2025,mars@pasca.trisakti.ac.id,Unggul,2030-11-03,Masih Berlaku
Universitas Muhammadiyah Semarang,Arsitektur,S1,6,8340/SK/BAN-PT/Ak/S/XI/2025,2025,arsitektur@unimus.ac.id,Baik,2030-11-18,Masih Berlaku
Universitas Negeri Gorontalo,Arsitektur Bangunan Gedung,D-IV,PTN,8339/SK/BAN-PT/Ak/STr/XI/2025,2025,info@ung.ac.id,Baik,2030-11-18,Masih Berlaku
Universitas Persatuan Guru Republik Indonesia Semarang,Arsitektur,S1,6,8396/SK/BAN-PT/Ak.Ppj/S/XI/2025,2025,upgris@upgris.ac.id,Baik Sekali,2030-11-26,Masih Berlaku
Universitas Palangka Raya,Arsitektur,S1,PTN,8449/SK/BAN-PT/Ak.KP/S/XII/2025,2025,dapoe_emel@yahoo.com,Baik Sekali,2029-04-17,Masih Berlaku
Universitas Gunadarma,Arsitektur,S2,3,8496/SK/BAN-PT/Ak.Ppj/M/XII/2025,2025,mediacenter@gunadarma.ac.id,Baik,2030-12-09,Masih Berlaku
Universitas Negeri Surabaya,Arsitektur Bangunan Gedung,D4,PTN,087/SK/BAN-PT/Ak.P/2.0/D4/XII/2025,2025,info@unesa.ac.id,Terakreditasi Pertama,2027-12-02,Masih Berlaku
Universitas Trisakti,Arsitektur Lansekap,S1,3,6079/SK/BAN-PT/Ak.Ppj/S/X/2024,2025,faltl@trisakti.ac.id,Baik Sekali,2029-10-17,Masih Berlaku
Institut Pertanian Bogor,Arsitektur Lanskap,S2,PTN,121/SK/BAN-PT/Ak.Ppj/M/I/2024,2024,arsitekturlanskaps2@apps.ipb.ac.id,Unggul,2029-01-17,Masih Berlaku
Universitas Pendidikan Indonesia,Arsitektur,S1,PTN,250/SK/BAN-PT/PEPA-Ppj/S/I/2024,2026,ps_arsitektur@upi.edu,Unggul,2031-02-24,Masih Berlaku
Universitas Bung Hatta,Arsitektur,S2,10,241/SK/BAN-PT/PEPA-Ppj/M/I/2024,2024,magisterarsitekturubh@yahoo.com,Baik,2028-12-20,Masih Berlaku
Universitas Muslim Indonesia,Arsitektur,S1,9,305/SK/BAN-PT/PEPA-Ppj/S/I/2024,2024,architecture@uii.ac.id,Baik,2028-09-14,Masih Berlaku
Universitas Katolik Santo Thomas,Arsitektur,S1,1,944/SK/BAN-PT/Ak.Ppj/S/III/2024,2024,info@ust.ac.id,B,2029-03-14,Masih Berlaku
Universitas Muhammadiyah Surabaya,Arsitektur,S1,7,740/SK/BAN-PT/Ak/S/III/2024,2024,umsurabaya@yahoo.com,Baik Sekali,2029-03-13,Masih Berlaku
Universitas Pembangunan Panca Budi,Arsitektur,S1,1,735/SK/BAN-PT/Ak/S/III/2024,2024,admin_ft@pancabudi.org,Baik Sekali,2029-03-13,Masih Berlaku
Sekolah Tinggi Arsitektur YKPN Yogyakarta,Arsitektur,S1,5,725/SK/BAN-PT/Ak/S/III/2024,2024,admin@starsykpn.ac.id,Baik,2029-03-05,Masih Berlaku
Universitas Negeri Semarang,Teknik Arsitektur,S1,PTN,605/SK/BAN-PT/Ak/S/II/2024,2024,arsitektur@mail.unnes.ac.id,Baik Sekali,2029-02-27,Masih Berlaku
Universitas Tanri Abeng,Arsitektur,S1,3,608/SK/BAN-PT/PEPA-Ppj/S/II/2024,2024,info@tau.ac.id,Baik,2029-02-27,Masih Berlaku
Institut Teknologi Dan Bisnis Ahmad Dahlan Lamongan,Arsitektur,S1,7,339/SK/BAN-PT/Ak/S/II/2024,2024,info@itbad.ac.id,Baik,2029-02-06,Masih Berlaku
Universitas Sriwijaya,Arsitektur,S1,PTN,462/SK/BAN-PT/PEPA-Ppj/S/II/2024,2024,humas@unsri.ac.id,B,2028-09-26,Masih Berlaku
Universitas Tadulako,Arsitektur,S2,PTN,439/SK/BAN-PT/Ak.P/M/II/2024,2024,humas@untad.ac.id,Terakreditasi Sementara,2029-02-20,Masih Berlaku
Universitas Trisakti,Arsitektur,S3,3,6955/SK/BAN-PT/Ak.P/D/XII/2024,2024,humas@trisakti.ac.id,Baik,2026-12-02,Masih Berlaku
Universitas Muhammadiyah Banjarmasin,Arsitektur,S1,11,6928/SK/BAN-PT/Ak.Ppj/S/XI/2024,2024,info@umbjm.ac.id,B,2029-08-14,Masih Berlaku
Universitas Indonesia,Arsitektur,S2,PTN,6741/SK/BAN-PT/Ak.KP/M/XI/2024,2024,arsitektur@eng.ui.ac.id,Unggul,2029-03-13,Masih Berlaku
Universitas Lambung Mangkurat,Arsitektur,S1,PTN,6700/SK/BAN-PT/Ak/S/XI/2024,2024,prodiarsitektur@ulm.ac.id,Baik Sekali,2029-11-12,Masih Berlaku
Universitas Trisakti,Arsitektur,S1,3,6730/SK/BAN-PT/Ak.KP/S/XI/2024,2024,ftsp@trisakti.ac.id,Unggul,2029-09-04,Masih Berlaku
Universitas Katolik Widya Mandira Kupang,Arsitektur,S1,15,6536/SK/BAN-PT/Ak/S/XI/2024,2024,info@unwira.ac.id,Baik,2029-11-05,Masih Berlaku
Universitas Katolik Parahyangan,Arsitektur,S1,4,6525/SK/BAN-PT/Ak.Ppj/S/X/2024,2024,fteknik@home.unpar.ac.id,Unggul,2029-11-13,Masih Berlaku
Universitas Kaltara,Arsitektur,S1,11,6320/SK/BAN-PT/Ak/S/X/2024,2024,arsitekturunikaltar@gmail.com,Baik,2029-10-19,Masih Berlaku
Universitas Muhammadiyah Jakarta,Arsitektur,S1,3,6406/SK/BAN-PT/PEPA-Ppj/S/X/2024,2024,arsitektur@ftumj.ac.id,Baik Sekali,2029-10-19,Masih Berlaku
Universitas Atma Jaya Yogyakarta,Arsitektur,S1,5,6078/SK/BAN-PT/Ak.Ppj/S/X/2024,2024,prodi.arsitektur@uajy.ac.id,A,2029-10-16,Masih Berlaku
Politeknik Negeri Samarinda,Arsitektur Bangunan Gedung,D-IV,PTN,6028/SK/BAN-PT/Ak/STr/IX/2024,2024,humas@polnes.ac.id,Baik,2029-09-24,Masih Berlaku
Universitas Udayana,Arsitektur,S1,PTN,6025/SK/BAN-PT/Ak.Ppj/S/IX/2024,2024,arsitektur.ft@unud.ac.id,Unggul,2029-09-19,Masih Berlaku
Universitas Mercu Buana,Arsitektur,S1,3,4723/SK/BAN-PT/Ak/S/VI/2024,2024,umb@mercubuana.ac.id,Baik Sekali,2029-06-25,Masih Berlaku
Universitas Katolik Soegijapranata,Arsitektur,S1,6,4762/SK/BAN-PT/Ak.Ppj/S/VI/2024,2024,arsitektur@unika.ac.id,Unggul,2029-07-10,Masih Berlaku
Institut Teknologi Sepuluh Nopember,Ilmu Arsitektur,S3,PTN,4751/SK/BAN-PT/PEPA-Ppj/D/VI/2024,2026,arsitektur@its.ac.id,Unggul,2031-01-13,Masih Berlaku
Universitas Gadjah Mada,Arsitektur,S2,PTN,5912/SK/BAN-PT/Ak.KP/M/IX/2024,2024,info@ugm.ac.id,Unggul,2027-06-20,Masih Berlaku
Universitas Atma Jaya Yogyakarta,Arsitektur,S3,5,5692/SK/BAN-PT/Ak.P/D/VIII/2024,2024,humas@uajy.ac.id,Baik,2026-08-27,89 hari lagi kadaluarsa
Universitas Islam Negeri Ar-Raniry Banda Aceh,Arsitektur,S1,PTAN,5599/SK/BAN-PT/Ak.KP/S/VIII/2024,2026,info@ar-raniry.ac.id,Baik Sekali,,Masih Berlaku
Institut Teknologi Bandung,Arsitektur Lanskap,S2,PTN,5684/SK/BAN-PT/PEPA-Ppj/M/VIII/2024,2024,humas@itb.ac.id,Baik Sekali,2029-08-27,Masih Berlaku
Universitas Indonesia,Arsitektur,S3,PTN,5547/SK/BAN-PT/Ak.KP/D/VIII/2024,2024,arsitektur@eng.ui.ac.id,Unggul,2028-06-27,Masih Berlaku
Universitas Amikom Yogyakarta,Arsitektur,S1,5,5498/SK/BAN-PT/Ak/S/VIII/2024,2024,humas@amikom.ac.id,Baik Sekali,2029-08-19,Masih Berlaku
Universitas Indraprasta PGRI,Arsitektur,S1,3,5503/SK/BAN-PT/Ak/S/VIII/2024,2024,kampus@unindra.ac.id,Baik,2029-08-19,Masih Berlaku
Universitas Kristen Duta Wacana,Arsitektur,S1,5,5548/SK/BAN-PT/Ak.KP/S/VIII/2024,2025,fad@staff.ukdw.ac.id,Unggul,2030-12-31,Masih Berlaku
Universitas Pancasila,Arsitektur,S1,3,5452/SK/BAN-PT/Ak.KP/S/VIII/2024,2026,ars.ftup@univpancasila.ac.id,Unggul,2031-03-07,Masih Berlaku
Institut Teknologi Nasional Malang,Arsitektur,S1,7,5484/SK/BAN-PT/Ak.KP/S/VIII/2024,2024,arsitektur-s1@itn.ac.id,Baik Sekali,2028-05-31,Masih Berlaku
Universitas Sebelas Maret,Arsitektur,S2,PTN,5349/SK/BAN-PT/Ak/M/VIII/2024,2024,s2arsitektur@ft.uns.ac.id,Baik Sekali,2029-08-13,Masih Berlaku
Universitas Pelita Bangsa,Arsitektur,S1,4,5346/SK/BAN-PT/Ak/S/VIII/2024,2024,arsitektur@pelitabangsa.ac.id,Baik,2029-08-13,Masih Berlaku
Universitas Almuslim,Arsitektur,S1,13,5380/SK/BAN-PT/Ak.Ppj/S/VIII/2024,2024,info@almuslim.ac.id,Baik,2029-08-21,Masih Berlaku
Universitas Widya Kartika,Arsitektur,S1,7,5369/SK/BAN-PT/Ak.Ppj/S/VIII/2024,2024,info@widyakartika.ac.id,B,2029-08-21,Masih Berlaku
Universitas Bengkulu,Arsitektur,S1,PTN,5133/SK/BAN-PT/Ak.Ppj/S/VII/2024,2024,humas@unib.ac.id,B,2029-08-07,Masih Berlaku
Universitas Pradita,Arsitektur,S1,3,5079/SK/BAN-PT/Ak/S/VII/2024,2024,info@pradita.ac.id,Baik,2029-07-23,Masih Berlaku
Universitas Syiah Kuala,Arsitektur,S1,PTN,5173/SK/BAN-PT/PEPA-Ppj/S/VII/2024,2024,arsitektur@unsyiah.ac.id,Baik Sekali,2029-07-30,Masih Berlaku
Universitas 17 Agustus 1945 Surabaya,Arsitektur,S2,7,4616/SK/BAN-PT/Ak.P/M/VI/2024,2024,marsitektur@untag-sby.ac.id,Terakreditasi Sementara,2029-06-11,Masih Berlaku
Institut Teknologi Sumatera,Arsitektur,S1,PTN,6059/SK/BAN-PT/Ak/S/X/2024,2024,ar@itera.ac.id,Baik Sekali,2029-10-03,Masih Berlaku
Universitas Negeri Malang,Arsitektur,S1,PTN,4912/SK/BAN-PT/Ak.P/S/VII/2024,2024,humas@um.ac.id,Terakreditasi Sementara,2029-07-09,Masih Berlaku
Universitas Gorontalo,Arsitektur,S1,16,4884/SK/BAN-PT/Ak/S/VII/2024,2024,universitas_gorontalo@yahoo.co.id,Baik,2029-07-09,Masih Berlaku
Universitas Bangka Belitung,Arsitektur,S1,PTN,4938/SK/BAN-PT/Ak/S/VII/2024,2024,info@ubb.ac.id,Baik,2029-07-15,Masih Berlaku
Universitas Mercu Buana,Arsitektur,S2,3,4602/SK/BAN-PT/Ak.P/M/VI/2024,2024,umb@mercubuana.ac.id,Terakreditasi Sementara,2029-06-06,Masih Berlaku
Institut Teknologi Indonesia,Arsitektur,S1,3,4295/SK/BAN-PT/Ak.KP/S/V/2024,2024,info@iti.ac.id,Baik Sekali,2026-10-21,144 hari lagi kadaluarsa
Universitas Mahakarya Asia,Arsitektur,S1,5,4370/SK/BAN-PT/Ak/S/V/2024,2024,akademik@unmaha.ac.id,Baik,2029-05-21,Masih Berlaku
Universitas Bung Hatta,Arsitektur,S1,10,4215/SK/BAN-PT/Ak.KP/S/V/2024,2024,humas@bunghatta.ac.id,Baik Sekali,2028-07-25,Masih Berlaku
Universitas Gadjah Mada,Arsitektur,S3,PTN,4290/SK/BAN-PT/Ak.KP/D/V/2024,2024,info@ugm.ac.id,Unggul,2027-07-05,Masih Berlaku
Universitas Tarumanagara,Arsitektur,S2,3,4310/SK/BAN-PT/Ak.KP/M/V/2024,2024,prodi.s2ars@ft.untar.ac.id,Baik Sekali,2026-11-25,179 hari lagi kadaluarsa
Universitas Islam Indonesia,Arsitektur,S2,5,4309/SK/BAN-PT/Ak.KP/M/V/2024,2024,architecture@uii.ac.id,Baik Sekali,2029-05-22,Masih Berlaku
Universitas Katolik Musi Charitas,Arsitektur,S1,2,4080/SK/BAN-PT/Ak-PNB/S/V/2024,2024,rektorat@ukmc.ac.id,Baik,2029-04-16,Masih Berlaku
Universitas Muhammadiyah Palembang,Arsitektur,S1,2,4022/SK/BAN-PT/Ak.Ppj/S/V/2024,2024,tek_arsitektur@plasa.com,B,2029-05-15,Masih Berlaku
Universitas Sains Alqur An,Arsitektur,S1,6,3840/SK/BAN-PT/Ak.Ppj/S/IV/2024,2024,arsitektur@unsiq.ac.id,A,2029-04-24,Masih Berlaku
Universitas Merdeka Malang,Arsitektur,S2,7,3820/SK/BAN-PT/Ak.Ppj/M/IV/2024,2025,magister.arsitektur@unmer.ac.id,Baik Sekali,2029-04-24,Masih Berlaku
Universitas Aisyiyah Yogyakarta,Arsitektur,S1,5,1214/SK/BAN-PT/Ak.Ppj/S/IV/2024,2024,info@unisayogya.ac.id,B,2029-04-10,Masih Berlaku
Universitas Khairun,Arsitektur,S1,PTN,1101/SK/BAN-PT/Ak/S/IV/2024,2024,admin@unkhair.ac.id,Baik Sekali,2029-04-02,Masih Berlaku
Universitas 17 Agustus 1945 Samarinda,Arsitektur,S1,11,1141/SK/BAN-PT/Ak/S/IV/2024,2024,arsitektur@untag-smd.ac.id,Baik,2029-04-02,Masih Berlaku
Universitas Satyagama,Arsitektur,S1,3,1102/SK/BAN-PT/Ak/S/IV/2024,2024,info@satyagama.ac.id,Baik,2029-04-02,Masih Berlaku
Universitas Surakarta,Arsitektur,S1,6,1205/SK/BAN-PT/Ak.Ppj/S/IV/2024,2024,arsitektur.unsa@gmail.com,B,2029-04-10,Masih Berlaku
Sekolah Tinggi Teknik Multimedia Internasional Malang,Arsitektur,S1,7,1077/SK/BAN-PT/Ak-PNB/S/III/2024,2024,info@sttm-malang.ac.id,Baik,2028-11-14,Masih Berlaku
Universitas Gadjah Mada,Arsitektur,S1,PTN,678/SK/BAN-PT/Ak.Ppj/S/III/2023,2023,archiplan@ugm.ac.id,Unggul,2028-01-31,Masih Berlaku
Universitas Halu Oleo,Arsitektur,S1,PTN,189/SK/BAN-PT/Ak.Ppj/S/I/2023,2025,humas@uho.ac.id,Baik Sekali,2027-08-16,Masih Berlaku
Universitas Bosowa,Arsitektur,S1,9,480/SK/BAN-PT/Ak.Ppj/S/II/2023,2023,info@universitasbosowa.ac.id,B,2027-09-13,Masih Berlaku
Universitas Mataram,Arsitektur,S1,PTN,438/SK/BAN-PT/Ak/S/II/2023,2023,rektorat@unram.ac.id,Baik,2028-02-14,Masih Berlaku
Universitas Brawijaya,Arsitektur Lingkungan Binaan,S2,PTN,918/SK/BAN-PT/Ak.Ppj/M/III/2023,2023,humas@ub.ac.id,Unggul,2028-03-28,Masih Berlaku
Universitas Bung Karno,Arsitektur,S1,3,1037/SK/BAN-PT/Ak.Ppj/S/III/2023,2023,info@ubk.ac.id,B,2028-04-04,Masih Berlaku
Institut Teknologi Nasional Bandung,Arsitektur,S1,4,1752/SK/BAN-PT/Ak.Ppj/S/V/2023,2026,humas@itenas.ac.id,Unggul,2031-01-13,Masih Berlaku
Universitas Muhammadiyah Makassar,Arsitektur,S1,9,1839/SK/BAN-PT/Ak/S/V/2023,2023,info@unismuh.ac.id,Unggul,2028-05-17,Masih Berlaku
Universitas Pembangunan Nasional Veteran Jawa Timur,Arsitektur,S1,PTN,1955/SK/BAN-PT/Ak.Ppj/S/V/2023,2023,arsitektur.upn.jatim@gmail.com,B,2028-06-07,Masih Berlaku
Universitas PGRI Yogyakarta,Arsitektur,S1,5,1876/SK/BAN-PT/Ak/S/V/2023,2023,info@upy.ac.id,Baik,2028-05-23,Masih Berlaku
Universitas Pohuwato,Arsitektur,S1,16,2077/SK/BAN-PT/Ak/S/VI/2023,2023,info@unipo.ac.id,Baik,2028-06-06,Masih Berlaku
Universitas Indonesia,Arsitektur Interior,S1,PTN,2507/SK/BAN-PT/Ak.Ppj/S/VI/2023,2023,arsitektur@eng.ui.ac.id,Unggul,2028-07-11,Masih Berlaku
Institut Teknologi Sepuluh Nopember,Arsitektur,S2,PTN,2626/SK/BAN-PT/Ak.Ppj/M/VII/2023,2023,arsitektur@its.ac.id,A,2028-07-18,Masih Berlaku
Universitas Diponegoro,Arsitektur,S2,PTN,2676/SK/BAN-PT/Akred-Itnl/M/VII/2023,2023,mtaundip94@yahoo.com,Unggul,2027-09-30,Masih Berlaku
Universitas Sains Dan Teknologi Jayapura,Arsitektur,S1,14,2600/SK/BAN-PT/Ak.KP/S/VII/2023,2023,arsitektur.ustj@yahoo.com,Baik Sekali,2027-06-21,Masih Berlaku
Sekolah Tinggi Teknologi Cirebon,Arsitektur,S1,4,2682/SK/BAN-PT/Ak/S/VII/2023,2023,info@sttcirebon.ac.id,Baik,2028-07-11,Masih Berlaku
Universitas Diponegoro,Arsitektur,S1,PTN,2880/SK/BAN-PT/Akred-Itnl/S/VII/2023,2023,humas@live.undip.ac.id,Unggul,2027-09-30,Masih Berlaku
Institut Teknologi Budi Utomo,Arsitektur,S1,3,2913/SK/BAN-PT/Ak/S/VII/2023,2023,info@itbu.ac.id,Baik,2028-07-25,Masih Berlaku
Universitas Bumi Hijrah Tidore,Arsitektur,S1,12,3137/SK/BAN-PT/Ak/S/VIII/2023,2023,info@unibuh.ac.id,Baik,2028-08-08,Masih Berlaku
Universitas Adiwangsa Jambi,Arsitektur,S1,10,3221/SK/BAN-PT/Ak/S/VIII/2023,2023,arsitektur@unaja.ac.id,Baik,2028-08-15,Masih Berlaku
Universitas Kebangsaan Republik Indonesia,Arsitektur,S1,4,3204/SK/BAN-PT/Ak/S/VIII/2023,2023,ftsp@ukri.ac.id,Baik Sekali,2028-08-15,Masih Berlaku
Universitas Katolik Soegijapranata,Arsitektur,S3,6,3280/SK/BAN-PT/Ak/D/VIII/2023,2023,psda@unika.ac.id,Baik,2028-08-22,Masih Berlaku
Institut Teknologi Dan Bisnis Ahmad Dahlan,Arsitektur,S1,3,3533/SK/BAN-PT/Ak/S/IX/2023,2023,info@itbad.ac.id,Baik,2028-09-05,Masih Berlaku
Universitas Pembangunan Jaya,Arsitektur,S1,4,3929/SK/BAN-PT/Ak.KP/S/X/2023,2023,info@upj.ac.id,Baik Sekali,2027-12-13,Masih Berlaku
Universitas Riau,Arsitektur,S1,PTN,4035/SK/BAN-PT/Ak/S/X/2023,2023,arsitektur@unri.ac.id,Baik Sekali,2028-10-10,Masih Berlaku
Universitas Pendidikan Mandalika,Arsitektur,D-III,8,4134/SK/BAN-PT/Ak.Ppj/D3/X/2023,2023,info@undikma.ac.id,Baik,2027-07-12,Masih Berlaku
Universitas Dwijendra,Arsitektur,S1,8,4174/SK/BAN-PT/Ak.KP/S/X/2023,2023,arsitekturdwijendra@gmail.com,Baik Sekali,2028-01-04,Masih Berlaku
Universitas Ciputra Surabaya,Arsitektur,S1,7,4275/SK/BAN-PT/Ak.Ppj/S/X/2023,2026,info@ciputra.ac.id,Unggul,2031-05-05,Masih Berlaku
Universitas Tanjungpura,Arsitektur,S1,PTN,4195/SK/BAN-PT/Ak.KP/S/X/2023,2023,architecture@untan.ac.id,Baik Sekali,2027-12-28,Masih Berlaku
Universitas Mulawarman,Arsitektur,S1,PTN,4220/SK/BAN-PT/Ak/S/X/2023,2023,humas@unmul.ac.id,Baik,2028-10-17,Masih Berlaku
Institut Teknologi Bandung,Arsitektur,S3,PTN,4368/SK/BAN-PT/Ak.Ppj/D/X/2023,2023,sekres2@ar.itb.ac.id,Unggul,2028-10-24,Masih Berlaku
Sekolah Tinggi Teknik Malang,Arsitektur,S1,7,4763/SK/BAN-PT/Ak/S/XI/2023,2023,stt@stt.ac.id,Baik,2028-11-14,Masih Berlaku
Universitas Musamus Merauke,Arsitektur,S1,PTN,4700/SK/BAN-PT/Ak/S/XI/2023,2023,arsitek@unmus.ac.id,Baik Sekali,2028-11-14,Masih Berlaku
Universitas Citra Bangsa,Arsitektur,S1,15,4821/SK/BAN-PT/Ak/S/XI/2023,2023,info@ucb.ac.id,Baik,2028-11-21,Masih Berlaku
Universitas Bandar Lampung,Arsitektur,S1,2,4930/SK/BAN-PT/Ak.KP/S/XI/2023,2023,arsitektur@ubl.ac.id,Baik Sekali,2028-03-28,Masih Berlaku
Universitas Tadulako,Arsitektur,S1,PTN,4958/SK/BAN-PT/Ak.KP/S/XI/2023,2023,humas@untad.ac.id,Baik Sekali,2028-06-27,Masih Berlaku
Universitas Kristen Indonesia,Arsitektur,S2,3,5135/SK/BAN-PT/Ak.Ppj/M/XII/2023,2023,pps-mih@uki.ac.id,Baik Sekali,2028-12-20,Masih Berlaku
Universitas Kristen Petra,Arsitektur,S2,7,5272/SK/BAN-PT/Ak.Ppj/M/XII/2023,2023,info@petra.ac.id,B,2028-12-29,Masih Berlaku
Politeknik Negeri Samarinda,Arsitektur,D-III,PTN,5306/SK/BAN-PT/PEPA-Ppj/D3/XII/2023,2023,humas@polnes.ac.id,Baik,2028-12-07,Masih Berlaku
Universitas Riau Kepulauan,Arsitektur,S1,17,5336/SK/BAN-PT/PEPA-Ppj/S/XII/2023,2023,ft_unrika@yahoo.com,Baik,2028-10-03,Masih Berlaku
Universitas Balikpapan,Arsitektur,S1,11,979/SK/BAN-PT/PB-PS/S/II/2022,2022,arsitektur@uniba-bpn.ac.id,Baik,2026-06-01,2 hari lagi kadaluarsa
Universitas Tompotika Luwuk Banggai,Arsitektur,S1,16,1168/SK/BAN-PT/Akred/S/II/2022,2022,info@untika.ac.id,Baik,2027-02-22,Masih Berlaku
Universitas Flores,Arsitektur,S1,15,1571/SK/BAN-PT/Ak-PPJ/S/III/2022,2022,ars_uniflor@yahoo.co.id,B,2026-08-19,81 hari lagi kadaluarsa
Universitas Ichsan Sidenreng Rappang,Arsitektur,S1,9,1589/SK/BAN-PT/PB-PS/S/III/2022,2022,info@unisan.ac.id,Baik,2026-12-28,Masih Berlaku
Universitas Islam Negeri Maulana Malik Ibrahim Malang,Teknik Arsitektur,S1,PTAN,1716/SK/BAN-PT/Ak-PPJ/S/III/2022,2022,info@uin-malang.ac.id,B,2027-03-30,Masih Berlaku
Institut Teknologi Bandung,Ilmu Seni Rupa Dan Desain,S3,PTN,6201/SK/BAN-PT/PEPA-Ppj/D/IV/2025,2025,fsrditb@yahoo.com,B,2030-04-14,Masih Berlaku
Universitas Cendekia Mitra Indonesia,Desain Komunikasi Visual,S1,5,6063/SK/BAN-PT/Ak.P/S/III/2025,2025,info@unicimi.ac.id,Baik,2027-03-25,Masih Berlaku
Universitas Pertiwi,Desain Komunikasi Visual,S1,4,6066/SK/BAN-PT/Ak.P/S/III/2025,2026,marketing@pertiwi.ac.id,Baik,2031-01-13,Masih Berlaku
Universitas Internasional Jakarta,Desain Komunikasi Visual,S1,4,316/SK/BAN-PT/Ak.P/S/II/2025,2025,official@jiu.ac,Baik,2030-12-16,Masih Berlaku
Institut Seni Indonesia Yogyakarta,Desain Mode Kriya Batik,D-IV,PTN,339/SK/BAN-PT/Ak.S/STr/II/2025,2026,arts@isi.ac.id,Baik,2031-03-03,Masih Berlaku
Universitas Sains Indonesia,Desain Grafis,S1,4,237/SK/BAN-PT/Ak-PNB/S/II/2025,2026,info@usi.ac.id,Baik,2027-04-07,Masih Berlaku
Universitas Muhammadiyah Tegal,Desain Produk,D-III,6,53/SK/BAN-PT/Ak.P/D3/I/2025,2025,info@umtegal.ac.id,Terakreditasi Sementara,2030-01-14,Masih Berlaku
Institut Seni Indonesia Denpasar,Desain,S3,PTN,35/SK/BAN-PT/Ak.P/D/I/2025,2025,humas@isi-dps.ac.id,Terakreditasi Sementara,2030-01-14,Masih Berlaku
Institut Modern Arsitektur Dan Teknologi,Desain Komunikasi Visual,S1,1,19/SK/BAN-PT/Ak.P/S/I/2025,2025,info@imat.ac.id,Terakreditasi Sementara,2030-01-14,Masih Berlaku
Universitas Ciputra Surabaya,Desain Komunikasi Visual,S1,7,6242/SK/BAN-PT/Ak.KP/S/IV/2025,2025,info@ciputra.ac.id,Unggul,2030-12-14,Masih Berlaku
Universitas Kristen Petra,Desain Komunikasi Visual,S1,7,6246/SK/BAN-PT/Ak.KP/S/IV/2025,2025,kj-dkv@petra.ac.id,Unggul,2030-04-08,Masih Berlaku
Universitas Bina Nusantara,Desain Komunikasi Visual (Kampus Kota Semarang),S1,3,6274/SK/BAN-PT/Ak.P/S/IV/2025,2026,nudin@binus.edu,Baik,2031-01-13,Masih Berlaku
Universitas Telkom,Desain Komunikasi Visual,S1,4,6298/SK/BAN-PT/Ak.KP/S/IV/2025,2025,info@telkomuniversity.ac.id,Unggul,2027-11-08,Masih Berlaku
Universitas Katolik Soegijapranata,Desain Komunikasi Visual,S1,6,6299/SK/BAN-PT/Ak.KP/S/IV/2025,2025,unika@unika.ac.id,Baik Sekali,2026-06-18,19 hari lagi kadaluarsa
Universitas Telkom,Desain Produk,S1,4,6343/SK/BAN-PT/Ak.KP/S/V/2025,2025,info@talkomuniversity.ac.id,Unggul,2028-03-28,Masih Berlaku
Universitas Informatika Dan Bisnis Indonesia,Desain Komunikasi Visual,S1,4,6407/SK/BAN-PT/Ak.Ppj/S/V/2025,2025,e_unibi@unibi.ac.id,B,2030-05-06,Masih Berlaku
Universitas Kristen Petra,Desain Interior,S1,7,6336/SK/BAN-PT/Ak.KP/S/V/2025,2025,kj-intrr@petra.ac.id,Unggul,2029-10-16,Masih Berlaku
Universitas Komputer Indonesia,Desain,S2,4,6514/SK/BAN-PT/Ak.KP/M/V/2025,2025,infopasca-mds@unikom.ac.id,Baik Sekali,2027-01-27,Masih Berlaku
Universitas Surabaya,Desain Produk,S1,7,6469/SK/BAN-PT/Ak.KP/S/V/2025,2025,fik@ubaya.ac,Unggul,2029-11-13,Masih Berlaku
Politeknik Kreatif Indonesia,Desain Mode,D-IV,3,6733/SK/BAN-PT/Ak/STr/VI/2025,2025,info@cpi.ac.id,Baik,2030-06-04,Masih Berlaku
Universitas Widyatama,Desain Grafis,D-IV,4,6825/SK/BAN-PT/PEPA-Ppj/STr/VI/2025,2025,fdkv@widyatama.ac.id,B,2030-06-14,Masih Berlaku
Universitas Wiraraja,Desain Komunikasi Visual,S1,7,6772/SK/BAN-PT/Ak.P/S/VI/2025,2026,humas@wiraraja.ac.id,Baik,2031-01-13,Masih Berlaku
Universitas PGRI Silampari,Desain Komunikasi Visual,S1,2,6801/SK/BAN-PT/Ak/S/VI/2025,2025,info@unpari.ac.id,Baik,2030-06-14,Masih Berlaku
Universitas Pembangunan Nasional Veteran Jawa Timur,Desain Interior,S1,PTN,6802/SK/BAN-PT/Ak/S/VI/2025,2025,humas@upnjatim.ac.id,Baik,2030-06-14,Masih Berlaku
Universitas Bina Nusantara,Desain Komunikasi Visual (Kampus Kota Medan),S1,3,2423/SK/BAN-PT/Ak.P/S1/V/2025,2025,citra.fadillah@binus.edu,Terakreditasi Sementara,2030-05-14,Masih Berlaku
Institut Seni Indonesia Denpasar,Desain,S2,PTN,6858/SK/BAN-PT/Ak/S2/VII/2025,2025,humas@isi-dps.ac.id,Unggul,2030-06-24,Masih Berlaku
Universitas Pelita Harapan,Desain Interior,S1,3,6920/SK/BAN-PT/Ak/S1/VII/2025,2025,info.medan@uph.edu,Unggul,2030-07-01,Masih Berlaku
Akademi Kesejahteraan Sosial AKK,Desain Busana,D-III,5,7000/SK/BAN-PT/Ak.Ppj/D3/VII/2025,2025,info@aks-akk.co.id,B,2030-07-12,Masih Berlaku
Universitas Dinamika,Desain Komunikasi Visual,S1,7,7052/SK/BAN-PT/Ak/S1/VII/2025,2025,official@dinamika.ac.id,Unggul,2030-07-29,Masih Berlaku
Universitas Ichsan Gorontalo,Desain Komunikasi Visual,S1,16,7086/SK/BAN-PT/Ak.S/S1/VII/2025,2026,info@unisan.ac.id,Baik,2031-01-13,Masih Berlaku
Institut Teknologi Bandung,Desain Interior,S1,PTN,7089/SK/BAN-PT/Ak.Ppj/S1/VII/2025,2025,fsrditb@yahoo.com,Unggul,2030-08-03,Masih Berlaku
Institut Bisnis Dan Teknologi Indonesia,Desain Komunikasi Visual,S1,8,7126/SK/BAN-PT/Ak/S1/VIII/2025,2025,humas@instiki.ac.id,Baik,2030-08-05,Masih Berlaku
Universitas Bhinneka Nusantara,Desain Komunikasi Visual,S1,7,7375/SK/BAN-PT/Ak-PNB/S/VIII/2025,2025,ubhinus@ubhinus.ac.id,Baik Sekali,2026-09-07,100 hari lagi kadaluarsa
Universitas Sahid Surakarta,Desain Interior,S1,6,7171/SK/BAN-PT/Ak.Ppj/S/VIII/2025,2025,desain.interior@usahidsolo.ac.id,B,2030-07-22,Masih Berlaku
Politeknik Seni Yogyakarta,Desain Komunikasi Visual,D-III,5,7120/SK/BAN-PT/Ak.P/D3/VIII/2025,2025,poliseniyogyakarta@gmail.com,Baik,2027-08-05,Masih Berlaku
Universitas Negeri Jakarta,Desain Mode,D-IV,PTN,7166/SK/BAN-PT/Ak.Ppj/STr/VIII/2025,2025,str_desainmode@unj.ac.id,A,2030-07-24,Masih Berlaku
Universitas Teknologi Digital,Desain Komunikasi Visual,S1,4,7129/SK/BAN-PT/Ak.P/S/VIII/2025,2026,info@utdi.ac.id,Baik,2031-02-24,Masih Berlaku
Universitas Trilogi,Desain Komunikasi Visual,S1,3,7107/SK/BAN-PT/Ak.S/S/VIII/2025,2025,info@universitas-trilogi.ac.id,Baik Sekali,2030-12-18,Masih Berlaku
Institut Seni Budaya Indonesia Aceh,Desain Komunikasi Visual,S1,PTN,7228/SK/BAN-PT/Ak.S/S/VIII/2025,2025,info@isbiaceh.ac.id,Baik,2031-06-02,Masih Berlaku
Universitas Sebelas Maret,Desain Mode,S1,PTN,7236/SK/BAN-PT/Ak-PNB/S/VIII/2025,2025,humas@mail.uns.ac.id,Unggul,2027-09-27,Masih Berlaku
Politeknik Tempo,Desain Media,D-IV,3,7415/SK/BAN-PT/Ak/STr/IX/2025,2025,admindm@politekniktempo.ac.id,Baik,2030-09-02,Masih Berlaku
Institut Informatika Indonesia Surabaya,Desain Produk,S1,7,7553/SK/BAN-PT/Ak-TMSP/S/IX/2025,2025,desain@ikado.ac.id,Tidak Terakreditasi,,Tidak Ada Data
Institut Teknologi Sains Bandung,Desain Produk,S1,4,7558/SK/BAN-PT/Ak/S/IX/2025,2025,office@itsb.ac-id.net,Baik Sekali,2030-09-10,Masih Berlaku
Institut Seni Budaya Indonesia Bandung,Desain Interior,S1,PTN,7159/SK/BAN-PT/Ak.P/S1/VIII/2025,2025,info@isbi.ac.id,Terakreditasi Sementara,2030-08-25,Masih Berlaku
Institut Komunikasi Dan Bisnis LSPR,Desain Media,D4,3,7128/SK/BAN-PT/Ak.P/D4/VIII/2025,2025,info@lspr.edu,Terakreditasi Sementara,2030-08-25,Masih Berlaku
Universitas Kristen Petra,Desain,S2,7,7142/SK/BAN-PT/Ak.P/S2/VIII/2025,2025,info@petra.ac.id,Terakreditasi Sementara,2030-08-25,Masih Berlaku
Universitas Mulia,Desain Komunikasi Visual,S1,11,7151/SK/BAN-PT/Ak.P/S1/VIII/2025,2025,info@universitasmulia.ac.id,Terakreditasi Sementara,2030-08-25,Masih Berlaku
Institut Seni Indonesia Surakarta,Desain Produk Industri,S1,PTN,7173/SK/BAN-PT/Ak.P/2.0/S1/IX/2025,2025,info@isi-ska.ac.id,Terakreditasi Sementara,2030-09-09,Masih Berlaku
Universitas Fort De Kock,Desain Komunikasi Visual,S1,10,7182/SK/BAN-PT/Ak.P/2.0/S1/IX/2025,2025,informasi@fdk.ac.id,Terakreditasi Sementara,2030-09-09,Masih Berlaku
Institut Teknologi Adhi Tama Surabaya,Desain Produk,S1,7,7620/SK/BAN-PT/PEPA-Ppj/S/IX/2025,2025,despro.dept@itats.ac.id,Baik,2030-09-16,Masih Berlaku
Institut Informatika Dan Bisnis Darmajaya,Desain Komunikasi Visual,S1,2,7601/SK/BAN-PT/Ak/S/IX/2025,2025,dkv@darmajaya.ac.id,Baik,2030-09-16,Masih Berlaku
Universitas Bina Insani,Desain Komunikasi Visual,S1,4,7211/SK/BAN-PT/Ak.P/2.0/S1/IX/2025,2025,info@binainsani.ac.id,Terakreditasi Sementara,2030-09-23,Masih Berlaku
Universitas Sebelas Maret,Desain Media Digital,D4,PTN,7212/SK/BAN-PT/Ak.P/2.0/D4/IX/2025,2025,humas@mail.uns.ac.id,Terakreditasi Sementara,2030-09-23,Masih Berlaku
Institut Seni Indonesia Surakarta,Desain Komunikasi Visual,S1,PTN,7799/SK/BAN-PT/Ak.S/S/X/2025,2025,direct@isi-ska.ac.id,Baik Sekali,2030-12-16,Masih Berlaku
Institut Teknologi Sepuluh Nopember,Desain Interior,S1,PTN,7798/SK/BAN-PT/Ak.Ppj/S/X/2025,2025,interior@its.ac.id,A,2030-09-23,Masih Berlaku
Universitas Muhammadiyah Surabaya,Desain Komunikasi Visual,S1,7,7820/SK/BAN-PT/Ak.S/S/X/2025,2026,humas@um-surabaya.ac.id,Baik,2031-02-03,Masih Berlaku
Universitas Pradita,Desain Interior,S1,3,7871/SK/BAN-PT/Ak.Ppj/S/X/2025,2025,info@pradita.ac.id,Baik,2030-10-07,Masih Berlaku
Universitas Telkom,Desain Komunikasi Visual (Kampus Jakarta),S1,4,7852/SK/BAN-PT/Ak/S/X/2025,2025,info@telkomuniversity.ac.id,Baik,2030-10-07,Masih Berlaku
Universitas Pelita Harapan,Desain Produk,S1,3,8017/SK/BAN-PT/Ak/S/X/2025,2025,sod.product@uph.edu,Unggul,2030-10-15,Masih Berlaku
Sekolah Tinggi Teknologi Muhammadiyah AR Fachruddin,Desain Komunikasi Visual,S1,7,8009/SK/BAN-PT/Ak/S/X/2025,2025,sttmarfachruddin@gmail.com,Baik,2030-10-15,Masih Berlaku
Institut Teknologi Dan Bisnis Tuban,Desain Komunikasi Visual,S1,7,8042/SK/BAN-PT/Ak/S/X/2025,2025,info@itbtuban.ac.id,Baik,2030-10-22,Masih Berlaku
Institut Seni Budaya Indonesia Aceh,Desain Interior,S1,PTN,8107/SK/BAN-PT/Ak.P/S/X/2025,2025,info@isbiaceh.ac.id,Baik,2027-10-28,Masih Berlaku
Universitas Kristen Duta Wacana,Desain Produk,S1,5,8230/SK/BAN-PT/Ak.Ppj/S/XI/2025,2025,fad@staff.ukdw.ac.id,B,2030-11-02,Masih Berlaku
Universitas Kristen Maranatha,Desain Komunikasi Visual,S1,4,8208/SK/BAN-PT/Ak.Ppj/S/XI/2025,2025,viscom.creahum@maranatha.edu,Baik Sekali,2030-11-04,Masih Berlaku
Institut Seni Indonesia Denpasar,Desain Produk,S1,PTN,8275/SK/BAN-PT/Ak/S/XI/2025,2025,humas@isi-dps.ac.id,Baik,2030-11-11,Masih Berlaku
Universitas Negeri Yogyakarta,Desain Komunikasi Visual,S1,PTN,028/SK/BAN-PT/Ak.P/2.0/S1/X/2025,2025,humas@uny.ac.id,Terakreditasi Sementara,2030-10-21,Masih Berlaku
Universitas Dian Nuswantoro,Desain Komunikasi Visual,S1,6,8345/SK/BAN-PT/Ak.Ppj/S/XI/2025,2025,sekretariat@dinus.ac.id,Unggul,2030-11-16,Masih Berlaku
Universitas Sampoerna,Desain Komunikasi Visual,S1,3,8406/SK/BAN-PT/Ak.S/S/XI/2025,2025,maria.wahyuni@sampoernafoundation.org,Baik,,Masih Berlaku
Universitas Pelita Harapan,Desain Komunikasi Visual,S1,3,8410/SK/BAN-PT/PEPA-Ppj/S/XI/2025,2025,info@uph.edu,Baik Sekali,2030-11-25,Masih Berlaku
Universitas Multimedia Nusantara Jakarta,Desain,S2,3,049/SK/BAN-PT/Ak.P/2.0/S2/XI/2025,2025,info@umn.ac.id,Terakreditasi Sementara,2030-11-18,Masih Berlaku
Universitas Esa Unggul,Desain Produk,S1,3,8472/SK/BAN-PT/Ak.KP/S/XII/2025,2025,info@esaunggul.ac.id,Unggul,2030-05-06,Masih Berlaku
Universitas Multi Data Palembang,Desain Komunikasi Visual,S1,2,071/SK/BAN-PT/Ak.P/2.0/S1/XII/2025,2025,kuliah@mdp.ac.id,Terakreditasi Pertama,2027-12-02,Masih Berlaku
Universitas Muhammadiyah Kendari,Desain Komunikasi Visual,S1,9,072/SK/BAN-PT/Ak.P/2.0/S1/XII/2025,2025,humas@umkendari.ac.id,Terakreditasi Pertama,2027-12-02,Masih Berlaku
Universitas Negeri Malang,Desain Komunikasi Visual,S1,PTN,20/SK/BAN-PT/Ak.Ppj/S/I/2024,2024,info@sastra.um.ac.id,A,2027-09-06,Masih Berlaku
Universitas Adzkia,Desain Komunikasi Visual,S1,10,6110/SK/BAN-PT/Ak.P/S/X/2024,2024,info@adzkia.ac.id,Terakreditasi Sementara,2029-10-03,Masih Berlaku
Universitas Islam Negeri Syekh AIi Hasan Ahmad Addary Padangsidimpuan,Desain Komunikasi Visual,S1,PTAN,6111/SK/BAN-PT/Ak.P/S/X/2024,2024,dkv@uinsyahada.ac.id,Terakreditasi Sementara,2029-10-03,Masih Berlaku
Universitas Prima Indonesia,Desain Komunikasi Visual,S1,1,6060/SK/BAN-PT/Ak/S/X/2024,2024,info@unprimdn.ac.id,Baik,2029-10-03,Masih Berlaku
Institut Seni Indonesia Yogyakarta,Desain Produk,S1,PTN,101/SK/BAN-PT/Ak.Ppj/S/I/2024,2024,arts@isi.ac.id,Baik Sekali,2028-06-07,Masih Berlaku
Universitas Primakara,Desain Komunikasi Visual,S1,8,164/SK/BAN-PT/Ak.P/S/I/2024,2026,info@primakara.ac.id,Baik,,Masih Berlaku
Universitas Pendidikan Indonesia,Desain Produk Industri Kampus Tasikmalaya,S1,PTN,266/SK/BAN-PT/Ak/S/I/2024,2024,desainprodukindustri@upi.edu,Baik,2029-01-30,Masih Berlaku
Institut Desain Dan Bisnis Bali,Desain,S2,8,1030/SK/BAN-PT/Ak.P/M/III/2024,2024,info@idbbali.ac.id,Terakreditasi Sementara,2029-03-26,Masih Berlaku
Politeknik Negeri Jakarta,Desain Grafis,D-IV,PTN,898/SK/BAN-PT/Ak/STr/III/2024,2024,grafika@pnj.ac.id,Baik,2029-03-19,Masih Berlaku
Universitas Trilogi,Desain Produk,S1,3,914/SK/BAN-PT/Ak/S/III/2024,2024,info@universitas-trilogi.ac.id,Baik,2029-03-19,Masih Berlaku
Institut Teknologi Dan Bisnis Kristen Bukit Pengharapan,Desain Komunikasi Visual,S1,6,913/SK/BAN-PT/Ak/S/III/2024,2024,info@itbkbp.ac.id,Baik,2029-03-19,Masih Berlaku
Universitas Agung Podomoro,Desain Produk,S1,3,736/SK/BAN-PT/Ak/S/III/2024,2024,rektorat@podomorouniversity.ac.id,Baik Sekali,2029-03-13,Masih Berlaku
Universitas Mercu Buana,Desain Komunikasi Visual,S1,3,877/SK/BAN-PT/Ak.Ppj/S/III/2024,2024,umb@mercubuana.ac.id,B,2029-03-27,Masih Berlaku
Institut Teknologi Dan Bisnis Palcomtech,Desain Komunikasi Visual,D-III,2,687/SK/BAN-PT/Ak/D3/III/2024,2024,info@palcomtech.ac.id,Baik Sekali,2029-03-05,Masih Berlaku
Institut Teknologi Telkom Purwokerto,Desain Produk,S1,6,688/SK/BAN-PT/Ak/S/III/2024,2024,info@ittelkom-pwt.ac.id,Baik,2029-03-05,Masih Berlaku
Universitas Indraprasta PGRI,Desain Komunikasi Visual,S1,3,672/SK/BAN-PT/PEPA-Ppj/S/II/2024,2024,kampus@unindra.ac.id,B,2029-03-01,Masih Berlaku
Institut Seni Indonesia Denpasar,Desain Mode,D-IV,PTN,505/SK/BAN-PT/Ak.KP/STr/II/2024,2024,rektor@isi-dps.ac.id,Unggul,2027-08-23,Masih Berlaku
Institut Sains Dan Teknologi Terpadu Surabaya,Desain Komunikasi Visual,S1,7,604/SK/BAN-PT/Ak/S/II/2024,2024,dkv@istts.ac.id,Baik,2029-02-27,Masih Berlaku
Universitas Pembangunan Nasional Veteran Jawa Timur,Desain Komunikasi Visual,S1,PTN,670/SK/BAN-PT/Ak/S/II/2024,2024,humas@upnjatim.ac.id,Baik,2029-02-27,Masih Berlaku
Institut Teknologi Dan Bisnis Kalbis,Desain Komunikasi Visual,S1,3,592/SK/BAN-PT/Ak/S/II/2024,2024,info@kalbis.ac.id,Baik Sekali,2029-02-27,Masih Berlaku
Universitas Maarif Hasyim Latif,Desain Komunikasi Visual,S1,7,593/SK/BAN-PT/Ak/S/II/2024,2024,dkv@umaha.ac.id,Baik Sekali,2029-02-27,Masih Berlaku
Universitas Presiden,Desain Komunikasi Visual,S1,4,644/SK/BAN-PT/Ak.Ppj/S/II/2024,2024,vcd@president.ac.id,B,2029-02-27,Masih Berlaku
Universitas Esa Unggul,Desain Interior,S1,3,384/SK/BAN-PT/PEPA-Ppj/S/II/2024,2024,info@esaunggul.ac.id,Baik,2028-08-28,Masih Berlaku
Universitas Syekh Yusuf Al Makassari Gowa,Desain Komunikasi Visual,S1,9,441/SK/BAN-PT/Ak.P/S/II/2024,2026,info@usyam.ac.id,Baik,2027-02-21,Masih Berlaku
Institut Desain Dan Bisnis Bali,Desain Interior,S1,8,7199/SK/BAN-PT/Ak/S/XII/2024,2024,info@idbbali.ac.id,Unggul,2029-12-15,Masih Berlaku
Universitas Negeri Makassar,Desain Komunikasi Visual,S1,PTN,7124/SK/BAN-PT/Ak/S/XII/2024,2024,humas@unm.ac.id,Baik Sekali,2029-12-15,Masih Berlaku
Universitas Hindu Negeri I Gusti Bagus Sugriwa Denpasar,Desain Komunikasi Visual,S1,PTAN,7094/SK/BAN-PT/Ak.P/S/XII/2024,2024,info@uhnsugriwa.ac.id,Terakreditasi Sementara,2029-12-11,Masih Berlaku
Universitas Lancang Kuning,Desain Interior,S1,17,7019/SK/BAN-PT/Ak/S/XII/2024,2024,info@unilak.ac.id,Baik,2029-12-11,Masih Berlaku
Universitas Pendidikan Ganesha,Desain Komunikasi Visual,D-III,PTN,6884/SK/BAN-PT/Ak/D3/XI/2024,2024,dkv@undiksha.ac.id,Baik Sekali,2029-11-26,Masih Berlaku
Universitas Swadaya Gunung Djati,Desain Komunikasi Visual,S1,4,6926/SK/BAN-PT/Ak.P/S/XI/2024,2024,humas@ugj.ac.id,Terakreditasi Sementara,2029-11-26,Masih Berlaku
Sekolah Tinggi Desain Indonesia Bandung,Desain Komunikasi Visual,S1,4,6865/SK/BAN-PT/Ak/S/XI/2024,2024,stdi.bandung@stdi.ac.id,Baik,2029-11-19,Masih Berlaku
Institut Teknologi Nasional Bandung,Desain Interior,S1,4,6718/SK/BAN-PT/Ak.KP/S/XI/2024,2024,humas@itenas.ac.id,Unggul,2028-05-09,Masih Berlaku
Universitas Telkom,Desain Komunikasi Visual (Kampus Kabupaten Banyumas),S1,4,6662/SK/BAN-PT/Ak-PNB/S/XI/2024,2024,info@telkomuniversity.ac.id,Baik,2026-09-14,107 hari lagi kadaluarsa
Universitas Telkom,Desain Produk (Kampus Kabupaten Banyumas),S1,4,6663/SK/BAN-PT/Ak-PNB/S/XI/2024,2024,info@telkomuniversity.ac.id,Baik,2029-03-05,Masih Berlaku
Institut Kesenian Jakarta,Desain Komunikasi Visual,S1,3,6445/SK/BAN-PT/PEPA-Ppj/S/X/2024,2024,deskov@ikj.ac.id,B,2029-10-22,Masih Berlaku
Institut Teknologi Sepuluh Nopember,Desain Interior,S2,PTN,6308/SK/BAN-PT/Ak/M/X/2024,2024,humas@its.ac.id,Baik,2029-10-19,Masih Berlaku
Institut Teknologi Kalimantan,Desain Komunikasi Visual,S1,PTN,6166/SK/BAN-PT/Ak/S/X/2024,2024,dkv@itk.ac.id,Baik,2029-10-08,Masih Berlaku
Universitas Wanita Internasional,Desain Komunikasi Visual,S1,4,6188/SK/BAN-PT/Ak.Ppj/S/X/2024,2024,dkv@iwu.ac.id,A,2029-10-23,Masih Berlaku
Universitas Wanita Internasional,Desain Interior,S1,4,6192/SK/BAN-PT/Ak.Ppj/S/X/2024,2024,di@iwu.ac.id,B,2029-10-23,Masih Berlaku
Universitas Surabaya,Desain Komunikasi Visual,S1,7,6221/SK/BAN-PT/Ak.P/S/X/2024,2024,humas@unit.ubaya.ac.id,Terakreditasi Sementara,2029-10-08,Masih Berlaku
Universitas Ciputra Surabaya,Desain Komunikasi Visual (Kampus Kota Makassar),S1,7,4831/SK/BAN-PT/Ak/S/VII/2024,2024,info@ciputra.ac.id,Baik,2029-07-02,Masih Berlaku
Universitas Bumigora,Desain Komunikasi Visual,S1,8,4861/SK/BAN-PT/Ak/S/VII/2024,2024,dkv@universitasbumigora.ac.id,Baik,2029-07-02,Masih Berlaku
Universitas Indonesia Mandiri,Desain Komunikasi Visual,S1,2,5926/SK/BAN-PT/Ak-PNB/S/IX/2024,2021,info@uimandiri.ac.id,Baik,2026-06-25,26 hari lagi kadaluarsa
Institut Kesenian Jakarta,Desain Interior,S1,3,4753/SK/BAN-PT/PEPA-Ppj/S/VI/2024,2024,desaininterior@ikj.ac.id,Baik,2029-06-25,Masih Berlaku
Universitas LIA,Desain Komunikasi Visual,S1,3,5794/SK/BAN-PT/Ak.P/S/IX/2024,2024,info@universitaslia.ac.id,Terakreditasi Sementara,2029-09-03,Masih Berlaku
Universitas Negeri Malang,Desain Mode,D-IV,PTN,5852/SK/BAN-PT/PEPA-Ppj/STr/IX/2024,2024,humas@um.ac.id,Baik,2029-09-10,Masih Berlaku
Universitas Putra Indonesia Yptk Padang,Desain Komunikasi Visual,S1,10,5851/SK/BAN-PT/PEPA-Ppj/S/IX/2024,2024,admin@upiyptk.ac.id,B,2029-09-10,Masih Berlaku
Politeknik Negeri Samarinda,Desain Produk Kayu Dan Serat,D-IV,PTN,5626/SK/BAN-PT/Ak/STr/VIII/2024,2024,humas@polnes.ac.id,Baik,2029-08-27,Masih Berlaku
Universitas Komputer Indonesia,Desain Grafis,D-III,4,5686/SK/BAN-PT/PEPA-Ppj/D3/VIII/2024,2024,dg@email.unikom.ac.id,Baik,2029-08-27,Masih Berlaku
Institut Desain Dan Bisnis Bali,Desain Komunikasi Visual,S1,8,5353/SK/BAN-PT/Ak/S/VIII/2024,2024,info@idbbali.ac.id,Baik Sekali,2029-08-13,Masih Berlaku
Universitas Teknologi Bandung,Desain Komunikasi Visual,S1,4,5307/SK/BAN-PT/Ak-PNB/S/VIII/2024,2026,info@utb.ac.id,Baik,2026-12-16,Masih Berlaku
Universitas Catur Insan Cendekia,Desain Komunikasi Visual,S1,4,5148/SK/BAN-PT/Ak.Ppj/S/VII/2024,2024,info@ucic.ac.id,Baik,2029-08-01,Masih Berlaku
Universitas Gunadarma,Desain Interior,S1,3,5162/SK/BAN-PT/Ak.Ppj/S/VII/2024,2024,mediacenter@gunadarma.ac.id,B,2029-07-31,Masih Berlaku
Universitas Pasundan,Desain Komunikasi Visual,S1,4,5198/SK/BAN-PT/Ak.Ppj/S/VII/2024,2024,dkv-unpas@yahoo.com,B,2029-08-14,Masih Berlaku
Institut Teknologi Dan Bisnis Asia Malang,Desain Komunikasi Visual,S1,7,5201/SK/BAN-PT/Ak.Ppj/S/VII/2024,2024,dkv@asia.ac.id,B,2029-08-08,Masih Berlaku
Universitas Brawijaya,Desain Grafis,D-IV,PTN,4649/SK/BAN-PT/Ak/STr/VI/2024,2024,psdesain@ub.ac.id,Baik Sekali,2029-06-11,Masih Berlaku
STMIK Amik Bandung,Desain Komunikasi Visual,S1,4,4629/SK/BAN-PT/Ak.P/S/VI/2024,2024,info@stmik-amikbandung.ac.id,Terakreditasi Sementara,2029-06-11,Masih Berlaku
Institut Teknologi Bandung,Desain,S2,PTN,4966/SK/BAN-PT/Ak.KP/M/VII/2024,2024,fsrditb@yahoo.com,Unggul,2027-06-07,Masih Berlaku
Universitas Bina Nusantara,Desain,S2,3,4920/SK/BAN-PT/Ak.P/M/VII/2024,2024,ferric.limano@binus.edu,Terakreditasi Sementara,2029-07-09,Masih Berlaku
Institut Seni Indonesia Padang Panjang,Desain Komunikasi Visual,S1,PTN,5017/SK/BAN-PT/PEPA-Ppj/S/VII/2024,2025,isi@isi-padangpanjang.ac.id,Baik Sekali,2030-12-16,Masih Berlaku
Universitas Nahdlatul Ulama Pasuruan,Desain Komunikasi Visual,S1,7,4416/SK/BAN-PT/Ak-PNB/S/V/2024,2026,info@unupasuruan.ac.id,Baik,2027-03-03,Masih Berlaku
Institut Teknologi Bandung,Desain Komunikasi Visual,S1,PTN,4270/SK/BAN-PT/Ak.KP/S/V/2024,2024,fsrditb@yahoo.com,Unggul,2027-09-20,Masih Berlaku
Universitas Kristen Maranatha,Desain Interior,S1,4,4386/SK/BAN-PT/Ak.Ppj/S/V/2024,2024,admission@maranatha.edu,A,2029-05-29,Masih Berlaku
Sekolah Tinggi Desain LaSalle,Fashion Desain,D-IV,3,4095/SK/BAN-PT/PEPA-Ppj/STr/V/2024,2024,infojkt@lasallecollege.ac.id,Baik,2029-05-15,Masih Berlaku
Universitas Sebelas Maret,Desain Komunikasi Visual,D-III,PTN,4050/SK/BAN-PT/Ak/D3/V/2024,2024,humas@mail.uns.ac.id,Baik Sekali,2029-05-07,Masih Berlaku
Universitas Potensi Utama,Desain Interior,S1,1,4025/SK/BAN-PT/Ak.Ppj/S/V/2024,2024,info@potensi-utama.ac.id,B,2029-05-22,Masih Berlaku
Universitas Bina Nusantara,Desain Produk,S1,3,4005/SK/BAN-PT/PEPA-Ppj/S/V/2024,2024,rparamita@binus.edu,B,2029-05-04,Masih Berlaku
Universitas Ma Chung,Desain Komunikasi Visual -,S1,7,3910/SK/BAN-PT/Ak/S/IV/2024,2024,info@machung.ac.id,Baik,2029-04-29,Masih Berlaku
Universitas Potensi Utama,Desain Komunikasi Visual,S1,1,3930/SK/BAN-PT/Ak.Ppj/S/IV/2024,2024,info@potensi-utama.ac.id,B,2029-05-08,Masih Berlaku
Universitas Sains Dan Teknologi Komputer,Desain Komunikasi Visual,S1,6,3878/SK/BAN-PT/PEPA-Ppj/S/IV/2024,2024,info@stekom.ac.id,Baik,2028-09-14,Masih Berlaku
Universitas Internasional Semen Indonesia,Desain Komunikasi Visual,S1,7,3678/SK/BAN-PT/Ak.KP/S/IV/2024,2024,info@uisi.ac.id,Baik Sekali,2028-07-25,Masih Berlaku
Institut Seni Indonesia Denpasar,Desain Interior,S1,PTN,3745/SK/BAN-PT/Ak.KP/S/IV/2024,2024,desain@isi-dps.ac.id,Unggul,2027-08-02,Masih Berlaku
Institut Seni Indonesia Denpasar,Desain Komunikasi Visual,S1,PTN,3747/SK/BAN-PT/Ak.KP/S/IV/2024,2024,dkv@isi-dps.ac.id,Unggul,2027-08-02,Masih Berlaku
Universitas Bunda Mulia,Desain Komunikasi Visual,S1,3,3761/SK/BAN-PT/Ak.KP/S/IV/2024,2024,info@ubm.ac.id,Unggul,2027-05-10,Masih Berlaku
Institut Informatika Indonesia Surabaya,Desain Komunikasi Visual,S1,7,3822/SK/BAN-PT/Ak.Ppj/S/IV/2024,2024,desain@ikado.ac.id,B,2029-04-24,Masih Berlaku
Universitas Pembangunan Jaya,Desain Produk,S1,4,3845/SK/BAN-PT/Ak.Ppj/S/IV/2024,2024,info@upj.ac.id,B,2029-04-24,Masih Berlaku
Universitas Kalbis,Desain Komunikasi Visual,S1,3,1255/SK/BAN-PT/Ak-PNB/S/IV/2024,2024,info@kalbis.ac.id,Baik Sekali,2029-02-27,Masih Berlaku
Universitas PGRI Jombang,Desain Komunikasi Visual,S1,7,1231/SK/BAN-PT/Ak.P/S/IV/2024,2024,dkv@upjb.ac.id,Terakreditasi Sementara,2029-04-02,Masih Berlaku
Institut Seni Indonesia Padang Panjang,Desain Produk,S1,PTN,1116/SK/BAN-PT/Ak/S/IV/2024,2024,info@isi-padangpanjang.ac.id,Baik,2029-04-02,Masih Berlaku
Sekolah Tinggi Desain Indonesia Bandung,Desain Interior,S1,4,1104/SK/BAN-PT/Ak/S/IV/2024,2024,stdi.bandung@stdi.ac.id,Baik,2029-04-02,Masih Berlaku
Universitas Hayam Wuruk Perbanas,Desain Komunikasi Visual,S1,7,1086/SK/BAN-PT/Ak/S/IV/2024,2024,sarjanadkv@hayamwuruk.ac.id,Baik,2029-04-02,Masih Berlaku
Institut Seni Budaya Indonesia Bandung,Desain Komunikasi Visual,S1,PTN,1031/SK/BAN-PT/Ak.P/S/III/2024,2024,info@isbi.ac.id,Terakreditasi Sementara,2029-03-26,Masih Berlaku
Universitas Muhammadiyah Purwokerto,Desain Komunikasi Visual,S1,6,1032/SK/BAN-PT/Ak.P/S/III/2024,2024,humas@ump.ac.id,Terakreditasi Sementara,2029-03-26,Masih Berlaku
Universitas Nusa Putra,Desain Komunikasi Visual,S1,4,471/SK/BAN-PT/Ak.Ppj/S/II/2023,2023,info@nusaputra.ac.id,B,2027-11-08,Masih Berlaku
Universitas Nahdlatul Ulama Sidoarjo,Desain Komunikasi Visual,S1,7,704/SK/BAN-PT/Ak/S/III/2023,2023,info@unusida.ac.id,Baik,2028-03-07,Masih Berlaku
Universitas Pembangunan Jaya,Desain Komunikasi Visual,S1,4,830/SK/BAN-PT/Ak.Ppj/S/III/2023,2023,info@upj.ac.id,B,2028-03-14,Masih Berlaku
Universitas Negeri Surabaya,Desain Komunikasi Visual,S1,PTN,978/SK/BAN-PT/Ak/S/III/2023,2023,s1-dkv@unesa.ac.id,Baik Sekali,2028-03-21,Masih Berlaku
Universitas Telkom,Desain Interior,S1,4,1120/SK/BAN-PT/Ak.Ppj/S/III/2023,2023,info@telkomuniversity.ac.id,A,2028-04-11,Masih Berlaku
Universitas Trisakti,Desain Produk,S2,3,1463/SK/BAN-PT/Ak.Ppj/M/IV/2023,2023,fsrd@triskti.ac.id,A,2028-05-03,Masih Berlaku
Universitas Tarumanagara,Desain Komunikasi Visual,S1,3,1695/SK/BAN-PT/Ak.KP/S/V/2023,2023,dkv@untar.ac.id,Unggul,2027-03-30,Masih Berlaku
Universitas Indo Global Mandiri,Desain Komunikasi Visual,S1,2,1958/SK/BAN-PT/Ak.Ppj/S/V/2023,2023,dkv@uigm.ac.id,B,2027-09-13,Masih Berlaku
Universitas Mercu Buana,Desain Interior,S1,3,2345/SK/BAN-PT/Ak/S/VI/2023,2023,umb@mercubuana.ac.id,Baik Sekali,2028-06-20,Masih Berlaku
Universitas Prasetiya Mulya,Desain Produk,S1,3,2462/SK/BAN-PT/Ak/S/VI/2023,2023,info@prasetiyamulya.ac.id,Baik,2028-06-27,Masih Berlaku
Sekolah Tinggi Desain LaSalle,Desain Interior,S1,3,2481/SK/BAN-PT/Ak/S/VI/2023,2023,info@lasallecollege.ac.id,Baik,2028-06-27,Masih Berlaku
Universitas Dian Nuswantoro,Desain Komunikasi Visual (Kampus Kota Kediri),S1,6,2680/SK/BAN-PT/Ak/S/VII/2023,2025,sekretariat@dinus.ac.id,Unggul,2030-11-16,Masih Berlaku
Universitas Komputer Indonesia,Desain Komunikasi Visual,S1,4,3587/SK/BAN-PT/Ak.Ppj/S/IX/2023,2023,dkv@email.unikom.ac.id,B,2028-09-14,Masih Berlaku
Universitas Selamat Sri,Desain Komunikasi Visual,S1,6,3894/SK/BAN-PT/Ak.Ppj/S/IX/2023,2023,info@uss.ac.id,Baik,2028-10-10,Masih Berlaku
Politeknik Bina Madani,Desain Media,D-IV,4,4407/SK/BAN-PT/Ak/STr/X/2023,2023,info@poltekbinamadani.ac.id,Baik,2028-10-31,Masih Berlaku
Universitas Telkom,Desain,S2,4,4520/SK/BAN-PT/Ak/M/XI/2023,2023,info@telkomuniversity.ac.id,Baik Sekali,2028-11-07,Masih Berlaku
Akademi Seni Rupa Dan Desain MSD,Desain Komunikasi Visual,D-III,5,4669/SK/BAN-PT/PEPA-Ppj/D3/XI/2023,2023,contact@msd.ac.id,Baik,2028-08-01,Masih Berlaku
Universitas Bina Nusantara,Desain Interior,S1,3,4678/SK/BAN-PT/PEPA-Ppj/S/XI/2023,2023,a.wulandari@binus.edu,B,2028-11-02,Masih Berlaku
Universitas Paramadina,Desain Produk,S1,3,4702/SK/BAN-PT/Ak/S/XI/2023,2023,info@paramadina.ac.id,Baik,2028-11-14,Masih Berlaku
Sekolah Tinggi Seni Rupa Dan Desain Visi Indonesia,Desain Komunikasi Visual,S1,5,4996/SK/BAN-PT/Ak.Ppj/S/XI/2023,2023,info@stsrdvisi.ac.id,B,2027-08-02,Masih Berlaku
Institut Teknologi Nasional Bandung,Desain Komunikasi Visual,S1,4,4977/SK/BAN-PT/Ak.Ppj/S/XI/2023,2023,humas@itenas.ac.id,A,2028-10-16,Masih Berlaku
Universitas Komputer Indonesia,Desain Interior,S1,4,5321/SK/BAN-PT/PEPA-Ppj/S/XII/2023,2026,humas@unikom.ac.id,Unggul,2031-04-09,Masih Berlaku
Institut Sains Dan Teknologi Al-Kamal,Desain Komunikasi Visual,S1,3,5326/SK/BAN-PT/PEPA-Ppj/S/XII/2023,2023,info@ista.ac.id,Baik,2028-11-14,Masih Berlaku
Universitas Mercu Buana,Desain Produk,S1,3,5317/SK/BAN-PT/PEPA-Ppj/S/XII/2023,2023,umb@mercubuana.ac.id,B,2028-11-02,Masih Berlaku
Universitas Negeri Semarang,Desain Komunikasi Visual,D-III,PTN,5341/SK/BAN-PT/PEPA-Ppj/D3/XII/2023,2023,d3dkv@mail.unnes.ac.id,B,2028-12-29,Masih Berlaku
Institut Seni Budaya Indonesia Tanah Papua,Desain Komunikasi Visual,S1,PTN,559/SK/BAN-PT/Akred/S/I/2022,2022,info@isbi-tanahpapua.ac.id,Baik,2026-08-05,67 hari lagi kadaluarsa
Institut Teknologi Sepuluh Nopember,Desain Produk,S1,PTN,355/SK/BAN-PT/Ak-PPJ/S/I/2022,2022,despro@its.ac.id,A,2026-09-03,96 hari lagi kadaluarsa
Sekolah Tinggi Seni Rupa Dan Desain Visi Indonesia,Desain Komunikasi Visual,D-III,5,442/SK/BAN-PT/Ak-PPJ/Dipl-III/I/2022,2022,info@stsrdvisi.ac.id,B,2026-09-30,123 hari lagi kadaluarsa
Universitas Islam Nahdlatul Ulama Jepara,Desain Produk,S1,6,406/SK/BAN-PT/Ak-PPJ/S/I/2022,2022,faksaintek@unisnu.ac.id,B,2026-09-09,102 hari lagi kadaluarsa
Institut Seni Indonesia Padang Panjang,Desain Mode,D-IV,PTN,686/SK/BAN-PT/Akred/ST/II/2022,2022,isi@isi-padangpanjang.ac.id,Baik,2027-02-02,Masih Berlaku
Universitas Negeri Surabaya,Desain Grafis,D-IV,PTN,1169/SK/BAN-PT/Akred/ST/II/2022,2026,strdesgraf@unesa.ac.id,Baik Sekali,2031-01-13,Masih Berlaku
Universitas Bina Nusantara,Desain Komunikasi Visual,S1,3,1415/SK/BAN-PT/Akred-Itnl/S/III/2022,2022,dadi@binus.edu,Unggul,2027-03-02,Masih Berlaku
Institut Teknologi Bandung,Desain Produk,S1,PTN,2438/SK/BAN-PT/AK-ISK/S/IV/2022,2022,fsrditb@yahoo.com,Unggul,2026-06-03,4 hari lagi kadaluarsa
Universitas Paramadina,Desain Komunikasi Visual,S1,3,3031/SK/BAN-PT/Ak-PPJ/S/V/2022,2022,info@paramadina.ac.id,A,2027-05-31,Masih Berlaku
Institut Seni Indonesia Yogyakarta,Desain Interior,S1,PTN,3926/SK/BAN-PT/Akred-PMT/S/VI/2022,2022,arts@isi.ac.id,Unggul,2027-06-27,Masih Berlaku
Institut Teknologi Dan Bisnis Stikom Ambon,Desain Komunikasi Visual,S1,12,4020/SK/BAN-PT/PB-PS/S/VII/2022,2022,info@stikom-ambon.ac.id,Baik,2027-03-21,Masih Berlaku
Universitas Tarumanagara,Desain Interior,S1,3,4345/SK/BAN-PT/Akred/S/VII/2022,2022,di@untar.ac.id,Unggul,2027-07-12,Masih Berlaku
Institut Komunikasi Dan Bisnis LSPR,Desain Komunikasi Visual,S1,3,5082/SK/BAN-PT/Ak/S/VII/2022,2022,yayasan.pps@lspr.edu,Baik,2027-07-27,Masih Berlaku
Universitas Sebelas Maret,Desain Komunikasi Visual,S1,PTN,5244/SK/BAN-PT/Ak-PPJ/S/VIII/2022,2022,humas@mail.uns.ac.id,Unggul,2027-08-16,Masih Berlaku
Universitas Muhammadiyah Tangerang,Desain Komunikasi Visual,S1,4,5332/SK/BAN-PT/Ak/S/VIII/2022,2022,parinkrafumt@gmail.com,Baik,2027-08-09,Masih Berlaku
Politeknik Harapan Bersama,Desain Komunikasi Visual,D-III,6,5327/SK/BAN-PT/Ak/D3/VIII/2022,2022,info@poltektegal.ac.id,Baik,2027-08-09,Masih Berlaku
Politeknik Negeri Media Kreatif,Desain Mode,D-IV,PTN,5471/SK/BAN-PT/Ak/STr/VIII/2022,2022,info@polimedia.ac.id,Baik,2027-08-16,Masih Berlaku
Universitas Trisakti,Desain Produk,S1,3,5988/SK/BAN-PT/Ak.Ppj/S/IX/2022,2022,fsrd@trisakti.ac.id,Baik,2027-09-07,Masih Berlaku
Sekolah Tinggi Desain Interstudi,Desain Interior,S1,3,6266/SK/BAN-PT/Ak.KP/S/IX/2022,2022,stdi@interstudi.edu,Baik,2026-12-28,Masih Berlaku
Sekolah Tinggi Media Komunikasi Trisakti,Desain Komunikasi Visual,S1,3,6618/SK/BAN-PT/Ak.KP/S/IX/2022,2022,info@stmktrisakti.ac.id,Baik,2027-07-19,Masih Berlaku
Akademi Seni Dan Desain Indonesia Surakarta,Desain Komunikasi Visual,D-III,6,7539/SK/BAN-PT/Ak.KP/D3/X/2022,2022,info@asdi.ac.id,Baik,2026-07-22,53 hari lagi kadaluarsa
Universitas Sebelas Maret,Desain Interior,S1,PTN,8892/SK/BAN-PT/Ak.Ppj/S/XI/2022,2022,desinter_uns@yahoo.co.id,Unggul,2027-11-15,Masih Berlaku
Universitas 'Aisyiyah Bandung,Desain Komunikasi Visual,S1,4,8859/SK/BAN-PT/Ak/S/XI/2022,2022,dkv@unisa-bandung.ac.id,Baik,2027-11-01,Masih Berlaku
Universitas Kristen Satya Wacana,Desain Komunikasi Visual,S1,6,9109/SK/BAN-PT/Ak.Ppj/S/XI/2022,2022,fti@adm.uksw.edu,A,2027-11-22,Masih Berlaku
Politeknik Sains Seni Rekakreasi,Desain Komunikasi Visual,D-III,4,9918/SK/BAN-PT/Ak/D3/XI/2022,2022,info@polssre.ac.id,Baik,2027-11-29,Masih Berlaku
Institut Teknologi Harapan Bangsa,Desain Komunikasi Visual,S1,4,10075/SK/BAN-PT/Ak/S/XI/2022,2022,egi@ithb.ac.id,Baik Sekali,2027-11-30,Masih Berlaku
Universitas Pradita,Desain Komunikasi Visual,S1,3,1045/SK/BAN-PT/Akred/S/II/2021,2026,info@pradita.ac.id,Baik,2031-02-24,Masih Berlaku
Universitas Negeri Padang,Desain Komunikasi Visual,S1,PTN,1123/SK/BAN-PT/Akred/S/III/2021,2026,humas@unp.ac.id,A,2031-03-03,Masih Berlaku
Politeknik Industri Furnitur Dan Pengolahan Kayu,Desain Furnitur,D-III,PTKL,358/SK/BAN-PT/Akred/Dipl-III/I/2021,2025,info@polifurneka.ac.id,Baik,2030-12-16,Masih Berlaku
Institut Teknologi Batam,Desain Komunikasi Visual,S1,17,1358/SK/BAN-PT/Akred/S/III/2021,2026,info@iteba.ac.id,Baik,2027-03-10,Masih Berlaku
Akademi Teknik PIKA,Desain Interior,D-III,6,1480/SK/BAN-PT/Akred/Dipl-III/III/2021,2026,info@atpika.ac.id,Baik,2031-03-17,Masih Berlaku
Institut Teknologi Dan Bisnis Ahmad Dahlan,Desain Komunikasi Visual,S1,3,1500/SK/BAN-PT/Akred/S/III/2021,2026,info@itb-ad.ad.id,Baik,,Masih Berlaku
Universitas Adhirajasa Reswara Sanjaya,Desain Komunikasi Visual,S1,4,1605/SK/BAN-PT/Akred/S/III/2021,2026,dkv@ars.ac.id,Baik,2027-03-24,Masih Berlaku
Universitas Kuningan,Desain Komunikasi Visual,S1,4,2028/SK/BAN-PT/Akred/S/IV/2021,2026,info@uniku.ac.id,Baik,2031-04-14,Masih Berlaku
Universitas Bina Nusantara,Desain Interior (Kampus Kota Bandung),S1,3,2438/SK/BAN-PT/Akred/S/IV/2021,2026,friska.amalia@binus.edu,Baik,2031-04-28,Masih Berlaku
Universitas Bina Nusantara,Desain Komunikasi Visual (Kampus Kota Bandung),S1,3,2441/SK/BAN-PT/Akred/S/IV/2021,2026,adrianto.t@binus.edu,Baik,2031-04-28,Masih Berlaku
Universitas Bina Nusantara,Desain Interior (Kampus Kota Malang),S1,3,2668/SK/BAN-PT/Akred/S/V/2021,2026,ira.agustina@binus.edu,Baik,2031-05-05,Masih Berlaku
Politeknik Negeri Pontianak,Desain Kawasan Binaan,D-IV,PTN,2878/SK/BAN-PT/Akred/ST/V/2021,2026,jta.polnep@gmail.com,Baik,2031-05-12,Masih Berlaku
Institut Teknologi Sumatera,Desain Komunikasi Visual,S1,PTN,2731/SK/BAN-PT/Akred/S/V/2021,2026,humas@itera.ac.id,Baik,2031-05-12,Masih Berlaku
Universitas Sahid Surakarta,Desain Komunikasi Visual,S1,6,2993/SK/BAN-PT/Ak-PPJ/S/V/2021,2026,evelynehenny@gmail.com,B,2031-05-14,Masih Berlaku
Universitas Bina Nusantara,Desain Komunikasi Visual (Kampus Kota Malang),S1,3,3288/SK/BAN-PT/Akred/S/V/2021,2026,vabednego@binus.edu,Baik,2031-05-26,Masih Berlaku
Universitas Teknologi Indonesia,Desain Produk,S1,8,6144/SK/BAN-PT/Ak-TMSP/S/VI/2021,2021,info@uti.ac.id,Tidak Terakreditasi,,Tidak Ada Data
Politeknik Negeri Media Kreatif,Desain Grafis (Kampus Makassar),D-III,PTN,8915/SK/BAN-PT/Akred/Dipl-III/VI/2021,2021,info@polimedia.ac.id,Baik,2026-06-22,23 hari lagi kadaluarsa
Universitas Ciputra Surabaya,Desain Produk,S1,7,9276/SK/BAN-PT/Akred/S/VII/2021,2021,info@ciputra.ac.id,Baik,2026-07-06,37 hari lagi kadaluarsa
Universitas Budi Luhur,Desain Komunikasi Visual,S1,3,9440/SK/BAN-PT/Akred/S/VII/2021,2021,dkv@budiluhur.ac.id,Baik,2026-07-13,44 hari lagi kadaluarsa
Institut Sains Dan Teknologi Terpadu Surabaya,Desain Produk,S1,7,9709/SK/BAN-PT/Akred/S/VII/2021,2021,rektorat@istts.ac.id,Baik,2026-07-21,52 hari lagi kadaluarsa
Institut Desain Dan Bisnis Bali,Desain Mode,D-IV,8,9921/SK/BAN-PT/Akred/ST/VIII/2021,2021,info@idbbali.ac.id,Baik,2026-08-03,65 hari lagi kadaluarsa
Institut Teknologi Sepuluh Nopember,Desain Komunikasi Visual,S1,PTN,10472/SK/BAN-PT/Akred/S/VIII/2021,2021,dkv@its.ac.id,Baik,2026-08-31,93 hari lagi kadaluarsa
STIKI Malang,Desain Komunikasi Visual,S1,7,10632/SK/BAN-PT/Akred/S/IX/2021,2021,dkv@stiki.ac.id,Baik Sekali,2026-09-07,100 hari lagi kadaluarsa
Institut Teknologi Telkom Purwokerto,Desain Komunikasi Visual,S1,6,10875/SK/BAN-PT/Akred/S/IX/2021,2021,info@ittelkom-pwt.ac.id,Baik,2026-09-14,107 hari lagi kadaluarsa
Universitas Pendidikan Indonesia,Desain Komunikasi Visual,S1,PTN,10936/SK/BAN-PT/Akred/S/IX/2021,2021,dkv_fpsd@upi.edu,Baik,2026-09-21,114 hari lagi kadaluarsa
Universitas Indonesia Mandiri,Desain Komunikasi Visual,S1,4,11595/SK/BAN-PT/PB-PS/S/X/2021,2021,info@uimandiri.ac.id,Baik,2026-06-25,26 hari lagi kadaluarsa
Akademi Seni Rupa Dan Desain ISWI Jakarta,Desain Produk,D-III,3,11979/SK/BAN-PT/Akred/Dipl-III/X/2021,2021,kampusasride_iswi@ymail.com,Baik,2026-10-26,149 hari lagi kadaluarsa
Universitas Esa Unggul,Desain Komunikasi Visual,S1,3,12618/SK/BAN-PT/Ak-PPJ/S/XI/2021,2021,info@esaunggul.ac.id,B,2026-11-04,158 hari lagi kadaluarsa
Universitas Trisakti,Desain Komunikasi Visual,S1,3,12885/SK/BAN-PT/Ak-PPJ/S/XII/2021,2021,trisakti@.ac.id,A,2026-12-02,Masih Berlaku
Sekolah Tinggi Desain Interstudi,Desain Produk,S1,3,13061/SK/BAN-PT/Ak-PPJ/S/XII/2021,2021,stdi@interstudi.edu,B,2026-11-25,179 hari lagi kadaluarsa
Sekolah Tinggi Desain Interstudi,Desain Komunikasi Visual,S1,3,13091/SK/BAN-PT/Ak-PPJ/S/XII/2021,2021,stdi@interstudi.edu,B,2026-11-25,179 hari lagi kadaluarsa
Universitas Multimedia Nusantara,Desain Komunikasi Visual,S1,3,13626/SK/BAN-PT/Ak-PPJ/S/XII/2021,2021,dkv@umn.ac.id,A,2026-12-28,Masih Berlaku
Institut Seni Indonesia Yogyakarta,Desain Komunikasi Visual,S1,PTN,13625/SK/BAN-PT/Ak-PPJ/S/XII/2021,2021,arts@isi.ac.id,A,2026-12-28,Masih Berlaku
Politeknik Negeri Media Kreatif,Desain Grafis,D-III,PTN,14023/SK/BAN-PT/Ak-PPJ/Dipl-III/XII/2021,2021,info@polimedia.ac.id,B,2027-01-11,Masih Berlaku
Universitas Trisakti,Desain Interior,S1,3,14021/SK/BAN-PT/Ak-PPJ/S/XII/2021,2025,fsrd@trisakti.ac.id,Baik Sekali,2027-01-11,Masih Berlaku
Institut Seni Indonesia Surakarta,Desain Interior,S1,PTN,8288/SK/BAN-PT/Ak-PPJ/S/XII/2020,2026,direct@isi-ska.ac.id,Unggul,2031-03-03,Masih Berlaku
Universitas Islam Nahdlatul Ulama Jepara,Desain Komunikasi Visual,S1,6,8568/SK/BAN-PT/Akred/S/XII/2020,2025,faksaintek@unisnu.ac.id,B,2030-12-23,Masih Berlaku
Universitas Halu Oleo,Perencanaan Dan Pengembangan Wilayah,S2,PTN,6380/SK/BAN-PT/Ak.S/M/V/2025,2026,s2ppw@uho.ac.id,Baik Sekali,2031-03-03,Masih Berlaku
Universitas Mataram,Perencanaan Kepariwisataan,S2,PTN,6094/SK/BAN-PT/Ak.P/M/III/2025,2025,rektorat@unram.ac.id,Baik,2030-12-18,Masih Berlaku
Politeknik Internasional Bali,Perencanaan Dan Pengembangan Pariwisata,S2 Terapan,8,6135/SK/BAN-PT/Ak.P/MTr/III/2025,2025,info@pib.ac.id,Terakreditasi Sementara,2030-03-25,Masih Berlaku
Universitas Brawijaya,Perencanaan Wilayah Dan Kota,S1,PTN,6154/SK/BAN-PT/Ak.Ppj/S/III/2025,2025,pwk@ub.ac.id,Unggul,2030-04-02,Masih Berlaku
Institut Sains Dan Teknologi Muhammadiyah Tarakan,Perencanaan Wilayah Dan Kota,S1,11,208/SK/BAN-PT/Ak/S/II/2025,2025,info@istm-tarakan.ac.id,Baik,2030-02-05,Masih Berlaku
Universitas Muhammadiyah Jambi,Perencanaan Wilayah Dan Kota,S1,10,85/SK/BAN-PT/Ak.P/S/I/2025,2025,info@umjambi.ac.id,Terakreditasi Sementara,2030-01-14,Masih Berlaku
Universitas Muhammadiyah Palopo,Perencanaan Wilayah Dan Kota,S1,9,6271/SK/BAN-PT/Ak.P/S/IV/2025,2025,info@umpalopo.ac.id,Baik,2027-04-29,Masih Berlaku
Universitas Sintuwu Maroso Poso,Perencanaan Wilayah Dan Perdesaan,S2,16,6266/SK/BAN-PT/Ak.P/M/IV/2025,2025,info@unsimar.ac.id,Baik,2027-04-29,Masih Berlaku
Institut Teknologi Nasional Yogyakarta,Perencanaan Wilayah Dan Kota,S1,5,6412/SK/BAN-PT/Ak.Ppj/S/V/2025,2025,info@itny.ac.id,B,2030-04-02,Masih Berlaku
Institut Teknologi Nasional Malang,Perencanaan Wilayah Dan Kota,S1,7,6485/SK/BAN-PT/Ak.KP/S/V/2025,2025,planologi-s1@itn.ac.id,Unggul,2029-07-17,Masih Berlaku
Institut Teknologi Sepuluh Nopember,Perencanaan Wilayah Dan Kota,S2,PTN,6433/SK/BAN-PT/Ak.P/M/V/2025,2026,tu_pwk@its.ac.id,Baik Sekali,2031-04-09,Masih Berlaku
Institut Teknologi Sumatera,Perencanaan Wilayah Dan Kota,S1,PTN,6549/SK/BAN-PT/Ak.KP/S/V/2025,2025,pwk@itera.ac.id,Baik Sekali,2029-05-29,Masih Berlaku
Universitas Jember,Perencanaan Wilayah Dan Kota,S1,PTN,6555/SK/BAN-PT/Ak.KP/S/V/2025,2025,humas@unej.ac.id,Baik Sekali,2029-05-15,Masih Berlaku
Universitas Muhammadiyah Pare-pare,Perencanaan Wilayah Dan Kota,S1,9,6595/SK/BAN-PT/Ak.P/S/V/2025,2025,info@umpar.ac.id,Baik,2027-05-15,Masih Berlaku
Universitas Teknologi Yogyakarta,Perencanaan Wilayah Dan Kota,S1,5,6626/SK/BAN-PT/Ak/S/V/2025,2025,info@uty.ac.id,Baik Sekali,2030-05-20,Masih Berlaku
Universitas Simalungun,Perencanaan Wilayah Dan Kota,S2,1,6751/SK/BAN-PT/Ak.S/M/VI/2025,2025,usi_psi@yahoo.com,B,,Masih Berlaku
Universitas Bangka Belitung,Perencanaan Wilayah Dan Kota,S1,PTN,6768/SK/BAN-PT/Ak.S/S/VI/2025,2025,info@ubb.ac.id,Baik,,Masih Berlaku
Universitas Muhammadiyah Barru,Perencanaan Wilayah Dan Kota,S1,9,2393/SK/BAN-PT/Ak.P/S1/VI/2025,2025,info@umbarru.ac.id,Terakreditasi Sementara,2030-06-24,Masih Berlaku
Universitas Islam Sultan Agung,Perencanaan Wilayah Dan Kota,S2,6,2408/SK/BAN-PT/Ak.P/S2/V/2025,2025,humas@unissula.ac.id,Terakreditasi Sementara,2030-05-14,Masih Berlaku
Universitas Muhammadiyah Sorong,Perencanaan Wilayah Dan Kota,S1,14,6847/SK/BAN-PT/Ak/S1/VII/2025,2025,info@unimuda.ac.id,Baik,2030-06-24,Masih Berlaku
Universitas Krisnadwipayana,Perencanaan Wilayah Dan Kota,S1,3,6871/SK/BAN-PT/Ak.S/S1/VII/2025,2026,humas@unkris.ac,Baik Sekali,2031-01-13,Masih Berlaku
Universitas Sebelas Maret,Perencanaan Wilayah Dan Kota,S1,PTN,7091/SK/BAN-PT/Ak.Ppj/S1/VII/2025,2025,pwk@ft.uns.ac.id,Unggul,2030-08-05,Masih Berlaku
Universitas Pasundan,Perencanaan Wilayah Dan Kota,S1,4,7359/SK/BAN-PT/Ak.Ppj/S/VIII/2025,2025,pwkftunpas@unpas.ac.id,Unggul,2030-09-02,Masih Berlaku
Universitas Pembangunan Panca Budi,Perencanaan Wilayah Dan Kota,S2,1,7392/SK/BAN-PT/Ak/M/VIII/2025,2025,humas@pancabudi.ac.id,Baik Sekali,2030-08-26,Masih Berlaku
Universitas Muhammadiyah Mataram,Perencanaan Wilayah Dan Kota,S1,8,7405/SK/BAN-PT/Ak/S/VIII/2025,2025,baak_umm@telkom.net,Baik Sekali,2030-08-27,Masih Berlaku
Universitas Muhammadiyah Banjarmasin,Perencanaan Wilayah Dan Kota,S1,11,7169/SK/BAN-PT/Ak.Ppj/S/VIII/2025,2025,info@umbjm.ac.id,B,2030-07-29,Masih Berlaku
Institut Teknologi Nasional Bandung,Perencanaan Wilayah Dan Kota,S1,4,7199/SK/BAN-PT/Ak.S/S/VIII/2025,2026,humas@itenas.ac.id,Baik Sekali,2031-02-24,Masih Berlaku
Politeknik Pariwisata Medan,Perencanaan Dan Pengembangan Pariwisata,S2 Terapan,PTKL,7291/SK/BAN-PT/Ak/MTr/VIII/2025,2025,pascasarjana@poltekparmedan.ac.id,Baik Sekali,2030-08-13,Masih Berlaku
Universitas Brawijaya,Perencanaan Wilayah Dan Kota,S3,PTN,7148/SK/BAN-PT/Ak.P/S3/VIII/2025,2025,humas@ub.ac.id,Terakreditasi Sementara,2030-08-25,Masih Berlaku
Institut Teknologi Bandung,Perencanaan Wilayah Dan Kota (Kampus Cirebon),S1,PTN,7177/SK/BAN-PT/Ak.P/2.0/S1/IX/2025,2025,humas@itb.ac.id,Terakreditasi Sementara,2030-09-09,Masih Berlaku
Universitas Sam Ratulangi,Ilmu Perencanaan Pembangunan Wilayah,S2,PTN,7569/SK/BAN-PT/Ak.S/M/IX/2025,2026,sim_usr@unsrat.ac.id,Baik Sekali,2031-04-14,Masih Berlaku
Universitas Sumatera Utara,Perencanaan Wilayah Dan Kota,S2,PTN,7196/SK/BAN-PT/Ak.P/2.0/S2/IX/2025,2025,humas@usu.ac.id,Terakreditasi Sementara,2030-09-16,Masih Berlaku
Universitas Sumatera Utara,Perencanaan Wilayah Dan Kota,S1,PTN,7195/SK/BAN-PT/Ak.P/2.0/S1/IX/2025,2025,humas@usu.ac.id,Terakreditasi Sementara,2030-09-16,Masih Berlaku
Universitas PGRI Adi Buana,Perencanaan Wilayah Dan Kota,S1,7,7940/SK/BAN-PT/Ak.KP/S/X/2025,2025,pwk@unipasby.ac.id,Baik Sekali,2029-10-17,Masih Berlaku
Universitas Negeri Gorontalo,Perencanaan Wilayah Dan Kota,S1,PTN,8099/SK/BAN-PT/Ak.P/S/X/2025,2025,info@ung.ac.id,Baik,2027-10-28,Masih Berlaku
Universitas Tarumanagara,Perencanaan Wilayah Dan Kota,S2,3,8192/SK/BAN-PT/Ak.Ppj/M/XI/2025,2025,prodi.s2pwk@ft.untar.ac.id,Baik Sekali,2030-09-05,Masih Berlaku
Universitas Islam Sultan Agung,Perencanaan Wilayah Dan Kota,S1,6,8194/SK/BAN-PT/Ak.Ppj/S/XI/2025,2025,informasi@unissula.ac.id,Unggul,2030-10-28,Masih Berlaku
Universitas Maritim Raja Ali Haji (UMRAH),Perencanaan Wilayah Dan Kota,S1,PTN,038/SK/BAN-PT/Ak.P/2.0/S1/X/2025,2025,humas@umrah.ac.id,Terakreditasi Sementara,2030-10-28,Masih Berlaku
Universitas Mahasaraswati Denpasar,Perencanaan Wilayah Dan Perdesaan,S2,8,8391/SK/BAN-PT/Ak.Ppj/M/XI/2025,2025,info@unmas.ac.id,Unggul,2030-09-30,Masih Berlaku
Universitas Palangka Raya,Perencanaan Wilayah Dan Kota,S2,PTN,98/SK/BAN-PT/Ak.P/M/I/2024,2026,info@upr.ac.id,Baik,,Masih Berlaku
Universitas Hindu Indonesia,Perencanaan Wilayah Dan Kota,S1,8,230/SK/BAN-PT/Ak.Ppj/S1/I/2024,2024,infos1@unhi.ac.id,B,2029-01-24,Masih Berlaku
Universitas 17 Agustus 1945 Samarinda,Perencanaan Wilayah Dan Kota,S1,11,193/SK/BAN-PT/Ak.P/S/I/2024,2024,info@untagsmd.ac.id,Terakreditasi Sementara,2029-01-23,Masih Berlaku
Universitas Trisakti,Perencanaan Wilayah Dan Kota,S1,3,553/SK/BAN-PT/Ak.KP/S/II/2024,2024,faltl@trisakti.ac.id,Unggul,2028-10-03,Masih Berlaku
Institut Pariwisata Dan Bisnis Internasional,Perencanaan Dan Pengembangan Pariwisata,S2 Terapan,8,355/SK/BAN-PT/Ak/MTr/II/2024,2024,info@ipbi.ac.id,Baik Sekali,2029-02-06,Masih Berlaku
Universitas Swadaya Gunung Djati,Perencanaan Wilayah Dan Kota,S1,4,372/SK/BAN-PT/Ak/S/II/2024,2024,perencanaanwilayahdankotaugj@gmail.com,Baik,2029-02-13,Masih Berlaku
Universitas Syiah Kuala,Perencanaan Wilayah Dan Kota,S1,PTN,466/SK/BAN-PT/Ak/S/II/2024,2024,pwk@unsyiah.ac.id,Baik Sekali,2029-02-20,Masih Berlaku
Universitas Tanjungpura,Perencanaan Wilayah Dan Kota,S1,PTN,427/SK/BAN-PT/Ak/S/II/2024,2024,humas@untan.ac.id,Baik Sekali,2029-02-20,Masih Berlaku
Universitas Sulawesi Barat,Perencanaan Wilayah Dan Kota,S1,PTN,425/SK/BAN-PT/Ak/S/II/2024,2024,info@unsulbar.ac.id,Baik,2029-02-20,Masih Berlaku
Universitas Diponegoro,Perencanaan Wilayah Dan Kota,S3,PTN,7011/SK/BAN-PT/Ak/D/XII/2024,2024,pdip@pwk.undip.ac.id,Baik Sekali,2029-12-11,Masih Berlaku
Politeknik Pariwisata NHI Bandung,Perencanaan Dan Pengembangan Pariwisata,S2 Terapan,PTKL,6934/SK/BAN-PT/Ak/MTr/XII/2024,2024,info@poltekpar-nhi.ac.id,Baik,2029-12-02,Masih Berlaku
Universitas Islam Negeri Alauddin Makassar,Teknik Perencanaan Wilayah Dan Kota,S1,PTAN,6785/SK/BAN-PT/Ak.KP/S/XI/2024,2024,kontak@uin-alauddin.ac.id,Baik Sekali,2028-03-21,Masih Berlaku
Institut Pertanian Bogor,Ilmu Perencanaan Pembangunan Wilayah Dan Pedesaan,S3,PTN,6560/SK/BAN-PT/Ak.KP/D/XI/2024,2024,pspwdipb@apps.ipb.ac.id,Unggul,2028-01-04,Masih Berlaku
Institut Pertanian Bogor,Ilmu Perencanaan Pembangunan Wilayah Dan Pedesaan,S2,PTN,6561/SK/BAN-PT/Ak.KP/M/XI/2024,2024,pspwdipb@apps.ipb.ac.id,Unggul,2027-08-16,Masih Berlaku
Universitas Muhammadiyah Sinjai,Perencanaan Wilayah Dan Kota,S1,9,6619/SK/BAN-PT/Ak.P/S/XI/2024,2026,info@umsinjai.ac.id,Baik,2031-05-12,Masih Berlaku
Universitas Pakuan,Perencanaan Wilayah Dan Kota,S1,4,6492/SK/BAN-PT/Ak/S/X/2024,2024,fakultasteknik@unpak.ac.id,Unggul,2029-10-29,Masih Berlaku
Universitas Tadulako,Perencanaan Wilayah Dan Kota,S1,PTN,6443/SK/BAN-PT/Ak/S/X/2024,2024,humas@untad.ac.id,Baik,2029-10-22,Masih Berlaku
Institut Teknologi Bandung,Perencanaan Wilayah Dan Kota,S1,PTN,6234/SK/BAN-PT/Ak.Ppj/S/X/2024,2024,itbpwk@pl.itb.ac.id,Unggul,2029-10-01,Masih Berlaku
Universitas Sam Ratulangi,Perencanaan Wilayah Dan Kota,S1,PTN,6190/SK/BAN-PT/Ak.Ppj/S/X/2024,2024,info@unsrat.ac.id,Unggul,2029-10-23,Masih Berlaku
Universitas Islam Bandung,Perencanaan Wilayah Dan Kota,S2,4,4855/SK/BAN-PT/Ak/M/VII/2024,2024,pascasarjana@unisba.ac.id,Baik Sekali,2029-07-02,Masih Berlaku
Universitas Gadjah Mada,Perencanaan Wilayah Dan Kota,S3,PTN,4746/SK/BAN-PT/Ak/D/VI/2024,2024,info@ugm.ac.id,Baik Sekali,2029-06-25,Masih Berlaku
Universitas Islam Riau,Perencanaan Wilayah Dan Kota,S1,17,5542/SK/BAN-PT/Ak.KP/S/VIII/2024,2024,info@uir.ac.id,Baik Sekali,2028-02-28,Masih Berlaku
Universitas Amikom Yogyakarta,Perencanaan Wilayah Dan Kota,S1,5,4683/SK/BAN-PT/Ak/S/VI/2024,2024,humas@amikom.ac.id,Baik,2029-06-12,Masih Berlaku
Institut Teknologi Bandung,Perencanaan Wilayah Dan Kota,S3,PTN,4647/SK/BAN-PT/Ak.Ppj/D/VI/2024,2024,wsalim@pl.itb.ac.id,Unggul,2029-06-26,Masih Berlaku
Universitas Winaya Mukti,Perencanaan Wilayah Dan Kota,S1,4,5044/SK/BAN-PT/Ak.Ppj/S/VII/2024,2025,planologi@unwim.ac.id,Baik Sekali,2029-07-17,Masih Berlaku
Universitas Sebelas Maret,Perencanaan Wilayah Dan Kota,S2,PTN,4601/SK/BAN-PT/Ak.P/M/VI/2024,2024,s2pwk@ft.uns.ac.id,Terakreditasi Sementara,2029-06-06,Masih Berlaku
Universitas Agung Podomoro,Perencanaan Wilayah Dan Kota,S1,3,4561/SK/BAN-PT/Ak/S/VI/2024,2024,rektorat@podomorouniversity.ac.id,Baik Sekali,2029-06-04,Masih Berlaku
Universitas Negeri Surabaya,Perencanaan Wilayah Dan Kota,S1,PTN,4447/SK/BAN-PT/Ak.P/S/V/2024,2024,info@unesa.ac.id,Terakreditasi Sementara,2029-05-28,Masih Berlaku
Institut Teknologi Dan Bisnis Karya Pembangunan Papua,Perencanaan Wilayah Dan Kota,S1,14,4052/SK/BAN-PT/Ak/S/V/2024,2024,info@itbkppapua.ac.id,Baik,2029-05-07,Masih Berlaku
Institut Teknologi Bandung,Perencanaan Kepariwisataan,S2,PTN,3997/SK/BAN-PT/Ak.KP/M/V/2024,2024,siti@sappk.itb.ac.id,Unggul,2027-07-07,Masih Berlaku
Universitas Nahdlatul Ulama Kalimantan Selatan,Perencanaan Wilayah Dan Kota,S1,11,3907/SK/BAN-PT/Ak/S/IV/2024,2024,info@unukalsel.ac.id,Baik,2029-04-29,Masih Berlaku
Universitas Sumatera Utara,Perencanaan Pembangunan Wilayah Dan Pedesaan,S2,PTN,3839/SK/BAN-PT/Ak.Ppj/M/IV/2024,2024,s2pwd.spsusu@gmail.com,Unggul,2029-05-01,Masih Berlaku
Universitas Hasanuddin,Perencanaan Dan Pengembangan Wilayah,S2,PTN,40/SK/BAN-PT/Ak.Ppj/M/I/2023,2023,info@pascaunhas.net,Unggul,2028-01-10,Masih Berlaku
Universitas Bosowa,Perencanaan Wilayah Dan Kota,S1,9,511/SK/BAN-PT/Ak.Ppj/S/II/2023,2023,info@universitasbosowa.ac.id,Unggul,2027-12-13,Masih Berlaku
Universitas Bosowa,Perencanaan Wilayah Dan Kota,S3,9,886/SK/BAN-PT/Ak/D/III/2023,2023,info@universitasbosowa.ac.id,Baik Sekali,2028-03-14,Masih Berlaku
Universitas Bina Taruna Gorontalo,Perencanaan Wilayah,S1,16,996/SK/BAN-PT/Ak/S/III/2023,2023,info@unbitar.ac.id,Baik,2028-03-21,Masih Berlaku
Politeknik Pariwisata Batam,Perencanaan Dan Pengembangan Pariwisata,S2 Terapan,17,1211/SK/BAN-PT/Ak/MTr/IV/2023,2023,s2tpd@btp.ac.id,Baik,2028-04-04,Masih Berlaku
Universitas Bung Hatta,Perencanaan Wilayah Dan Kota,S1,10,1837/SK/BAN-PT/Ak.Ppj/S/V/2023,2023,humas@bunghatta.ac.id,B,2028-05-31,Masih Berlaku
Universitas Muhammadiyah Makassar,Perencanaan Wilayah Dan Kota,S1,9,2095/SK/BAN-PT/Ak/S/VI/2023,2023,info@unismuh.ac.id,Baik,2028-06-06,Masih Berlaku
Universitas Hasanuddin,Perencanaan Wilayah Dan Kota,S1,PTN,2291/SK/BAN-PT/Akred-Itnl/S/VI/2023,2023,arsitek@ft.unhas.ac.id,Unggul,2027-09-30,Masih Berlaku
Universitas Muhammadiyah Berau,Perencanaan Wilayah Dan Kota,S1,11,2341/SK/BAN-PT/Ak/S/VI/2023,2023,info@umberau.ac.id,Baik,2028-06-20,Masih Berlaku
Universitas Sumatera Utara,Perencanaan Wilayah,S3,PTN,2514/SK/BAN-PT/Ak.Ppj/D/VI/2023,2023,sps@usu.ac.id,B,2028-07-11,Masih Berlaku
Universitas Pohuwato,Perencanaan Wilayah,S1,16,3954/SK/BAN-PT/Ak/S/X/2023,2023,info@unipo.ac.id,Baik,2028-10-03,Masih Berlaku
Institut Teknologi Kalimantan,Perencanaan Wilayah Dan Kota,S1,PTN,4385/SK/BAN-PT/Ak.Ppj/S/X/2023,2023,urp@itk.ac.id,B,2028-04-04,Masih Berlaku
Institut Sains Dan Teknologi Td Pardede,Perencanaan Wilayah Dan Kota,S1,1,4437/SK/BAN-PT/Ak/S/X/2023,2023,ftspistp@gmail.com,Baik,2028-10-31,Masih Berlaku
Institut Teknologi Indonesia,Perencanaan Wilayah Dan Kota,S1,3,4410/SK/BAN-PT/Ak/S/X/2023,2023,info@iti.ac.id,Baik Sekali,2028-10-31,Masih Berlaku
Universitas Bosowa,Perencanaan Wilayah Dan Kota,S2,9,4995/SK/BAN-PT/Ak.Ppj/M/XI/2023,2023,info@universitasbosowa.ac.id,Baik Sekali,2028-06-07,Masih Berlaku
Institut Pertanian Bogor,Ilmu Perencanaan Wilayah,S2,PTN,4927/SK/BAN-PT/Ak.KP/M/XI/2023,2023,soil@apps.ipb.ac.id,Unggul,2028-05-09,Masih Berlaku
Universitas Indonesia,Perencanaan Wilayah Dan Kota,S2,PTN,5053/SK/BAN-PT/Ak/M/XII/2023,2023,humas-ui@ui.ac.id,Baik Sekali,2028-12-05,Masih Berlaku
Universitas Komputer Indonesia,Teknik Perencanaan Wilayah Dan Kota,S1,4,5323/SK/BAN-PT/PEPA-Ppj/S/XII/2023,2026,pwk@unikom.ac.id,Baik Sekali,2031-04-09,Masih Berlaku
Institut Teknologi Sains Bandung,Perencanaan Wilayah Dan Kota,S1,4,5318/SK/BAN-PT/PEPA-Ppj/S/XII/2023,2023,office@itsb.ac,Baik,2028-07-25,Masih Berlaku
Universitas Islam Kuantan Singingi,Perencanaan Wilayah Dan Kota,S1,17,652/SK/BAN-PT/Ak-PPJ/S/I/2022,2022,info@uniks.ac.id,Baik,2026-09-30,123 hari lagi kadaluarsa
Universitas Terbuka,Perencanaan Wilayah Dan Kota,S1,PTN,1063/SK/BAN-PT/Ak-PPJ/S/II/2022,2022,pwk_fst@ecampus.ut.ac.id,B,2027-03-01,Masih Berlaku
Universitas Diponegoro,Perencanaan Tata Ruang Dan Pertanahan,D-IV,PTN,1327/SK/BAN-PT/Akred/ST/III/2022,2022,ptrp@live.undip.ac.id,Baik,2027-03-01,Masih Berlaku
Universitas Muhammadiyah Bulukumba,Perencanaan Wilayah Dan Kota,S1,9,1559/SK/BAN-PT/Akred/S/III/2022,2022,info@umbulukumba.ac.id,Baik,2027-03-08,Masih Berlaku
Universitas Sali Al-Aitaam,Perencanaan Wilayah Dan Kota,S1,4,2796/SK/BAN-PT/PB-PS/S/V/2022,2022,info@unisal.ac.id,Baik,2026-12-07,Masih Berlaku
Universitas Diponegoro,Perencanaan Wilayah Dan Kota,S1,PTN,3407/SK/BAN-PT/Akred-Itnl/S/V/2022,2022,dpwk@pwk.undip.ac.id,Unggul,2027-05-31,Masih Berlaku
Universitas Diponegoro,Perencanaan Wilayah Dan Kota,S2,PTN,3406/SK/BAN-PT/Akred-Itnl/M/V/2022,2022,mpwk@live.undip.ac.id,Unggul,2027-05-31,Masih Berlaku
Universitas Riau,Perencanaan Wilayah Dan Perdesaan,S2,PTN,4074/SK/BAN-PT/PB-PS/M/VII/2022,2022,humas@unri.ac.id,Baik,2026-07-05,36 hari lagi kadaluarsa
Institut Modern Arsitektur Dan Teknologi,Perencanaan Wilayah Dan Kota,S1,1,4072/SK/BAN-PT/PB-PS/S/VII/2022,2022,info@imat.ac.id,Baik,2026-06-17,18 hari lagi kadaluarsa
Institut Teknologi Dan Bisnis Stikom Ambon,Perencanaan Wilayah Dan Kota,S1,12,4073/SK/BAN-PT/PB-PS/S/VII/2022,2022,info@stikom-ambon.ac.id,Baik,2027-05-24,Masih Berlaku
Universitas Batam,Perencanaan Wilayah,S2,17,4637/SK/BAN-PT/Ak/M/VII/2022,2022,perencanaanwilayah@univbatam.ac.id,Baik,2027-07-20,Masih Berlaku
Universitas Islam Bandung,Perencanaan Wilayah Dan Kota,S1,4,4955/SK/BAN-PT/Ak-PPJ/S/VII/2022,2022,planologi@unisba.ac.id,Unggul,2027-08-02,Masih Berlaku
Universitas Cenderawasih,Perencanaan Wilayah Dan Kota,S2,PTN,5079/SK/BAN-PT/Ak/M/VII/2022,2022,humas@uncen.ac.id,Baik,2027-07-27,Masih Berlaku
Universitas Indo Global Mandiri,Perencanaan Wilayah Dan Kota,S1,2,6537/SK/BAN-PT/Ak.Ppj/S/IX/2022,2022,pwk@uigm.ac.id,B,2027-10-11,Masih Berlaku
Universitas Pattimura,Perencanaan Wilayah Dan Kota,S1,PTN,6843/SK/BAN-PT/Ak.KP/S/X/2022,2026,prodipwkft.1@gmail.com,Baik,2031-04-29,Masih Berlaku
Universitas Brawijaya,Perencanaan Wilayah Dan Kota,S2,PTN,7117/SK/BAN-PT/Ak/M/X/2022,2022,humas@ub.ac.id,Unggul,2027-10-11,Masih Berlaku
Universitas Amal Ilmiah Yapis Wamena,Perencanaan Wilayah Dan Kota,S1,14,8437/SK/BAN-PT/Ak/S/X/2022,2022,unaim.wamena@gmail.com,Baik,2027-10-25,Masih Berlaku
Universitas Hasanuddin,Perencanaan Wilayah Dan Kota,S2,PTN,10086/SK/BAN-PT/Ak/M/XI/2022,2022,info@unhas.ac.id,Baik,2027-11-30,Masih Berlaku
Universitas Tarumanagara,Perencanaan Wilayah Dan Kota,S1,3,10516/SK/BAN-PT/Ak-PPJ/S/VIII/2021,2025,prodi.s1pwk@ft.untar.ac.id,Baik Sekali,2026-08-27,89 hari lagi kadaluarsa
Universitas Semarang,Perencanaan Wilayah Dan Kota,S1,6,884/SK/BAN-PT/Akred/S/II/2021,2026,info@usm.ac.id,Baik,,Masih Berlaku
Universitas Lampung,Perencanaan Wilayah Dan Kota,S2,PTN,1611/SK/BAN-PT/Akred/M/III/2021,2026,pspwk@kpa.unila.ac.id,Baik Sekali,2031-03-03,Masih Berlaku
Universitas Teknologi Sulawesi Utara,Perencanaan Wilayah Dan Kota,S1,16,8953/SK/BAN-PT/Akred/S/VI/2021,2021,info@utsu.ac.id,Baik,2026-06-22,23 hari lagi kadaluarsa
Universitas Gadjah Mada,Perencanaan Wilayah Dan Kota,S1,PTN,10215/SK/BAN-PT/Akred-Itnl/S/VIII/2021,2021,s1pwk@ugm.ac.id,Unggul,2026-08-18,80 hari lagi kadaluarsa
Universitas Gadjah Mada,Perencanaan Wilayah Dan Kota,S2,PTN,10214/SK/BAN-PT/Akred-Itnl/M/VIII/2021,2021,info@ugm.ac.id,Unggul,2026-08-18,80 hari lagi kadaluarsa
Universitas Pakuan,Perencanaan Wilayah Dan Kota,S2,4,10328/SK/BAN-PT/Akred/M/VIII/2021,2021,magisterpwk@unpak.ac.id,Baik,2026-08-24,86 hari lagi kadaluarsa
Institut Teknologi Bandung,Perencanaan Wilayah Dan Kota,S2,PTN,10660/SK/BAN-PT/AK-ISK/M/IX/2021,2026,pmpwk@pl.itb.ac.id,Unggul,2031-04-23,Masih Berlaku
Universitas Diponegoro,Perencanaan Tata Ruang Wilayah Dan Kota K. Pekalongan,D-III,PTN,12068/SK/BAN-PT/Akred/Dipl-III/XI/2021,2021,psdkupwkpekalongan@gmail.com,Baik,2026-11-02,156 hari lagi kadaluarsa
Universitas Indonesia,Kajian Pengembangan Perkotaan,S2,PTN,6470/SK/BAN-PT/Ak.KP/M/V/2025,2025,kppui@yahoo.com,Unggul,2029-11-20,Masih Berlaku
Universitas Gadjah Mada,Rancang Kota,S2,PTN,370/SK/BAN-PT/Ak/M/II/2024,2024,info@ugm.ac.id,Baik,2029-02-13,Masih Berlaku
Institut Teknologi Bandung,Rancang Kota,S2,PTN,5363/SK/BAN-PT/Ak-PPJ/M/VIII/2022,2022,sekres2@ar.itb.ac.id,Unggul,2027-08-23,Masih Berlaku
Institut Teknologi Yogyakarta,Ilmu Lingkungan,S2,5,4803/SK/BAN-PT/Ak.Ppj/M/VI/2024,2024,ity.sttl@gmail.com,Baik,2029-07-10,Masih Berlaku
Universitas Al-Muslim,Ilmu Lingkungan,S1,13,7472/SK/BAN-PT/Ak.P/S/IX/2025,2025,info@almuslim.ac.id,Baik,2027-09-02,Masih Berlaku
Universitas Andalas,Ilmu Lingkungan,S2,PTN,3050/SK/BAN-PT/Ak/M/VIII/2023,2023,sekretariat@pasca.unand.ac.id,Baik Sekali,2028-08-01,Masih Berlaku
Universitas Bengkulu,Ilmu Lingkungan,S1,PTN,3811/SK/BAN-PT/Ak.P/S/IV/2024,2024,humas@unib.ac.id,Terakreditasi Sementara,2029-04-16,Masih Berlaku
Universitas Bojonegoro,Ilmu Lingkungan,S1,7,3784/SK/BAN-PT/Akred/S/VI/2022,2022,info@unigoro.ac.id,Baik,2027-06-21,Masih Berlaku
Universitas Brawijaya,Ilmu Lingkungan,S3,PTN,743/SK/BAN-PT/Ak/D/III/2024,2024,humas@ub.ac.id,Unggul,2029-03-13,Masih Berlaku
Universitas Caritas Indonesia,Ilmu Lingkungan,S1,14,5782/SK/BAN-PT/Ak.P/S/IX/2024,2024,univcaritasindonesia@gmail.com,Terakreditasi Sementara,2029-09-03,Masih Berlaku
Universitas Diponegoro,Ilmu Lingkungan,S2,PTN,7476/SK/BAN-PT/Ak.Ppj/M/IX/2025,2025,mil@live.undip.ac.id,Unggul,2030-09-05,Masih Berlaku
Universitas Diponegoro,Ilmu Lingkungan,S3,PTN,518/SK/BAN-PT/Ak.Ppj/D/II/2023,2023,dil@live.undip.ac.id,A,2028-02-21,Masih Berlaku
Universitas Dumoga Kotamobagu,Ilmu Lingkungan,S1,16,7303/SK/BAN-PT/Ak.P/S/VIII/2025,2025,admin-udk@udk.ac.id,Baik,2027-08-13,Masih Berlaku
Universitas Halu Oleo,Ilmu Lingkungan,S1,PTN,7500/SK/BAN-PT/Ak.S/S/IX/2025,2026,ilmu.lingkungan@uho.ac.id,Baik Sekali,2031-05-18,Masih Berlaku
Universitas Hasanuddin,Ilmu Lingkungan,S3,PTN,7128/SK/BAN-PT/Ak/S3/VIII/2025,2025,info@unhas.ac.id,Baik Sekali,2030-08-05,Masih Berlaku
Universitas Ibn Khaldun,Ilmu Lingkungan,S1,4,361/SK/BAN-PT/Ak.P/S/III/2025,2025,ft@uika-bogor.ac.id,Baik,2030-12-16,Masih Berlaku
Universitas Indonesia,Ilmu Lingkungan,S2,PTN,6763/SK/BAN-PT/Ak.Ppj/M/VI/2025,2025,psil_ui@link.net.id,Unggul,2030-06-29,Masih Berlaku
Universitas Indonesia,Ilmu Lingkungan,S3,PTN,1772/SK/BAN-PT/Ak.KP/D/V/2023,2025,psil_ui@link.net.id,Unggul,2030-12-31,Masih Berlaku
Universitas Islam Negeri Antasari Banjarmasin,Ilmu Lingkungan,S1,PTAN,7171/SK/BAN-PT/Ak.P/2.0/S1/IX/2025,2025,humas@uin-antasari.ac.id,Terakreditasi Sementara,2030-09-09,Masih Berlaku
Universitas Ivet,Ilmu Lingkungan,S1,6,1335/SK/BAN-PT/Akred/S/III/2022,2022,info@ivet.ac.id,Baik,2027-03-01,Masih Berlaku
Universitas Jambi,Ilmu Lingkungan,S2,PTN,13752/SK/BAN-PT/Ak-PPJ/M/XII/2021,2021,humas@unja.ac.id,B,2027-01-11,Masih Berlaku
Universitas Jenderal Soedirman,Ilmu Lingkungan,S2,PTN,3775/SK/BAN-PT/Akred/M/VI/2022,2022,pmsil_unsoed@yahoo.com,Baik Sekali,2027-06-21,Masih Berlaku
Universitas Katolik Soegijapranata,Ilmu Lingkungan,S3,6,8945/SK/BAN-PT/Akred/D/VI/2021,2021,humas@unika.ac.id,Baik,2026-06-22,23 hari lagi kadaluarsa
Universitas Kuningan,Ilmu Lingkungan,S1,4,4126/SK/BAN-PT/Akred/S/VII/2022,2022,info@uniku.ac.id,Baik,2027-07-05,Masih Berlaku
Universitas Lambung Mangkurat,Ilmu Lingkungan,S1,PTN,2401/SK/BAN-PT/Ak.P/S1/IV/2025,2025,humas@ulm.ac.id,Terakreditasi Sementara,2030-04-14,Masih Berlaku
Universitas Lambung Mangkurat,Ilmu Lingkungan,S3,PTN,601/SK/BAN-PT/Ak/D/II/2024,2024,humas@ulm.ac.id,Baik Sekali,2029-02-27,Masih Berlaku
Universitas Lampung,Ilmu Lingkungan,S2,PTN,6321/SK/BAN-PT/Ak/M/V/2025,2025,pps@unila.ac.id,Unggul,2030-05-06,Masih Berlaku
Universitas Lampung,Ilmu Lingkungan,S3,PTN,6625/SK/BAN-PT/Ak/D/V/2025,2025,humas@kpa.unila.ac.id,Baik Sekali,2030-05-20,Masih Berlaku
Universitas Lancang Kuning,Ilmu Lingkungan,S2,17,6428/SK/BAN-PT/Ak/M/X/2024,2024,s2ilmu_lingkungan@unilak.ac.id,Baik,2029-10-22,Masih Berlaku
Universitas Maritim Raja Ali Haji (UMRAH),Ilmu Lingkungan,S2,PTN,1220/SK/BAN-PT/Ak/M/IV/2023,2023,pascamil@umrah.ac.id,Baik,2028-04-04,Masih Berlaku
Universitas Mataram,Ilmu Lingkungan,S1,PTN,3467/SK/BAN-PT/Akred/S/VI/2022,2022,ilmulingkungan@unram.ac.id,Baik,2027-06-07,Masih Berlaku
Universitas Muhammadiyah Madiun,Ilmu Lingkungan,S1,7,2103/SK/BAN-PT/Ak/S/VI/2023,2023,ummad@ummad.ac.id,Baik,2028-06-06,Masih Berlaku
Universitas Muhammadiyah Mataram,Ilmu Lingkungan,S2,8,696/SK/BAN-PT/Ak/M/III/2024,2024,info@ummat.ac.id,Baik Sekali,2029-03-05,Masih Berlaku
Universitas Muhammadiyah Papua,Ilmu Lingkungan,S1,14,6326/SK/BAN-PT/Ak/S/V/2025,2025,mail@umpapua.ac.id,Baik,2030-05-06,Masih Berlaku
Universitas Mulawarman,Ilmu Lingkungan,S1,PTN,6953/SK/BAN-PT/Ak.S/S1/VII/2025,2026,humas@unmul.ac.id,Baik,2031-05-12,Masih Berlaku
Universitas Mulawarman,Ilmu Lingkungan,S3,PTN,4207/SK/BAN-PT/Ak/D/X/2023,2023,humas@unmul.ac.id,Baik Sekali,2028-10-17,Masih Berlaku
Universitas Mulawarman,Ilmu Lingkungan,S2,PTN,447/SK/BAN-PT/Ak-PPJ/M/I/2022,2022,psmil@unmul.ac.id,B,2026-08-05,67 hari lagi kadaluarsa
Universitas Musi Rawas,Ilmu Lingkungan,S2,2,342/SK/BAN-PT/Ak/M/III/2025,2025,info@unmura.ac.id,Baik,2030-03-04,Masih Berlaku
Universitas Musi Rawas,Ilmu Lingkungan,S1,2,7762/SK/BAN-PT/Ak/S/X/2025,2025,info@unmura.ac.id,Baik,2030-10-01,Masih Berlaku
Universitas Negeri Gorontalo,Ilmu Lingkungan,S1,PTN,851/SK/BAN-PT/Ak.P/S/III/2024,2026,ilmulingkungan@ung.ac.id,Baik,2031-05-12,Masih Berlaku
Universitas Negeri Gorontalo,Ilmu Lingkungan,S3,PTN,444/SK/BAN-PT/Ak.P/D/II/2024,2024,info@ung.ac.id,Terakreditasi Sementara,2029-02-20,Masih Berlaku
Universitas Negeri Manado,Ilmu Lingkungan,S1,PTN,6579/SK/BAN-PT/Ak.P/S/XI/2024,2024,humas@unima.ac.id,Terakreditasi Sementara,2029-11-05,Masih Berlaku
Universitas Negeri Padang,Ilmu Lingkungan,S1,PTN,6132/SK/BAN-PT/Ak.P/S/III/2025,2025,lingkungan@fmipa.unp.ac.id,Terakreditasi Sementara,2030-03-25,Masih Berlaku
Universitas Negeri Padang,Ilmu Lingkungan,S3,PTN,7805/SK/BAN-PT/Ak.S/D/X/2025,2025,humas@unp.ac.id,B,,Masih Berlaku
Universitas Negeri Padang,Ilmu Lingkungan,S2,PTN,5153/SK/BAN-PT/Ak.Ppj/M/VII/2024,2024,ppsunp@telkom.net,A,2029-07-31,Masih Berlaku
Universitas Negeri Semarang,Ilmu Lingkungan,S1,PTN,1085/SK/BAN-PT/Ak/S/III/2023,2023,lingkungan@mail.unnes.ac.id,Baik,2028-03-28,Masih Berlaku
Universitas Negeri Yogyakarta,Ilmu Lingkungan,S2,PTN,7012/SK/BAN-PT/Ak.P/S2/VII/2025,2026,humas@uny.ac.id,Baik,2031-04-28,Masih Berlaku
Universitas Nusa Cendana,Ilmu Lingkungan,S3,PTN,6122/SK/BAN-PT/Ak.P/D/X/2024,2024,info@undana.ac.id,Terakreditasi Sementara,2029-10-03,Masih Berlaku
Universitas Padjadjaran,Ilmu Lingkungan,S3,PTN,192/SK/BAN-PT/Ak.Ppj/D/I/2023,2023,prodi.mil-sil.pasca@unpad.ac.id,B,2027-08-02,Masih Berlaku
Universitas Padjadjaran,Ilmu Lingkungan,S2,PTN,1754/SK/BAN-PT/Ak.Ppj/M/V/2023,2023,prodi.mil-sil.pasca@unpad.ac.id,A,2028-05-23,Masih Berlaku
Universitas Palangka Raya,Ilmu Lingkungan,S3,PTN,7317/SK/BAN-PT/Ak.S/D/VIII/2025,2025,info@upr.ac.id,B,,Masih Berlaku
Universitas Papua,Ilmu Lingkungan,S3,PTN,1155/SK/BAN-PT/Akred/D/II/2022,2022,s3ilmulingkungan@unipa.ac.id,Baik,2027-02-22,Masih Berlaku
Universitas Pembangunan Nasional Veteran Jawa Timur,Ilmu Lingkungan,S2,PTN,8119/SK/BAN-PT/Ak.S/M/X/2025,2025,humas@upnjatim.ac.id,Baik,,Masih Berlaku
Universitas Persatuan Islam,Ilmu Lingkungan,S1,4,361/SK/BAN-PT/Ak/S/II/2024,2024,ilmulingkunganunipi@gmail.com,Baik,2029-02-06,Masih Berlaku
Universitas Riau,Ilmu Lingkungan,S2,PTN,1167/SK/BAN-PT/Ak.Ppj/M/IV/2024,2024,msi-ps@unri.ac.id,B,2029-04-17,Masih Berlaku
Universitas Sebelas Maret,Ilmu Lingkungan,S2,PTN,7431/SK/BAN-PT/Ak/M/IX/2025,2025,ilmulingkungan@mail.uns.ac.id,Unggul,2030-09-02,Masih Berlaku
Universitas Sebelas Maret,Ilmu Lingkungan,S3,PTN,4125/SK/BAN-PT/Ak/D/V/2024,2024,s3ilmulingkungan@mail.uns.ac.id,Unggul,2029-05-14,Masih Berlaku
Universitas Sebelas Maret,Ilmu Lingkungan,S1,PTN,11449/SK/BAN-PT/Akred/S/X/2021,2021,lingkungan@mail.uns.ac.id,Baik,2026-10-06,129 hari lagi kadaluarsa
Universitas Serasan,Ilmu Lingkungan,S1,2,8106/SK/BAN-PT/Ak.P/S/X/2025,2025,mail@unsan.ac.id,Baik,2027-10-28,Masih Berlaku
Universitas Sriwijaya,Ilmu Lingkungan,S3,PTN,12453/SK/BAN-PT/Akred/D/XI/2021,2021,mppl@pps.unsri.ac.id,Baik Sekali,2026-11-17,171 hari lagi kadaluarsa
Universitas Tanjungpura,Ilmu Lingkungan,S2,PTN,917/SK/BAN-PT/Ak/M/III/2024,2024,humas@untan.ac.id,Baik Sekali,2029-03-19,Masih Berlaku
Universitas Udayana,Ilmu Lingkungan,S2,PTN,6332/SK/BAN-PT/Ak.KP/M/V/2025,2025,mil@unud.ac.id,Unggul,2027-07-26,Masih Berlaku
Universitas Udayana,Ilmu Lingkungan,S3,PTN,7299/SK/BAN-PT/Ak.Ppj/D/VIII/2025,2025,dil@unud.ac.id,B,2030-08-05,Masih Berlaku
Universitas Wira Bhakti,Ilmu Lingkungan,S1,9,69/SK/BAN-PT/Ak.P/S/I/2025,2025,info@wirabhakti.ac.id,Terakreditasi Sementara,2030-01-14,Masih Berlaku
Institut Pertanian Bogor,Ilmu Pengelolaan Sumberdaya Alam Dan Lingkungan,S2,PTN,6350/SK/BAN-PT/Ak.KP/M/V/2025,2025,psl@apps.ipb.ac.id,Unggul,2028-08-17,Masih Berlaku
Institut Pertanian Bogor,Pengelolaan Sumberdaya Pesisir Dan Lautan,S3,PTN,6652/SK/BAN-PT/Ak.KP/D/V/2025,2025,spl@apps.ipb.ac.id,Unggul,2030-03-30,Masih Berlaku
Institut Pertanian Bogor,Pengelolaan Sumberdaya Pesisir Dan Lautan,S2,PTN,6382/SK/BAN-PT/Ak.Ppj/M/X/2024,2025,spl@apps.ipb.ac.id,Unggul,2029-10-31,Masih Berlaku
Institut Pertanian Bogor,Manajemen Sumberdaya Lahan,S1,PTN,1141/SK/BAN-PT/Ak.KP/S/III/2023,2023,msl@apps.ipb.ac.id,Unggul,2027-07-05,Masih Berlaku
Institut Pertanian Bogor,Ilmu Pengelolaan Sumberdaya Alam Dan Lingkungan,S3,PTN,5309/SK/BAN-PT/Ak.KP/D/VIII/2022,2022,psl@apps.ipb.ac.id,Unggul,2027-08-16,Masih Berlaku
Politeknik Negeri Lampung,Teknik Sumberdaya Lahan Dan Lingkungan,D-III,PTN,0344/SK/LAM Teknik/VD3/VIII/2024,2024,ps_tsl@polinela.ac.id,Baik Sekali,2029-08-20,Masih Berlaku
Universitas Al-Muslim,Pengelolaan Sumberdaya Alam Dan Lingkungan,S2,13,6950/SK/BAN-PT/Ak.P/M/XII/2024,2025,info@almuslim.ac.id,Baik Sekali,2030-12-16,Masih Berlaku
Universitas Brawijaya,Pengelolaan Sumberdaya Lingkungan Dan Pembangunan,S2,PTN,10371/SK/BAN-PT/Ak.Ppj/M/XII/2022,2022,mppl@ub.ac.id,Unggul,2027-12-28,Masih Berlaku
Universitas Cenderawasih,Pengelolaan Sumberdaya Alam Dan Lingkungan,S2,PTN,3054/SK/BAN-PT/Ak-PPJ/M/V/2022,2022,humas@uncen.ac.id,B,2027-05-24,Masih Berlaku
Universitas Hasanuddin,Pengelolaan Sumberdaya Pesisir Terpadu,S2,PTN,1546/SK/BAN-PT/Akred/M/III/2022,2022,ppsp.fikp@unhas.ac.id,Baik Sekali,2027-03-08,Masih Berlaku
Universitas Jember,Pengelolaan Sumberdaya Air Pertanian,S2,PTN,9676/SK/BAN-PT/Ak/M/XI/2022,2022,mpsda@unej.ac.id,Baik Sekali,2027-11-22,Masih Berlaku
Universitas Lambung Mangkurat,Pengelolaan Sumberdaya Alam & Lingkungan,S2,PTN,2835/SK/BAN-PT/Akred/M/V/2021,2026,psdaling@ulm.ac.id,Baik Sekali,2031-05-12,Masih Berlaku
Universitas Mataram,Pengelolaan Sumberdaya Alam Dan Lingkungan,S2,PTN,6757/SK/BAN-PT/Ak.P/M/VI/2025,2025,psdaling@unram.ac.id,Baik,2027-06-04,Masih Berlaku
Universitas Mulawarman,Pengelolaan Sumberdaya Perikanan,S1,PTN,621/SK/BAN-PT/Ak.Ppj/S/II/2024,2024,psp_fpik@unmul.ac.id,A,2029-02-27,Masih Berlaku
Universitas Palangka Raya,Pengelolaan Sumberdaya Alam & Lingkungan,S2,PTN,3893/SK/BAN-PT/Ak.Ppj/M/IX/2023,2023,psdal@upr.ac.id,Baik Sekali,2027-11-15,Masih Berlaku
Universitas Panca Bhakti,Pengelolaan Sumberdaya Alam Dan Lingkungan,S2,11,6125/SK/BAN-PT/Ak.P/M/X/2024,2024,info@upb.ac.id,Terakreditasi Sementara,2029-10-03,Masih Berlaku
Universitas Pattimura,Manajemen Sumberdaya Kelautan Dan Pulau-pulau Kecil,S2,PTN,1170/SK/BAN-PT/Ak.Ppj/M/IV/2024,2024,psdp.fpik@unpatti.ac.id,B,2029-04-10,Masih Berlaku
Universitas Sam Ratulangi,Pengelolaan Sumberdaya Pembangunan,S2,PTN,6580/SK/BAN-PT/Ak.S/M/V/2025,2025,sim_usr@unsrat.ac.id,B,2031-06-17,Masih Berlaku
Universitas Serambi Mekkah,Pengelolaan Sumberdaya Alam Dan Lingkungan,S2,13,45/SK/BAN-PT/Ak.P/M/I/2025,2025,pps@serambimekkah.ac.id,Terakreditasi Sementara,2030-01-14,Masih Berlaku
Universitas Syiah Kuala,Pengelolaan Sumberdaya Pesisir Terpadu,S2,PTN,7571/SK/BAN-PT/Ak.S/M/IX/2025,2026,ppsp@usk.ac.id,Baik Sekali,2031-05-12,Masih Berlaku
Universitas Al-azhar Indonesia,Pengelolaan Sumber Daya Alam,S2,3,7772/SK/BAN-PT/Ak.P/M/X/2025,2025,info@uai.ac.id,Baik,2027-10-01,Masih Berlaku
Universitas Andalas,Pengelolaan Sumber Daya Alam,S2,PTN,6579/SK/BAN-PT/Ak.S/M/V/2025,2025,psdal@pasca.unand.ac.id,B,,Masih Berlaku
Universitas Bengkulu,Pengelolaan Sumber Daya Alam,S3,PTN,8267/SK/BAN-PT/Ak/D/XI/2025,2025,psdal.fp@unib.ac.id,Baik Sekali,2030-11-11,Masih Berlaku
Universitas Muhammadiyah Bangka Belitung,Konservasi Sumber Daya Alam,S1,2,4219/SK/BAN-PT/Ak/S/X/2023,2023,ksda@unmuhbabel.ac.id,Baik,2028-10-17,Masih Berlaku
Universitas Sumatera Utara,Pengelolaan Sumber Daya Alam Dan Lingkungan,S2,PTN,4650/SK/BAN-PT/Ak/M/VI/2024,2024,psdal@usu.ac.id,Baik Sekali,2029-06-11,Masih Berlaku
Universitas Syiah Kuala,Pengelolaan Sumber Daya Alam,S2,PTN,6373/SK/BAN-PT/Ak.S/M/V/2025,2025,psdl@usk.ac.id,B,2031-06-17,Masih Berlaku
Universitas Teknologi Sumbawa,Konservasi Sumber Daya Alam,S1,8,175/SK/BAN-PT/Ak.P/S/II/2025,2025,konservasi@uts.ac.id,Baik,2027-02-04,Masih Berlaku
Universitas Trunojoyo,Pengelolaan Sumber Daya Alam,S3,PTN,006/SK/BAN-PT/Ak.P/2.0/S3/X/2025,2025,pascasarjana@trunojoyo.ac.id,Terakreditasi Sementara,2030-10-06,Masih Berlaku
Universitas Trunojoyo,Pengelolaan Sumber Daya Alam,S2,PTN,5223/SK/BAN-PT/Ak/M/VIII/2024,2024,psdl@trunojoyo.ac.id,Baik Sekali,2029-08-06,Masih Berlaku
Politeknik Pertanian Negeri Samarinda,Pengelolaan Lingkungan,D-III,PTN,13352/SK/BAN-PT/Akred/Dipl-III/XII/2021,2021,pl@politanisamarinda.ac.id,Baik,2026-12-15,Masih Berlaku
Universitas Hasanuddin,Pengelolaan Lingkungan Hidup,S2,PTN,4127/SK/BAN-PT/Ak.Ppj/M/V/2024,2024,mpslh@pasca.unhas.ac.id,Unggul,2029-05-29,Masih Berlaku
Universitas Syiah Kuala,Pengelolaan Lingkungan,S2,PTN,7896/SK/BAN-PT/Ak.S/M/X/2025,2026,mpl@usk.ac.id,Unggul,2031-05-12,Masih Berlaku
Institut Pertanian Bogor,Manajemen Sumberdaya Perairan,S1,PTN,6484/SK/BAN-PT/Ak.KP/S/V/2025,2025,msp@apps.ipb.ac.id,Unggul,2028-04-04,Masih Berlaku
Institut Pertanian Bogor,Pengelolaan Sumberdaya Perairan,S2,PTN,2498/SK/BAN-PT/Ak.KP/M/VI/2023,2023,msp@apps.ipb.ac.id,Unggul,2027-09-27,Masih Berlaku
Institut Pertanian Bogor,Pengelolaan Sumberdaya Perairan,S3,PTN,4297/SK/BAN-PT/Ak.KP/D/X/2023,2023,msp@apps.ipb.ac.id,Unggul,2027-12-28,Masih Berlaku
Institut Teknologi Dan Bisnis Maritim Balik Diwa,Pemanfaatan Sumberdaya Perairan,S1,9,6095/SK/BAN-PT/Ak-PNB/S/IX/2022,2026,info@balikdiwa.ac.id,B,2030-12-14,Masih Berlaku
Universitas Diponegoro,Manajemen Sumberdaya Perairan,S3,PTN,4008/SK/BAN-PT/Ak.Ppj/D/V/2024,2024,msp.fpik@live.undip.ac.id,Unggul,2029-05-16,Masih Berlaku
Universitas Diponegoro,Manajemen Sumberdaya Perairan,S2,PTN,3731/SK/BAN-PT/Ak.KP/M/IV/2024,2024,msp.fpik@live.undip.ac.id,Unggul,2029-03-06,Masih Berlaku
Universitas Halmahera,Manajemen Sumberdaya Perairan,S1,12,3121/SK/BAN-PT/Ak/S/VIII/2023,2023,info@uniera.ac.id,Baik,2028-08-08,Masih Berlaku
Universitas HKBP Nommensen Pematangsiantar,Manajemen Pengelolaan Sumberdaya Perairan,S1,1,3466/SK/BAN-PT/Akred/S/VI/2022,2022,info@uhnpematangsiantar.ac.id,Baik,2027-06-07,Masih Berlaku
Universitas Musamus Merauke,Manajemen Sumberdaya Perairan,S1,PTN,371/SK/BAN-PT/Ak/S/II/2024,2024,msp@unmus.ac.id,Baik Sekali,2029-02-13,Masih Berlaku
Universitas Sumatera Utara,Manajemen Sumberdaya Perairan Kampus Kabupaten Nias Utara,S1,PTN,4553/SK/BAN-PT/Ak/S/VI/2024,2024,msp@usu.ac.id,Baik,2029-06-04,Masih Berlaku
Universitas Tanjungpura,Manajemen Sumberdaya Perairan,S1,PTN,6526/SK/BAN-PT/Ak.KP/S/V/2025,2025,msp.fpik@untan.ac.id,Baik Sekali,2029-03-13,Masih Berlaku
Universitas Trunojoyo,Manajemen Sumberdaya Perairan,S1,PTN,2407/SK/BAN-PT/Ak/S/VI/2023,2023,msp@trunojoyo.ac.id,Baik Sekali,2028-06-20,Masih Berlaku
Universitas Udayana,Manajemen Sumberdaya Perairan,S1,PTN,10173/SK/BAN-PT/Ak/S/XII/2022,2022,msp.fpik@unud.ac.id,Baik Sekali,2027-12-06,Masih Berlaku
Universitas Gadjah Mada,Geografi Lingkungan,S1,PTN,038/SK/LAMSAMA/Akred/S/V/2024,2024,info@universitasgadjahmada.ac.id,Unggul,2029-05-26,Masih Berlaku
Universitas Negeri Padang,Kajian Lingkungan dan Pembangunan,S3,PTN,7570/SK/BAN-PT/Ak.S/D/IX/2025,2025,info@universitasnegeripadang.ac.id,B,,Masih Berlaku
Universitas Negeri Gorontalo,Kependudukan dan Lingkungan Hidup,S2,PTN,9544/SK/BAN-PT/Ak-PPJ/M/XI/2022,2022,info@universitasnegerigoronta.ac.id,B,2026-10-07,127 hari lagi kadaluarsa
Universitas Muhammadiyah Gorontalo,Manajemen Sumber Daya Hayati,S2,16,274/DE/A.5/AR.11/III/2024,2024,info@universitasmuhammadiyahg.ac.id,Baik,2029-03-21,Masih Berlaku
Universitas Maritim Raja Ali Haji (UMRAH),Manajemen Sumberdaya Perairan,S1,PTN,9620/SK/BAN-PT/Ak-PPJ/S/VII/2021,2021,info@universitasmaritimrajaal.ac.id,B,2026-07-22,50 hari lagi kadaluarsa
Universitas Nusa Cendana,Manajemen Sumberdaya Perairan,S1,PTN,8772/SK/BAN-PT/Ak/S/XII/2025,2025,info@universitasnusacendana.ac.id,Baik Sekali,2030-12-18,Masih Berlaku
Universitas Negeri Makassar,Pendidikan Kependudukan dan Lingkungan Hidup,S3,PTN,1313/SK/BAN-PT/AK-ISK/D/III/2022,2022,info@universitasnegerimakassa.ac.id,Baik Sekali,2026-10-21,141 hari lagi kadaluarsa
Universitas Atma Jaya Yogyakarta,Pendidikan Profesi Arsitek,Profesi,05,5801/SK/BAN-PT/Ak.P/PP/IX/2024,2024,info@universitasatmajayayogya.ac.id,Terakreditasi Sementara,2029-09-03,Masih Berlaku
Universitas Bina Nusantara,Pendidikan Profesi Arsitek,Profesi,03,7130/SK/BAN-PT/Ak.P/Profesi/VIII/2025,2025,info@universitasbinanusantara.ac.id,Terakreditasi Sementara,2030-08-25,Masih Berlaku
Universitas Brawijaya,Pendidikan Profesi Arsitek,Profesi,PTN,214/SK/BAN-PT/Ak.P/PP/II/2025,2025,info@universitasbrawijaya.ac.id,Baik,2030-02-11,Masih Berlaku
Universitas Diponegoro,Pendidikan Profesi Arsitek,Profesi,PTN,7140/SK/BAN-PT/Ak.P/Profesi/VIII/2025,2025,info@universitasdiponegoro.ac.id,Terakreditasi Sementara,2030-08-25,Masih Berlaku
Universitas Gadjah Mada,Pendidikan Profesi Arsitek,Profesi,PTN,392/SK/BAN-PT/PEPA-Ppj/PP/II/2024,2024,info@universitasgadjahmada.ac.id,Baik Sekali,2029-02-01,Masih Berlaku
Universitas Hasanuddin,Pendidikan Profesi Arsitek,Profesi,PTN,7256/SK/BAN-PT/Ak.P/PP/VIII/2025,2025,info@universitashasanuddin.ac.id,Baik,2030-08-06,Masih Berlaku
Universitas Islam Negeri Alauddin Makassar,Pendidikan Profesi Arsitek,Profesi,PTAN,160/SK/BAN-PT/Ak.P/2.0/Profesi/III/2026,2026,info@universitasislamnegerial.ac.id,Terakreditasi Pertama,2028-03-31,Masih Berlaku
Universitas Katolik Parahyangan,Pendidikan Profesi Arsitek,Profesi,04,4604/SK/BAN-PT/Ak.P/PP/VI/2024,2024,info@universitaskatolikparahy.ac.id,Terakreditasi Sementara,2029-06-06,Masih Berlaku
Universitas Mercu Buana,Pendidikan Profesi Arsitek,Profesi,03,2407/SK/BAN-PT/Ak.P/Profesi/V/2025,2025,info@universitasmercubuana.ac.id,Terakreditasi Sementara,2030-05-14,Masih Berlaku
Universitas Muhammadiyah Surakarta,Pendidikan Profesi Arsitek,Profesi,06,066/SK/BAN-PT/Ak.P/2.0/Profesi/I/2026,2026,info@universitasmuhammadiyahs.ac.id,Terakreditasi Pertama,2028-01-26,Masih Berlaku
Universitas Multimedia Nusantara Jakarta,Pendidikan Profesi Arsitek,Profesi,03,8079/SK/BAN-PT/Ak.P/PP/X/2025,2025,info@universitasmultimedianus.ac.id,Baik,2030-10-22,Masih Berlaku
Universitas Pancasila,Pendidikan Profesi Arsitek,Profesi,03,227/SK/BAN-PT/Ak.P/2.0/Profesi/V/2026,2026,info@universitaspancasila.ac.id,Terakreditasi Pertama,2028-05-25,Masih Berlaku
Universitas Pembangunan Jaya,Pendidikan Profesi Arsitek,Profesi,04,159/SK/BAN-PT/Ak.P/2.0/Profesi/III/2026,2026,info@universitaspembangunanja.ac.id,Terakreditasi Pertama,2028-03-31,Masih Berlaku
Universitas Tanjungpura,Pendidikan Profesi Arsitek,Profesi,PTN,7118/SK/BAN-PT/Ak.P/Profesi/VIII/2025,2025,info@universitastanjungpura.ac.id,Terakreditasi Sementara,2030-08-25,Masih Berlaku
Universitas Tarumanagara,Pendidikan Profesi Arsitek,Profesi,03,032/SK/BAN-PT/Ak.P/2.0/Profesi/X/2025,2025,info@universitastarumanagara.ac.id,Terakreditasi Sementara,2030-10-21,Masih Berlaku
Universitas Udayana,Pendidikan Profesi Arsitek,Profesi,PTN,4634/SK/BAN-PT/Ak.P/PP/VI/2024,2024,info@universitasudayana.ac.id,Terakreditasi Sementara,2029-06-11,Masih Berlaku
Universitas Warmadewa,Pendidikan Profesi Arsitek,Profesi,08,2400/SK/BAN-PT/Ak.P/Profesi/IV/2025,2025,info@universitaswarmadewa.ac.id,Terakreditasi Sementara,2030-04-14,Masih Berlaku
Universitas Amal Ilmiah Yapis Wamena,Pengelolaan Sumber Daya Lahan,S1,14,7101/SK/BAN-PT/Ak/S/X/2022,2022,info@universitasamalilmiahyap.ac.id,Baik,2027-10-11,Masih Berlaku
Universitas Pertamina,Sains Keberlanjutan,S2,03,7139/SK/BAN-PT/Ak.P/S2/VIII/2025,2025,info@universitaspertamina.ac.id,Terakreditasi Sementara,2030-08-25,Masih Berlaku
Institut Teknologi Bandung,Teknik dan Pengelolaan Sumber Daya Air,S1,PTN,13518/SK/BAN-PT/Akred/S/XII/2021,2021,info@institutteknologibandung.ac.id,Unggul,2026-12-22,Masih Berlaku
Universitas Andalas,Pembangunan Wilayah dan Pedesaan,S2,,,2026,humas@unand.ac.id,A,2026-10-06,Masih Berlaku
Universitas Insan Cendekia Mandiri,Pertamanan,S1,,,2026,,Baik,2031-01-13,Masih Berlaku
Institut Teknologi Sumatera,Sains Lingkungan Kelautan,S1,,,2021,humas@itera.ac.id,Baik,2026-12-15,Masih Berlaku
Universitas Gadjah Mada,Pembangunan Wilayah,S1,,,2024,info@ugm.ac.id,Unggul,2029-10-01,Masih Berlaku
Universitas Terbuka,Studi Lingkungan,S2,,,2026,hallo-ut@ut.ac.id,B,2031-01-28,Masih Berlaku
Universitas Pgri Sumatera Barat,Studi Lingkungan,S2,,,2025,,Baik,2027-03-25,Masih Berlaku
Universitas Sultan Ageng Tirtayasa,Studi Lingkungan,S2,,,2026,,Baik,2026-11-29,Masih Berlaku
Universitas Lampung,Manajemen Sumber Daya Alam,S2,,,,humas@kpa.unila.ac.id,,,Tidak Ada Data
Institut Pertanian Bogor,Teknik dan Manajemen Lingkungan,D-IV,,,2025,humas@apps.ipb.ac.id,Unggul,2030-08-20,Masih Berlaku
Universitas Annuqayah,Sains Lingkungan,S1,,,,,,,Tidak Ada Data
Universitas Negeri Makassar,Sains Lingkungan,S1,,,,humas@unm.ac.id,,,Tidak Ada Data
Universitas Pgri Kalimantan,Sains Lingkungan,S1,,,2025,,Terakreditasi Sementara,2030-09-17,Masih Berlaku
Universitas Pgri Palembang,Sains Lingkungan,S1,,,2024,,Baik,2029-03-19,Masih Berlaku
Universitas Nahdlatul Ulama Purwokerto,Sains Lingkungan,S1,,,,,,,Tidak Ada Data
Politeknik Negeri Jakarta,Teknologi Rekayasa Cetak dan Grafis 3 Dimensi,D-IV,,,2025,humas@pnj.ac.id,Terakreditasi Unggul,2028-12-20,Masih Berlaku
Politeknik Negeri Jakarta,Teknologi Industri Cetak Kemasan,D-IV,,,2023,humas@pnj.ac.id,Unggul,2028-04-20,Masih Berlaku
Universitas Sahid,Manajemen Lingkungan,S2,,,2024,,Baik,2029-03-04,Masih Berlaku
Universitas Pakuan,Manajemen Lingkungan,S2,,,2023,info@unpak.ac.id,Baik Sekali,2027-12-31,Masih Berlaku
Universitas Pendidikan Ganesha,Manajemen Lingkungan,S2,,,2024,humas@undiksha.ac.id,Baik Sekali,2029-07-05,Masih Berlaku
Universitas Negeri Jakarta,Manajemen Lingkungan,S2,,,2023,humas@unj.ac.id,Unggul,2028-08-31,Masih Berlaku
Universitas Indonesia,Profesi Arsitek,Profesi,,,2026,humas-ui@ui.ac.id,Baik,2031-04-21,Masih Berlaku
Universitas Islam Indonesia,Profesi Arsitek,Profesi,,,2026,info@uii.ac.id,Baik Sekali,2031-03-17,Masih Berlaku
Universitas Sebelas Maret,Profesi Arsitek,Profesi,,,2025,humas@mail.uns.ac.id,Terakreditasi Sementara,2030-03-25,Masih Berlaku
Universitas Syiah Kuala,Profesi Arsitek,Profesi,,,2024,humas@usk.ac.id,Terakreditasi Sementara,2029-01-23,Masih Berlaku
Universitas Sumatera Utara,Profesi Arsitek,Profesi,,,2022,humas@usu.ac.id,B,2027-12-06,Masih Berlaku
Institut Teknologi Bandung,Profesi Arsitek,Profesi,,,2025,humas@itb.ac.id,Terakreditasi Sementara,2030-09-16,Masih Berlaku
Politeknik Tedc,Multimedia,D-I,,,,info@poltektedc.ac.id,,,Tidak Ada Data
Politeknik Elektronika Negeri Surabaya,Multimedia,D-I,,,,,,,Tidak Ada Data
Politeknik Bali Maha Werdhi,Multimedia,D-III,,,2026,info@politeknikbmw.ac.id,Baik,2026-08-31,Masih Berlaku
