Universitas,Program Studi,Jenjang,Tipe,Nomor SK,Tahun,Singkatan Umum/Resmi,Email
Universitas Nusa Cendana,Arsitektur,S1,PTN,2224/SK/BAN-PT/Ak-PPJ/S/IV/2022,2022,UNDANA,s1arsitektur@UNDANA.ac.id
Universitas Fajar,Arsitektur,S1,9,2168/SK/BAN-PT/Akred-PMT/S/IV/2022,2022,UNIFA,s1arsitektur@UNIFA.ac.id
Universitas Merdeka Surabaya,Arsitektur,S1,7,2631/SK/BAN-PT/AK-ISK/S/IV/2022,2022,UNMERBAYA,s1arsitektur@UNMERBAYA.ac.id
Universitas Teknologi Yogyakarta,Arsitektur,S1,5,3168/SK/BAN-PT/Ak-PPJ/S/V/2022,2022,UTY,s1arsitektur@UTY.ac.id
Universitas Diponegoro,Ilmu Arsitektur Dan Perkotaan,S3,PTN,3405/SK/BAN-PT/Akred-Itnl/D/V/2022,2022,UNDIP,s3ilmuarsitekturdanperkotaan@UNDIP.ac.id
Universitas Pendidikan Indonesia,Arsitektur,S2,PTN,3282/SK/BAN-PT/Akred/M/V/2022,2022,UPI,s2arsitektur@UPI.ac.id
Universitas Malikussaleh,Arsitektur,S1,PTN,3540/SK/BAN-PT/Ak-PPJ/S/VI/2022,2022,UNIMAL,s1arsitektur@UNIMAL.ac.id
Institut Modern Arsitektur Dan Teknologi,Arsitektur,S1,1,4013/SK/BAN-PT/PB-PS/S/VII/2022,2022,IMAT,s1arsitektur@IMAT.ac.id
Universitas Sumatera Utara,Arsitektur,S1,PTN,4376/SK/BAN-PT/Akred-PMT/S/VII/2022,2022,USU,s1arsitektur@USU.ac.id
Institut Sains Dan Teknologi TD Pardede,Arsitektur,S1,1,4438/SK/BAN-PT/Ak-PPJ/S/VII/2022,2022,ISTP,s1arsitektur@ISTP.ac.id
Universitas Mpu Tantular,Arsitektur,S1,3,5064/SK/BAN-PT/Ak.S/S/VII/2022,2022,UMT,s1arsitektur@UMT.ac.id
Universitas Prisma,Arsitektur,S1,16,5206/SK/BAN-PT/Ak/S/VIII/2022,2022,UNPRIS,s1arsitektur@UNPRIS.ac.id
Universitas Nusa Nipa,Arsitektur,S1,15,5741/SK/BAN-PT/Ak.Ppj/S/VIII/2022,2022,UNIPA,s1arsitektur@UNIPA.ac.id
Universitas Hasanuddin,Arsitektur,S2,PTN,5810/SK/BAN-PT/Ak.Ppj/M/VIII/2022,2022,UNHAS,s2arsitektur@UNHAS.ac.id
Institut Teknologi Kalimantan,Arsitektur,S1,PTN,5909/SK/BAN-PT/Ak/S/IX/2022,2022,ITK,s1arsitektur@ITK.ac.id
Sekolah Tinggi Ilmu Teknik Trisula,Arsitektur,S1,2,5912/SK/BAN-PT/Ak/S/IX/2022,2022,STIT Trisula,s1arsitektur@STITTrisula.ac.id
Universitas Nahdlatul Ulama Kalimantan Selatan,Teknik Arsitektur,S1,11,5983/SK/BAN-PT/Ak/S/IX/2022,2022,UNUKASE,s1teknikarsitektur@UNUKASE.ac.id
Universitas Pandanaran,Arsitektur,S1,6,6895/SK/BAN-PT/Ak.KP/S/X/2022,2022,UNPAND,s1arsitektur@UNPAND.ac.id
Universitas Bina Taruna Gorontalo,Arsitektur,S1,16,7309/SK/BAN-PT/Ak.KP/S/X/2022,2022,UNBITA,s1arsitektur@UNBITA.ac.id
Universitas Nahdlatul Ulama Gorontalo,Arsitektur,S1,16,7982/SK/BAN-PT/Ak/S/X/2022,2022,UNUGO,s1arsitektur@UNUGO.ac.id
Universitas Ichsan Gorontalo,Teknik Arsitektur,S1,16,8455/SK/BAN-PT/Ak.Ppj/S/X/2022,2022,UNISAN,s1teknikarsitektur@UNISAN.ac.id
Universitas Negeri Makassar,Arsitektur,S1,PTN,9677/SK/BAN-PT/Ak/S/XI/2022,2022,UNM,s1arsitektur@UNM.ac.id
Universitas Nahdlatul Ulama Kalimantan Timur,Arsitektur,S1,11,9678/SK/BAN-PT/Ak/S/XI/2022,2022,UNUKALTARA,s1arsitektur@UNUKALTARA.ac.id
Universitas Negeri Gorontalo,Teknik Arsitektur,S1,PTN,10067/SK/BAN-PT/Ak/S/XI/2022,2022,UNG,s1teknikarsitektur@UNG.ac.id
Universitas Atma Jaya Yogyakarta,Arsitektur,S2,5,135/SK/BAN-PT/Ak-PPJ/M/I/2021,2021,UAJY,s2arsitektur@UAJY.ac.id
Universitas Internasional Batam,Arsitektur,S1,17,877/SK/BAN-PT/Akred/S/II/2021,2021,UIB,s1arsitektur@UIB.ac.id
Universitas Sumatera Utara,Ilmu Arsitektur Dan Perkotaan,S3,PTN,1008/SK/BAN-PT/Akred/D/II/2021,2021,USU,s3ilmuarsitekturdanperkotaan@USU.ac.id
Universitas Islam Negeri Walisongo Semarang,Ilmu Seni Dan Arsitektur Islam,S1,PTAN,1722/SK/BAN-PT/Akred/S/III/2021,2021,UIN Walisongo,s1ilmusenidanarsitekturislam@UINWalisongo.ac.id
Universitas Kristen Indonesia,Arsitektur,S1,3,1961/SK/BAN-PT/AK-ISK/S/IV/2021,2021,UKI,s1arsitektur@UKI.ac.id
Universitas Bina Nusantara,Arsitektur,S1,3,2300/SK/BAN-PT/Ak-PPJ/S/IV/2021,2021,BINUS,s1arsitektur@BINUS.ac.id
Universitas Widya Mataram,Arsitektur,S1,5,2544/SK/BAN-PT/Ak-PPJ/S/IV/2021,2021,UWMY,s1arsitektur@UWMY.ac.id
Universitas Katolik Parahyangan,Arsitektur,S2,4,2516/SK/BAN-PT/Ak-PPJ/M/IV/2021,2021,UNPAR,s2arsitektur@UNPAR.ac.id
Universitas Kristen Maranatha,Arsitektur,S1,4,2682/SK/BAN-PT/Akred/S/V/2021,2021,UKM,s1arsitektur@UKM.ac.id
Universitas Selamat Sri,Arsitektur,S1,6,2740/SK/BAN-PT/Ak-TMSP/S/V/2021,2021,UNISS,s1arsitektur@UNISS.ac.id
Politeknik Negeri Pontianak,Arsitektur Bangunan Gedung,D4,PTN,3038/SK/BAN-PT/Akred/ST/V/2021,2021,POLNEP,d4arsitekturbangunangedung@POLNEP.ac.id
Institut Teknologi Sumatera,Arsitektur Lanskap,S1,PTN,3029/SK/BAN-PT/Akred/S/V/2021,2021,ITERA,s1arsitekturlanskap@ITERA.ac.id
Universitas Katolik Soegijapranata,Arsitektur,S2,6,2980/SK/BAN-PT/AK-ISK/M/V/2021,2021,UNIKA Soegijapranata,s2arsitektur@UNIKASoegijapranata.ac.id
Institut Teknologi Minaesa,Arsitektur,S1,16,8714/SK/BAN-PT/Ak-PPJ/S/VI/2021,2021,ITM,s1arsitektur@ITM.ac.id
Universitas 17 Agustus 1945 Semarang,Arsitektur,S1,6,8712/SK/BAN-PT/Ak-PPJ/S/VI/2021,2021,UNTAG Semarang,s1arsitektur@UNTAGSemarang.ac.id
Universitas Pendidikan Indonesia,Pendidikan Teknik Arsitektur,S1,PTN,9144/SK/BAN-PT/Akred-Itnl/S/VI/2021,2021,UPI,s1pendidikanteknikarsitektur@UPI.ac.id
Universitas Syiah Kuala,Arsitektur,S2,PTN,9424/SK/BAN-PT/Akred/M/VII/2021,2021,USK,s2arsitektur@USK.ac.id
Universitas Ibrahimy,Arsitektur,S1,7,9671/SK/BAN-PT/Akred/S/VII/2021,2021,UNIB,s1arsitektur@UNIB.ac.id
Institut Teknologi Garut,Arsitektur,S1,4,10720/SK/BAN-PT/PB-PS/S/IX/2021,2021,ITG,s1arsitektur@ITG.ac.id
Universitas Hasanuddin,Arsitektur,S1,PTN,10813/SK/BAN-PT/AK-ISK/S/IX/2021,2021,UNHAS,s1arsitektur@UNHAS.ac.id
Universitas Tomakaka,Arsitektur,S1,9,11083/SK/BAN-PT/Akred/S/IX/2021,2021,UNIV. TOMAKAKA,s1arsitektur@UNIV.TOMAKAKA.ac.id
Universitas Agung Podomoro,Arsitektur,S1,3,11782/SK/BAN-PT/Akred/S/X/2021,2021,UAP,s1arsitektur@UAP.ac.id
Universitas Indonesia,Arsitektur,S1,PTN,11713/SK/BAN-PT/AK-ISK/S/X/2021,2021,UI,s1arsitektur@UI.ac.id
Institut Teknologi Calvin,Arsitektur,S1,3,11875/SK/BAN-PT/Akred/S/X/2021,2021,ITC,s1arsitektur@ITC.ac.id
Universitas Nusantara Manado,Arsitektur,S1,16,12071/SK/BAN-PT/Akred/S/XI/2021,2021,UNSAT,s1arsitektur@UNSAT.ac.id
Universitas Quality Berastagi,Arsitektur,S1,1,12565/SK/BAN-PT/Akred/S/XI/2021,2021,UQB,s1arsitektur@UQB.ac.id
Universitas Bhinneka PGRI,Arsitektur,S1,7,12747/SK/BAN-PT/Akred/S/XII/2021,2021,UBHARA,s1arsitektur@UBHARA.ac.id
Institut Teknologi Sepuluh Nopember,Arsitektur,S1,PTN,12847/SK/BAN-PT/Ak-PPJ/S/XII/2021,2021,ITS,s1arsitektur@ITS.ac.id
Universitas Gunadarma,Arsitektur,S1,3,13442/SK/BAN-PT/AK-ISK/S/XII/2021,2021,UG,s1arsitektur@UG.ac.id
Universitas Muhammadiyah Surakarta,Arsitektur,S1,6,13456/SK/BAN-PT/AK-ISK/S/XII/2021,2021,UMS,s1arsitektur@UMS.ac.id
Universitas Ekasakti,Arsitektur,S1,10,13831/SK/BAN-PT/Ak-PPJ/S/XII/2021,2021,UNES,s1arsitektur@UNES.ac.id
Universitas Lancang Kuning,Arsitektur,S1,17,13847/SK/BAN-PT/Ak-PPJ/S/XII/2021,2021,UNILAK,s1arsitektur@UNILAK.ac.id
Universitas Sam Ratulangi,Arsitektur,S1,PTN,11709/SK/BAN-PT/Akred-PMT/S/X/2021,2021,UNSRAT,s1arsitektur@UNSRAT.ac.id
Sekolah Tinggi Arsitektur YKPN Yogyakarta,Gambar Arsitektur,D3,5,6199/SK/BAN-PT/PEPA-Ppj/D3/IV/2025,2025,STARS YKPN,d3gambararsitektur@STARSYKPN.ac.id
Universitas Muhammadiyah Aceh,Arsitektur,S1,13,6190/SK/BAN-PT/PEPA-Ppj/S/IV/2025,2025,UNMUHA,s1arsitektur@UNMUHA.ac.id
Universitas Presiden,Arsitektur,S1,4,6082/SK/BAN-PT/Ak.P/S/III/2025,2025,PRESIDENT UNIVERSITY,s1arsitektur@PRESIDENTUNIVERSITY.ac.id
Institut Seni Indonesia Surakarta,Arsitektur,S1,PTN,471/SK/BAN-PT/Ak.P/S/III/2025,2025,ISI Surakarta,s1arsitektur@ISISurakarta.ac.id
Universitas Prima Indonesia,Arsitektur,S1,1,426/SK/BAN-PT/Ak/S/III/2025,2025,UNPRI,s1arsitektur@UNPRI.ac.id
Universitas Katolik Parahyangan,Ilmu Arsitektur,S3,4,455/SK/BAN-PT/Ak.Ppj/D/III/2025,2025,UNPAR,s3ilmuarsitektur@UNPAR.ac.id
Universitas Brawijaya,Arsitektur,S1,PTN,430/SK/BAN-PT/Ak.Ppj/S/III/2025,2025,UB,s1arsitektur@UB.ac.id
Institut Sains Dan Teknologi Nasional,Arsitektur Lanskap,S1,3,390/SK/BAN-PT/Ak/S/III/2025,2025,ISTN,s1arsitekturlanskap@ISTN.ac.id
Institut Sains Dan Teknologi Nasional,Arsitektur,S1,3,8216/SK/BAN-PT/Ak.KP/S/XI/2025,2025,ISTN,s1arsitektur@ISTN.ac.id
Universitas Kristen Duta Wacana,Arsitektur,S2,5,302/SK/BAN-PT/Ak/M/II/2025,2025,UKDW,s2arsitektur@UKDW.ac.id
Universitas Yapis Papua,Arsitektur,S1,14,317/SK/BAN-PT/Ak.P/S/II/2025,2025,UNIYAP,s1arsitektur@UNIYAP.ac.id
Politeknik Negeri Sriwijaya,Arsitektur Bangunan Gedung,D4,PTN,141/SK/BAN-PT/Ak.P/STr/I/2025,2025,POLSRI,d4arsitekturbangunangedung@POLSRI.ac.id
Institut Teknologi Bandung,Arsitektur,S2,PTN,160/SK/BAN-PT/Ak.Ppj/M/I/2025,2025,ITB,s2arsitektur@ITB.ac.id
Institut Teknologi Bandung,Arsitektur,S1,PTN,159/SK/BAN-PT/Ak.Ppj/S/I/2025,2025,ITB,s1arsitektur@ITB.ac.id
Institut Teknologi Bacharuddin Jusuf Habibie,Arsitektur,S1,PTN,28/SK/BAN-PT/Ak.P/S/I/2025,2025,ITH,s1arsitektur@ITH.ac.id
Universitas Al Washliyah Darussalam Banda Aceh,Arsitektur,S1,13,78/SK/BAN-PT/Ak.P/S/I/2025,2025,UNIVA,s1arsitektur@UNIVA.ac.id
Universitas Madani,Arsitektur,S1,5,4/SK/BAN-PT/Ak.P/S/I/2025,2025,UMDA,s1arsitektur@UMDA.ac.id
Universitas Sam Ratulangi,Arsitektur,S3,PTN,9/SK/BAN-PT/Ak.P/D/I/2025,2025,UNSRAT,s3arsitektur@UNSRAT.ac.id
Universitas Sebelas Maret,Arsitektur,S1,PTN,448/SK/BAN-PT/Ak.Ppj/S/III/2025,2025,UNS,s1arsitektur@UNS.ac.id
Universitas Borobudur,Arsitektur,S1,3,6225/SK/BAN-PT/Ak.S/S/IV/2025,2025,UNBOR,s1arsitektur@UNBOR.ac.id
Universitas Udayana,Arsitektur,S2,PTN,6241/SK/BAN-PT/Ak.KP/M/IV/2025,2025,UNUD,s2arsitektur@UNUD.ac.id
Universitas Warmadewa,Arsitektur,S1,8,6213/SK/BAN-PT/Ak/S/IV/2025,2025,UNWAR,s1arsitektur@UNWAR.ac.id
Universitas Muhammadiyah Bengkulu,Arsitektur,S1,2,6270/SK/BAN-PT/Ak.P/S/IV/2025,2025,UMB,s1arsitektur@UMB.ac.id
Universitas Negeri Manado,Arsitektur,S1,PTN,6276/SK/BAN-PT/Ak.S/S/IV/2025,2025,UNIMA,s1arsitektur@UNIMA.ac.id
Universitas Tunas Pembangunan Surakarta,Arsitektur,S1,6,6311/SK/BAN-PT/Ak.Ppj/S/IV/2025,2025,UTP,s1arsitektur@UTP.ac.id
Universitas Langlang Buana,Arsitektur,S1,4,6370/SK/BAN-PT/Ak.S/S/V/2025,2025,UNLA,s1arsitektur@UNLA.ac.id
Universitas Merdeka Malang,Arsitektur,S1,7,6362/SK/BAN-PT/Ak.KP/S/V/2025,2025,UNMER Malang,s1arsitektur@UNMERMalang.ac.id
Universitas Tribhuwana Tungga Dewi,Arsitektur Lanskap,S1,7,6556/SK/BAN-PT/Ak.S/S/V/2025,2025,UNITRI,s1arsitekturlanskap@UNITRI.ac.id
Universitas Persada Indonesia Yai,Arsitektur,S1,3,6547/SK/BAN-PT/Ak.KP/S/V/2025,2025,UPI Y.A.I,s1arsitektur@UPIY.A.I.ac.id
Universitas Pelita Harapan,Arsitektur,S1,3,6452/SK/BAN-PT/Ak/S/V/2025,2025,UPH,s1arsitektur@UPH.ac.id
Universitas Islam Negeri Sunan Ampel,Arsitektur,S1,PTAN,6531/SK/BAN-PT/Ak.KP/S/V/2025,2025,UINSA,s1arsitektur@UINSA.ac.id
Universitas Islam Negeri Datokarama Palu,Arsitektur,S1,PTAN,6597/SK/BAN-PT/Ak.P/S/V/2025,2025,UIN Datokarama,s1arsitektur@UINDatokarama.ac.id
Institut Pertanian Bogor,Arsitektur Lanskap,S1,PTN,6645/SK/BAN-PT/Ak.KP/S/V/2025,2025,IPB,s1arsitekturlanskap@IPB.ac.id
Universitas Matana,Arsitektur,S1,4,6619/SK/BAN-PT/Ak/S/V/2025,2025,UM,s1arsitektur@UM.ac.id
Universitas Medan Area,Arsitektur,S1,1,6695/SK/BAN-PT/Ak.Ppj/S/V/2025,2025,UMA,s1arsitektur@UMA.ac.id
Universitas Negeri Medan,Arsitektur,S1,PTN,6698/SK/BAN-PT/Ak/S/V/2025,2025,UNIMED,s1arsitektur@UNIMED.ac.id
Universitas Islam Indonesia,Arsitektur,S1,5,6762/SK/BAN-PT/Ak.Ppj/S/VI/2025,2025,UII,s1arsitektur@UII.ac.id
Universitas Ubudiyah Indonesia,Arsitektur,S1,13,6809/SK/BAN-PT/Ak/S/VI/2025,2025,UUI,s1arsitektur@UUI.ac.id
Universitas Lambung Mangkurat,Arsitektur,S2,PTN,2403/SK/BAN-PT/Ak.P/S2/IV/2025,2025,ULM,s2arsitektur@ULM.ac.id
Universitas Indo Global Mandiri,Arsitektur,S1,2,6955/SK/BAN-PT/Ak/S1/VII/2025,2025,UIGM,s1arsitektur@UIGM.ac.id
Universitas Faletehan,Arsitektur (Kampus Kota Bandung),S1,4,7074/SK/BAN-PT/Ak.S/S1/VII/2025,2025,UF,s1arsitekturkampuskotabandung@UF.ac.id
Universitas Madako Tolitoli,Arsitektur,S1,16,7078/SK/BAN-PT/Ak.Ppj/S1/VII/2025,2025,UMTOL,s1arsitektur@UMTOL.ac.id
Universitas Diponegoro,Teknik Infrastruktur Sipil Dan Perancangan Arsitektur,D4,PTN,0647/SK/LAM Teknik/VST/VIII/2025,2025,UNDIP,d4teknikinfrastruktursipildanperancanganarsitektur@UNDIP.ac.id
Universitas Gunadarma,Arsitektur (Kampus Kabupaten Penajam Paser Utara),S1,3,7128/SK/BAN-PT/Ak.P/S/VIII/2025,2025,UG,s1arsitekturkampuskabupatenpenajampaserutara@UG.ac.id
Universitas Subang,Arsitektur,S1,4,7124/SK/BAN-PT/Ak.S/S/VIII/2025,2025,UNSUB,s1arsitektur@UNSUB.ac.id
Universitas Hasanuddin,Ilmu Arsitektur,S3,PTN,7232/SK/BAN-PT/Ak.Ppj/D/VIII/2025,2025,UNHAS,s3ilmuarsitektur@UNHAS.ac.id
Institut Teknologi Adhi Tama Surabaya,Arsitektur,S1,7,7312/SK/BAN-PT/Ak.S/S/VIII/2025,2025,ITATS,s1arsitektur@ITATS.ac.id
Universitas Multimedia Nusantara Jakarta,Arsitektur,S1,3,7318/SK/BAN-PT/Ak/S/VIII/2025,2025,UMN,s1arsitektur@UMN.ac.id
Universitas Tridinanti,Arsitektur,S1,2,7507/SK/BAN-PT/Ak.S/S/IX/2025,2025,UNTRI,s1arsitektur@UNTRI.ac.id
Universitas Islam Negeri Sulthan Thaha Saifuddin Jambi,Arsitektur,S1,PTAN,7464/SK/BAN-PT/Ak.P/S/IX/2025,2025,UIN STS Jambi,s1arsitektur@UINSTSJambi.ac.id
Universitas Kristen Petra,Arsitektur,S1,7,7469/SK/BAN-PT/Ak.Ppj/S/IX/2025,2025,UK Petra,s1arsitektur@UKPetra.ac.id
Universitas Katolik Darma Cendika,Arsitektur,S1,7,7491/SK/BAN-PT/Ak.Ppj/S/IX/2025,2025,UKDC,s1arsitektur@UKDC.ac.id
Universitas Krisnadwipayana,Arsitektur,S1,3,7515/SK/BAN-PT/Ak.S/S/IX/2025,2025,UNKRIS,s1arsitektur@UNKRIS.ac.id
Universitas Lampung,Arsitektur,S1,PTN,7444/SK/BAN-PT/Ak/S/IX/2025,2025,UNILA,s1arsitektur@UNILA.ac.id
Universitas Jayabaya,Arsitektur,S1,3,7516/SK/BAN-PT/Ak.S/S/IX/2025,2025,UJ,s1arsitektur@UJ.ac.id
Universitas Negeri Yogyakarta,Arsitektur,S1,PTN,7551/SK/BAN-PT/Ak.P/S/IX/2025,2025,UNY,s1arsitektur@UNY.ac.id
Institut Desain Dan Bisnis Bali,Arsitektur,S1,8,7129/SK/BAN-PT/Ak.P/S1/VIII/2025,2025,IDB Bali,s1arsitektur@IDBBali.ac.id
Politeknik Dewantara,Arsitektur Bangunan Gedung,D4,9,7138/SK/BAN-PT/Ak.P/D4/VIII/2025,2025,POLIDEWA,d4arsitekturbangunangedung@POLIDEWA.ac.id
Universitas Klabat,Arsitektur,S1,16,7169/SK/BAN-PT/Ak.P/2.0/S1/IX/2025,2025,UNKLAB,s1arsitektur@UNKLAB.ac.id
Universitas Kristen Indonesia Tomohon,Arsitektur,S1,16,7610/SK/BAN-PT/Ak/S/IX/2025,2025,UKIT,s1arsitektur@UKIT.ac.id
Politeknik Negeri Pontianak,Arsitektur,D3,PTN,7796/SK/BAN-PT/Ak.S/D3/X/2025,2025,POLNEP,d3arsitektur@POLNEP.ac.id
Universitas Islam Negeri Sunan Kalijaga,Arsitektur,S1,PTAN,7746/SK/BAN-PT/Ak.S/S/X/2025,2025,UIN Suka,s1arsitektur@UINSuka.ac.id
Universitas Muhammadiyah Kendari,Arsitektur,S1,9,7824/SK/BAN-PT/PEPA-Ppj/S/X/2025,2025,UMKENDARI,s1arsitektur@UMKENDARI.ac.id
Universitas Wijayakusuma Purwokerto,Arsitektur,S1,6,7901/SK/BAN-PT/PEPA-Ppj/S/X/2025,2025,UNWIKU,s1arsitektur@UNWIKU.ac.id
Universitas Nahdlatul Ulama Sulawesi Tenggara,Teknik Arsitektur,S1,9,7873/SK/BAN-PT/Ak.S/S/X/2025,2025,UNUSRA,s1teknikarsitektur@UNUSRA.ac.id
Universitas 17 Agustus 1945 Surabaya,Arsitektur,S1,7,7908/SK/BAN-PT/PEPA-Ppj/S/X/2025,2025,UNTAG Surabaya,s1arsitektur@UNTAGSurabaya.ac.id
Universitas Udayana,Arsitektur Lanskap,S1,PTN,8027/SK/BAN-PT/Ak-PNB/S/X/2025,2025,UNUD,s1arsitekturlanskap@UNUD.ac.id
Universitas Winaya Mukti,Arsitektur,S1,4,8118/SK/BAN-PT/Ak.S/S/X/2025,2025,UNWIM,s1arsitektur@UNWIM.ac.id
Universitas Ngurah Rai,Arsitektur,S1,8,8109/SK/BAN-PT/Ak.S/S/X/2025,2025,UNAR,s1arsitektur@UNAR.ac.id
Universitas Komputer Indonesia,Teknik Arsitektur,S1,4,8092/SK/BAN-PT/Ak/S/X/2025,2025,UNIKOM,s1teknikarsitektur@UNIKOM.ac.id
Universitas Islam Negeri Alauddin Makassar,Teknik Arsitektur,S1,PTAN,8222/SK/BAN-PT/Ak.Ppj/S/XI/2025,2025,UIN Alauddin,s1teknikarsitektur@UINAlauddin.ac.id
Universitas Sam Ratulangi,Arsitektur,S2,PTN,8232/SK/BAN-PT/Ak.Ppj/M/XI/2025,2025,UNSRAT,s2arsitektur@UNSRAT.ac.id
Universitas Tarumanagara,Arsitektur,S1,3,8219/SK/BAN-PT/Ak.Ppj/S/XI/2025,2025,UNTAR,s1arsitektur@UNTAR.ac.id
Universitas Trisakti,Arsitektur,S2,3,8175/SK/BAN-PT/Ak/M/XI/2025,2025,Usakti,s2arsitektur@Usakti.ac.id
Universitas Muhammadiyah Semarang,Arsitektur,S1,6,8340/SK/BAN-PT/Ak/S/XI/2025,2025,UNIMUS,s1arsitektur@UNIMUS.ac.id
Universitas Negeri Gorontalo,Arsitektur Bangunan Gedung,D4,PTN,8339/SK/BAN-PT/Ak/STr/XI/2025,2025,UNG,d4arsitekturbangunangedung@UNG.ac.id
Universitas Persatuan Guru Republik Indonesia Semarang,Arsitektur,S1,6,8396/SK/BAN-PT/Ak.Ppj/S/XI/2025,2025,UPGRIS,s1arsitektur@UPGRIS.ac.id
Universitas Palangka Raya,Arsitektur,S1,PTN,8449/SK/BAN-PT/Ak.KP/S/XII/2025,2025,UPR,s1arsitektur@UPR.ac.id
Universitas Gunadarma,Arsitektur,S2,3,8496/SK/BAN-PT/Ak.Ppj/M/XII/2025,2025,UG,s2arsitektur@UG.ac.id
Universitas Negeri Surabaya,Arsitektur Bangunan Gedung,D4,PTN,087/SK/BAN-PT/Ak.P/2.0/D4/XII/2025,2025,UNESA,d4arsitekturbangunangedung@UNESA.ac.id
Universitas Andalas,Arsitektur,S1,PTN,40/SK/BAN-PT/Ak.P/S/I/2024,2024,UNAND,s1arsitektur@UNAND.ac.id
Universitas Trisakti,Arsitektur Lansekap,S1,3,6079/SK/BAN-PT/Ak.Ppj/S/X/2024,2024,Usakti,s1arsitekturlansekap@Usakti.ac.id
Institut Pertanian Bogor,Arsitektur Lanskap,S2,PTN,121/SK/BAN-PT/Ak.Ppj/M/I/2024,2024,IPB,s2arsitekturlanskap@IPB.ac.id
Universitas Pendidikan Indonesia,Arsitektur,S1,PTN,250/SK/BAN-PT/PEPA-Ppj/S/I/2024,2024,UPI,s1arsitektur@UPI.ac.id
Universitas Bung Hatta,Arsitektur,S2,10,241/SK/BAN-PT/PEPA-Ppj/M/I/2024,2024,UBH,s2arsitektur@UBH.ac.id
Universitas Muslim Indonesia,Arsitektur,S1,9,305/SK/BAN-PT/PEPA-Ppj/S/I/2024,2024,UMI,s1arsitektur@UMI.ac.id
Universitas Katolik Santo Thomas,Arsitektur,S1,1,944/SK/BAN-PT/Ak.Ppj/S/III/2024,2024,UNIKA Santo Thomas,s1arsitektur@UNIKASantoThomas.ac.id
Universitas Muhammadiyah Surabaya,Arsitektur,S1,7,740/SK/BAN-PT/Ak/S/III/2024,2024,UM Surabaya,s1arsitektur@UMSurabaya.ac.id
Universitas Pembangunan Panca Budi,Arsitektur,S1,1,735/SK/BAN-PT/Ak/S/III/2024,2024,UNPAB,s1arsitektur@UNPAB.ac.id
Universitas Islam Negeri Profesor Kiai Haji Saifuddin Zuhri Purwokerto,Arsitektur,S1,PTAN,844/SK/BAN-PT/Ak.P/S/III/2024,2024,UIN SAIZU,s1arsitektur@UINSAIZU.ac.id
Sekolah Tinggi Arsitektur YKPN Yogyakarta,Arsitektur,S1,5,725/SK/BAN-PT/Ak/S/III/2024,2024,STARS YKPN,s1arsitektur@STARSYKPN.ac.id
Universitas Negeri Semarang,Teknik Arsitektur,S1,PTN,605/SK/BAN-PT/Ak/S/II/2024,2024,UNNES,s1teknikarsitektur@UNNES.ac.id
Universitas Tanri Abeng,Arsitektur,S1,3,608/SK/BAN-PT/PEPA-Ppj/S/II/2024,2024,TA UNIVERSITY,s1arsitektur@TAUNIVERSITY.ac.id
Politeknik Negeri Bengkalis,Teknologi Rekayasa Arsitektur Perkapalan,D4,PTN,354/SK/BAN-PT/Ak/STr/II/2024,2024,POLBENG,d4teknologirekayasaarsitekturperkapalan@POLBENG.ac.id
Institut Teknologi Dan Bisnis Ahmad Dahlan Lamongan,Arsitektur,S1,7,339/SK/BAN-PT/Ak/S/II/2024,2024,ITB ADL,s1arsitektur@ITBADL.ac.id
Universitas Sriwijaya,Arsitektur,S1,PTN,462/SK/BAN-PT/PEPA-Ppj/S/II/2024,2024,UNSRI,s1arsitektur@UNSRI.ac.id
Universitas Tadulako,Arsitektur,S2,PTN,439/SK/BAN-PT/Ak.P/M/II/2024,2024,UNTAD,s2arsitektur@UNTAD.ac.id
Universitas Trisakti,Arsitektur,S3,3,6955/SK/BAN-PT/Ak.P/D/XII/2024,2024,Usakti,s3arsitektur@Usakti.ac.id
Universitas Muhammadiyah Banjarmasin,Arsitektur,S1,11,6928/SK/BAN-PT/Ak.Ppj/S/XI/2024,2024,UMB,s1arsitektur@UMB.ac.id
Universitas Indonesia,Arsitektur,S2,PTN,6741/SK/BAN-PT/Ak.KP/M/XI/2024,2024,UI,s2arsitektur@UI.ac.id
Universitas Lambung Mangkurat,Arsitektur,S1,PTN,6700/SK/BAN-PT/Ak/S/XI/2024,2024,ULM,s1arsitektur@ULM.ac.id
Universitas Trisakti,Arsitektur,S1,3,6730/SK/BAN-PT/Ak.KP/S/XI/2024,2024,Usakti,s1arsitektur@Usakti.ac.id
Universitas Katolik Widya Mandira Kupang,Arsitektur,S1,15,6536/SK/BAN-PT/Ak/S/XI/2024,2024,UNWIRA,s1arsitektur@UNWIRA.ac.id
Universitas Katolik Parahyangan,Arsitektur,S1,4,6525/SK/BAN-PT/Ak.Ppj/S/X/2024,2024,UNPAR,s1arsitektur@UNPAR.ac.id
Universitas Kaltara,Arsitektur,S1,11,6320/SK/BAN-PT/Ak/S/X/2024,2024,UKALTARA,s1arsitektur@UKALTARA.ac.id
Universitas Muhammadiyah Jakarta,Arsitektur,S1,3,6406/SK/BAN-PT/PEPA-Ppj/S/X/2024,2024,UMJ,s1arsitektur@UMJ.ac.id
Universitas Atma Jaya Yogyakarta,Arsitektur,S1,5,6078/SK/BAN-PT/Ak.Ppj/S/X/2024,2024,UAJY,s1arsitektur@UAJY.ac.id
Universitas Sumatera Utara,Teknik Arsitektur,S2,PTN,4854/SK/BAN-PT/Ak/M/VII/2024,2024,USU,s2teknikarsitektur@USU.ac.id
Politeknik Negeri Samarinda,Arsitektur Bangunan Gedung,D4,PTN,6028/SK/BAN-PT/Ak/STr/IX/2024,2024,POLNES,d4arsitekturbangunangedung@POLNES.ac.id
Universitas Udayana,Arsitektur,S1,PTN,6025/SK/BAN-PT/Ak.Ppj/S/IX/2024,2024,UNUD,s1arsitektur@UNUD.ac.id
Universitas Mercu Buana,Arsitektur,S1,3,4723/SK/BAN-PT/Ak/S/VI/2024,2024,UMB,s1arsitektur@UMB.ac.id
Universitas Katolik Soegijapranata,Arsitektur,S1,6,4762/SK/BAN-PT/Ak.Ppj/S/VI/2024,2024,UNIKA Soegijapranata,s1arsitektur@UNIKASoegijapranata.ac.id
Institut Teknologi Sepuluh Nopember,Ilmu Arsitektur,S3,PTN,4751/SK/BAN-PT/PEPA-Ppj/D/VI/2024,2024,ITS,s3ilmuarsitektur@ITS.ac.id
Universitas Gadjah Mada,Magister Arsitektur,S2,PTN,5912/SK/BAN-PT/Ak.KP/M/IX/2024,2024,UGM,s2magisterarsitektur@UGM.ac.id
Universitas Atma Jaya Yogyakarta,Arsitektur,S3,5,5692/SK/BAN-PT/Ak.P/D/VIII/2024,2024,UAJY,s3arsitektur@UAJY.ac.id
Universitas Budi Luhur,Arsitektur,S1,3,5613/SK/BAN-PT/Ak.KP/S/VIII/2024,2024,UBL,s1arsitektur@UBL.ac.id
Universitas Islam Negeri Ar-Raniry Banda Aceh,Arsitektur,S1,PTAN,5599/SK/BAN-PT/Ak.KP/S/VIII/2024,2024,UIN Ar-Raniry,s1arsitektur@UINAr-Raniry.ac.id
Institut Teknologi Bandung,Arsitektur Lanskap,S2,PTN,5684/SK/BAN-PT/PEPA-Ppj/M/VIII/2024,2024,ITB,s2arsitekturlanskap@ITB.ac.id
Universitas Indonesia,Arsitektur,S3,PTN,5547/SK/BAN-PT/Ak.KP/D/VIII/2024,2024,UI,s3arsitektur@UI.ac.id
Universitas Amikom Yogyakarta,Arsitektur,S1,5,5498/SK/BAN-PT/Ak/S/VIII/2024,2024,AMIKOM,s1arsitektur@AMIKOM.ac.id
Universitas Indraprasta PGRI,Arsitektur,S1,3,5503/SK/BAN-PT/Ak/S/VIII/2024,2024,UNINDRA,s1arsitektur@UNINDRA.ac.id
Universitas Kristen Duta Wacana,Arsitektur,S1,5,5548/SK/BAN-PT/Ak.KP/S/VIII/2024,2024,UKDW,s1arsitektur@UKDW.ac.id
Universitas Pancasila,Arsitektur,S1,3,5452/SK/BAN-PT/Ak.KP/S/VIII/2024,2024,UP,s1arsitektur@UP.ac.id
Institut Teknologi Nasional Malang,Arsitektur,S1,7,5484/SK/BAN-PT/Ak.KP/S/VIII/2024,2024,ITN Malang,s1arsitektur@ITNMalang.ac.id
Universitas Sebelas Maret,Arsitektur,S2,PTN,5349/SK/BAN-PT/Ak/M/VIII/2024,2024,UNS,s2arsitektur@UNS.ac.id
Universitas Pelita Bangsa,Arsitektur,S1,4,5346/SK/BAN-PT/Ak/S/VIII/2024,2024,UPB,s1arsitektur@UPB.ac.id
Universitas Almuslim,Arsitektur,S1,13,5380/SK/BAN-PT/Ak.Ppj/S/VIII/2024,2024,UMA,s1arsitektur@UMA.ac.id
Universitas Widya Kartika,Arsitektur,S1,7,5369/SK/BAN-PT/Ak.Ppj/S/VIII/2024,2024,UWIKA,s1arsitektur@UWIKA.ac.id
Universitas Bengkulu,Arsitektur,S1,PTN,5133/SK/BAN-PT/Ak.Ppj/S/VII/2024,2024,UNIB,s1arsitektur@UNIB.ac.id
Universitas Pradita,Arsitektur,S1,3,5079/SK/BAN-PT/Ak/S/VII/2024,2024,UP,s1arsitektur@UP.ac.id
Universitas Syiah Kuala,Arsitektur,S1,PTN,5173/SK/BAN-PT/PEPA-Ppj/S/VII/2024,2024,USK,s1arsitektur@USK.ac.id
Universitas 17 Agustus 1945 Surabaya,Arsitektur,S2,7,4616/SK/BAN-PT/Ak.P/M/VI/2024,2024,UNTAG Surabaya,s2arsitektur@UNTAGSurabaya.ac.id
Institut Teknologi Sumatera,Arsitektur,S1,PTN,6059/SK/BAN-PT/Ak/S/X/2024,2024,ITERA,s1arsitektur@ITERA.ac.id
Universitas Negeri Malang,Arsitektur,S1,PTN,4912/SK/BAN-PT/Ak.P/S/VII/2024,2024,UM,s1arsitektur@UM.ac.id
Universitas Gorontalo,Arsitektur,S1,16,4884/SK/BAN-PT/Ak/S/VII/2024,2024,UG,s1arsitektur@UG.ac.id
Universitas Bangka Belitung,Arsitektur,S1,PTN,4938/SK/BAN-PT/Ak/S/VII/2024,2024,UBB,s1arsitektur@UBB.ac.id
Universitas Mercu Buana,Arsitektur,S2,3,4602/SK/BAN-PT/Ak.P/M/VI/2024,2024,UMB,s2arsitektur@UMB.ac.id
Institut Teknologi Indonesia,Arsitektur,S1,3,4295/SK/BAN-PT/Ak.KP/S/V/2024,2024,ITI,s1arsitektur@ITI.ac.id
Universitas Mahakarya Asia,Arsitektur,S1,5,4370/SK/BAN-PT/Ak/S/V/2024,2024,UNMAHA,s1arsitektur@UNMAHA.ac.id
Universitas Bung Hatta,Arsitektur,S1,10,4215/SK/BAN-PT/Ak.KP/S/V/2024,2024,UBH,s1arsitektur@UBH.ac.id
Universitas Gadjah Mada,Doktor Arsitektur,S3,PTN,4290/SK/BAN-PT/Ak.KP/D/V/2024,2024,UGM,s3doktorarsitektur@UGM.ac.id
Universitas Tarumanagara,Arsitektur,S2,3,4310/SK/BAN-PT/Ak.KP/M/V/2024,2024,UNTAR,s2arsitektur@UNTAR.ac.id
Universitas Islam Indonesia,Arsitektur,S2,5,4309/SK/BAN-PT/Ak.KP/M/V/2024,2024,UII,s2arsitektur@UII.ac.id
Universitas Katolik Musi Charitas,Arsitektur,S1,2,4080/SK/BAN-PT/Ak-PNB/S/V/2024,2024,UKMC,s1arsitektur@UKMC.ac.id
Universitas Muhammadiyah Palembang,Arsitektur,S1,2,4022/SK/BAN-PT/Ak.Ppj/S/V/2024,2024,UMP,s1arsitektur@UMP.ac.id
Universitas Islam Zainul Hasan Genggong Probolinggo,Ilmu Seni Dan Arsitektur Islam,S1,PTAS,3936/SK/BAN-PT/Ak.P/S/IV/2024,2024,UNZAH Genggong,s1ilmusenidanarsitekturislam@UNZAHGenggong.ac.id
Universitas Halu Oleo,Teknik Arsitektur,D3,PTN,3800/SK/BAN-PT/Ak/D3/IV/2024,2024,UHO,d3teknikarsitektur@UHO.ac.id
Universitas Sains Alqur An,Arsitektur,S1,6,3840/SK/BAN-PT/Ak.Ppj/S/IV/2024,2024,UNSIQ,s1arsitektur@UNSIQ.ac.id
Universitas Merdeka Malang,Arsitektur,S2,7,3820/SK/BAN-PT/Ak.Ppj/M/IV/2024,2024,UNMER Malang,s2arsitektur@UNMERMalang.ac.id
Universitas Aisyiyah Yogyakarta,Arsitektur,S1,5,1214/SK/BAN-PT/Ak.Ppj/S/IV/2024,2024,UNISA Yogyakarta,s1arsitektur@UNISAYogyakarta.ac.id
Universitas Khairun,Arsitektur,S1,PTN,1101/SK/BAN-PT/Ak/S/IV/2024,2024,UNKHAIR,s1arsitektur@UNKHAIR.ac.id
Universitas 17 Agustus 1945 Samarinda,Arsitektur,S1,11,1141/SK/BAN-PT/Ak/S/IV/2024,2024,UNTAG Samarinda,s1arsitektur@UNTAGSamarinda.ac.id
Universitas Satyagama,Arsitektur,S1,3,1102/SK/BAN-PT/Ak/S/IV/2024,2024,USA,s1arsitektur@USA.ac.id
Universitas Surakarta,Arsitektur,S1,6,1205/SK/BAN-PT/Ak.Ppj/S/IV/2024,2024,UNSA,s1arsitektur@UNSA.ac.id
Sekolah Tinggi Teknik Multimedia Internasional Malang,Arsitektur,S1,7,1077/SK/BAN-PT/Ak-PNB/S/III/2024,2024,STT Multimedia,s1arsitektur@STTMultimedia.ac.id
Universitas Gadjah Mada,Arsitektur,S1,PTN,678/SK/BAN-PT/Ak.Ppj/S/III/2023,2023,UGM,s1arsitektur@UGM.ac.id
Universitas Halu Oleo,Arsitektur,S1,PTN,189/SK/BAN-PT/Ak.Ppj/S/I/2023,2023,UHO,s1arsitektur@UHO.ac.id
Universitas Bosowa,Arsitektur,S1,9,480/SK/BAN-PT/Ak.Ppj/S/II/2023,2023,Ubos,s1arsitektur@Ubos.ac.id
Universitas Mataram,Arsitektur,S1,PTN,438/SK/BAN-PT/Ak/S/II/2023,2023,UNRAM,s1arsitektur@UNRAM.ac.id
Universitas Brawijaya,Arsitektur Lingkungan Binaan,S2,PTN,918/SK/BAN-PT/Ak.Ppj/M/III/2023,2023,UB,s2arsitekturlingkunganbinaan@UB.ac.id
Universitas Bung Karno,Arsitektur,S1,3,1037/SK/BAN-PT/Ak.Ppj/S/III/2023,2023,UBK,s1arsitektur@UBK.ac.id
Institut Teknologi Nasional Bandung,Arsitektur,S1,4,1752/SK/BAN-PT/Ak.Ppj/S/V/2023,2023,ITENAS,s1arsitektur@ITENAS.ac.id
Universitas Muhammadiyah Makassar,Arsitektur,S1,9,1839/SK/BAN-PT/Ak/S/V/2023,2023,UNISMUH,s1arsitektur@UNISMUH.ac.id
Universitas Pembangunan Nasional Veteran Jawa Timur,Arsitektur,S1,PTN,1955/SK/BAN-PT/Ak.Ppj/S/V/2023,2023,UPN Veteran Jatim,s1arsitektur@UPNVeteranJatim.ac.id
Universitas PGRI Yogyakarta,Arsitektur,S1,5,1876/SK/BAN-PT/Ak/S/V/2023,2023,UPY,s1arsitektur@UPY.ac.id
Universitas Pohuwato,Arsitektur,S1,16,2077/SK/BAN-PT/Ak/S/VI/2023,2023,UNIPO,s1arsitektur@UNIPO.ac.id
Universitas Indonesia,Arsitektur Interior,S1,PTN,2507/SK/BAN-PT/Ak.Ppj/S/VI/2023,2023,UI,s1arsitekturinterior@UI.ac.id
Institut Teknologi Sepuluh Nopember,Arsitektur,S2,PTN,2626/SK/BAN-PT/Ak.Ppj/M/VII/2023,2023,ITS,s2arsitektur@ITS.ac.id
Universitas Diponegoro,Arsitektur,S2,PTN,2676/SK/BAN-PT/Akred-Itnl/M/VII/2023,2023,UNDIP,s2arsitektur@UNDIP.ac.id
Universitas Sains Dan Teknologi Jayapura,Arsitektur,S1,14,2600/SK/BAN-PT/Ak.KP/S/VII/2023,2023,USTJ,s1arsitektur@USTJ.ac.id
Sekolah Tinggi Teknologi Cirebon,Arsitektur,S1,4,2682/SK/BAN-PT/Ak/S/VII/2023,2023,STTC,s1arsitektur@STTC.ac.id
Universitas Diponegoro,Arsitektur,S1,PTN,2880/SK/BAN-PT/Akred-Itnl/S/VII/2023,2023,UNDIP,s1arsitektur@UNDIP.ac.id
Institut Teknologi Budi Utomo,Arsitektur,S1,3,2913/SK/BAN-PT/Ak/S/VII/2023,2023,ITBU,s1arsitektur@ITBU.ac.id
Universitas Bumi Hijrah Tidore,Arsitektur,S1,12,3137/SK/BAN-PT/Ak/S/VIII/2023,2023,UNIBRAH,s1arsitektur@UNIBRAH.ac.id
Universitas Adiwangsa Jambi,Arsitektur,S1,10,3221/SK/BAN-PT/Ak/S/VIII/2023,2023,UNAJA,s1arsitektur@UNAJA.ac.id
Universitas Kebangsaan Republik Indonesia,Arsitektur,S1,4,3204/SK/BAN-PT/Ak/S/VIII/2023,2023,UKRI,s1arsitektur@UKRI.ac.id
Universitas Katolik Soegijapranata,Arsitektur,S3,6,3280/SK/BAN-PT/Ak/D/VIII/2023,2023,UNIKA Soegijapranata,s3arsitektur@UNIKASoegijapranata.ac.id
Institut Teknologi Dan Bisnis Ahmad Dahlan,Arsitektur,S1,3,3533/SK/BAN-PT/Ak/S/IX/2023,2023,ITB-AD,s1arsitektur@ITB-AD.ac.id
Universitas Pembangunan Jaya,Arsitektur,S1,4,3929/SK/BAN-PT/Ak.KP/S/X/2023,2023,UPJ,s1arsitektur@UPJ.ac.id
Universitas Riau,Arsitektur,S1,PTN,4035/SK/BAN-PT/Ak/S/X/2023,2023,UNRI,s1arsitektur@UNRI.ac.id
Universitas Pendidikan Mandalika,Arsitektur,D3,8,4134/SK/BAN-PT/Ak.Ppj/D3/X/2023,2023,UNDIKMA,d3arsitektur@UNDIKMA.ac.id
Universitas Dwijendra,Arsitektur,S1,8,4174/SK/BAN-PT/Ak.KP/S/X/2023,2023,UNDWI,s1arsitektur@UNDWI.ac.id
Universitas Ciputra Surabaya,Arsitektur,S1,7,4275/SK/BAN-PT/Ak.Ppj/S/X/2023,2023,UC,s1arsitektur@UC.ac.id
Universitas Tanjungpura,Arsitektur,S1,PTN,4195/SK/BAN-PT/Ak.KP/S/X/2023,2023,UNTAN,s1arsitektur@UNTAN.ac.id
Universitas Mulawarman,Arsitektur,S1,PTN,4220/SK/BAN-PT/Ak/S/X/2023,2023,UNMUL,s1arsitektur@UNMUL.ac.id
Institut Teknologi Bandung,Arsitektur,S3,PTN,4368/SK/BAN-PT/Ak.Ppj/D/X/2023,2023,ITB,s3arsitektur@ITB.ac.id
Sekolah Tinggi Teknik Malang,Arsitektur,S1,7,4763/SK/BAN-PT/Ak/S/XI/2023,2023,STT Malang,s1arsitektur@STTMalang.ac.id
Universitas Musamus Merauke,Arsitektur,S1,PTN,4700/SK/BAN-PT/Ak/S/XI/2023,2023,UNMUS,s1arsitektur@UNMUS.ac.id
Universitas Citra Bangsa,Arsitektur,S1,15,4821/SK/BAN-PT/Ak/S/XI/2023,2023,UCB,s1arsitektur@UCB.ac.id
Universitas Bandar Lampung,Arsitektur,S1,2,4930/SK/BAN-PT/Ak.KP/S/XI/2023,2023,UBL,s1arsitektur@UBL.ac.id
Universitas Tadulako,Arsitektur,S1,PTN,4958/SK/BAN-PT/Ak.KP/S/XI/2023,2023,UNTAD,s1arsitektur@UNTAD.ac.id
Universitas Kristen Indonesia,Arsitektur,S2,3,5135/SK/BAN-PT/Ak.Ppj/M/XII/2023,2023,UKI,s2arsitektur@UKI.ac.id
Universitas Kristen Petra,Arsitektur,S2,7,5272/SK/BAN-PT/Ak.Ppj/M/XII/2023,2023,UK Petra,s2arsitektur@UKPetra.ac.id
Politeknik Negeri Samarinda,Arsitektur,D3,PTN,5306/SK/BAN-PT/PEPA-Ppj/D3/XII/2023,2023,POLNES,d3arsitektur@POLNES.ac.id
Universitas Riau Kepulauan,Arsitektur,S1,17,5336/SK/BAN-PT/PEPA-Ppj/S/XII/2023,2023,UNRIKA,s1arsitektur@UNRIKA.ac.id
Universitas Balikpapan,Arsitektur,S1,11,979/SK/BAN-PT/PB-PS/S/II/2022,2022,UNIBA,s1arsitektur@UNIBA.ac.id
Universitas Tompotika Luwuk Banggai,Arsitektur,S1,16,1168/SK/BAN-PT/Akred/S/II/2022,2022,UNTIKA,s1arsitektur@UNTIKA.ac.id
Universitas Flores,Arsitektur,S1,15,1571/SK/BAN-PT/Ak-PPJ/S/III/2022,2022,UNIFLOR,s1arsitektur@UNIFLOR.ac.id
Universitas Ichsan Sidenreng Rappang,Arsitektur,S1,9,1589/SK/BAN-PT/PB-PS/S/III/2022,2022,UNISAN Sidrap,s1arsitektur@UNISANSidrap.ac.id
Universitas Islam Negeri Maulana Malik Ibrahim Malang,Teknik Arsitektur,S1,PTAN,1716/SK/BAN-PT/Ak-PPJ/S/III/2022,2022,UIN Maliki,s1teknikarsitektur@UINMaliki.ac.id
Institut Teknologi Bandung,Ilmu Seni Rupa Dan Desain,S3,PTN,6201/SK/BAN-PT/PEPA-Ppj/D/IV/2025,2025,ITB,s3ilmusenirupadandesain@ITB.ac.id
Universitas Cendekia Mitra Indonesia,Desain Komunikasi Visual,S1,5,6063/SK/BAN-PT/Ak.P/S/III/2025,2025,UCMI,s1desainkomunikasivisual@UCMI.ac.id
Universitas Pertiwi,Desain Komunikasi Visual,S1,4,6066/SK/BAN-PT/Ak.P/S/III/2025,2025,UNPER,s1desainkomunikasivisual@UNPER.ac.id
Politeknik Negeri Malang,Optimasi Desain Mekanik,S3 Terapan,PTN,475/SK/BAN-PT/Ak.P/DTr/III/2025,2025,POLINEMA,s3terapanoptimasidesainmekanik@POLINEMA.ac.id
Universitas Internasional Jakarta,Desain Komunikasi Visual,S1,4,316/SK/BAN-PT/Ak.P/S/II/2025,2025,UNIJA,s1desainkomunikasivisual@UNIJA.ac.id
Institut Seni Indonesia Yogyakarta,Desain Mode Kriya Batik,D4,PTN,339/SK/BAN-PT/Ak.S/STr/II/2025,2025,ISI Yogyakarta,d4desainmodekriyabatik@ISIYogyakarta.ac.id
Universitas Sains Indonesia,Desain Grafis,S1,4,237/SK/BAN-PT/Ak-PNB/S/II/2025,2025,USI,s1desaingrafis@USI.ac.id
Universitas Muhammadiyah Tegal,Desain Produk,D3,6,53/SK/BAN-PT/Ak.P/D3/I/2025,2025,UMT,d3desainproduk@UMT.ac.id
Institut Seni Indonesia Denpasar,Desain,S3,PTN,35/SK/BAN-PT/Ak.P/D/I/2025,2025,ISI Denpasar,s3desain@ISIDenpasar.ac.id
Institut Modern Arsitektur Dan Teknologi,Desain Komunikasi Visual,S1,1,19/SK/BAN-PT/Ak.P/S/I/2025,2025,IMAT,s1desainkomunikasivisual@IMAT.ac.id
Universitas Ciputra Surabaya,Desain Komunikasi Visual,S1,7,6242/SK/BAN-PT/Ak.KP/S/IV/2025,2025,UC,s1desainkomunikasivisual@UC.ac.id
Universitas Kristen Petra,Desain Komunikasi Visual,S1,7,6246/SK/BAN-PT/Ak.KP/S/IV/2025,2025,UK Petra,s1desainkomunikasivisual@UKPetra.ac.id
Universitas Bina Nusantara,Desain Komunikasi Visual (Kampus Kota Semarang),S1,3,6274/SK/BAN-PT/Ak.P/S/IV/2025,2025,BINUS,s1desainkomunikasivisualkampuskotasemarang@BINUS.ac.id
Universitas Telkom,Desain Komunikasi Visual,S1,4,6298/SK/BAN-PT/Ak.KP/S/IV/2025,2025,TEL-U,s1desainkomunikasivisual@TEL-U.ac.id
Universitas Katolik Soegijapranata,Desain Komunikasi Visual,S1,6,6299/SK/BAN-PT/Ak.KP/S/IV/2025,2025,UNIKA Soegijapranata,s1desainkomunikasivisual@UNIKASoegijapranata.ac.id
Universitas Telkom,Desain Produk,S1,4,6343/SK/BAN-PT/Ak.KP/S/V/2025,2025,TEL-U,s1desainproduk@TEL-U.ac.id
Universitas Informatika Dan Bisnis Indonesia,Desain Komunikasi Visual,S1,4,6407/SK/BAN-PT/Ak.Ppj/S/V/2025,2025,UNIBI,s1desainkomunikasivisual@UNIBI.ac.id
Universitas Kristen Petra,Desain Interior,S1,7,6336/SK/BAN-PT/Ak.KP/S/V/2025,2025,UK Petra,s1desaininterior@UKPetra.ac.id
Universitas Komputer Indonesia,Desain,S2,4,6514/SK/BAN-PT/Ak.KP/M/V/2025,2025,UNIKOM,s2desain@UNIKOM.ac.id
Universitas Surabaya,Desain Produk,S1,7,6469/SK/BAN-PT/Ak.KP/S/V/2025,2025,UBAYA,s1desainproduk@UBAYA.ac.id
Politeknik Kreatif Indonesia,Desain Mode,D4,3,6733/SK/BAN-PT/Ak/STr/VI/2025,2025,Polkrefindo,d4desainmode@Polkrefindo.ac.id
Universitas Negeri Padang,Pendidikan Vokasional Desain Fashion,S1,PTN,669/SK/LAMDIK/Ak-PSB/S/VI/2025,2025,UNP,s1pendidikanvokasionaldesainfashion@UNP.ac.id
Universitas Widyatama,Desain Grafis,D4,4,6825/SK/BAN-PT/PEPA-Ppj/STr/VI/2025,2025,UTAMA,d4desaingrafis@UTAMA.ac.id
Universitas Wiraraja,Desain Komunikasi Visual,S1,7,6772/SK/BAN-PT/Ak.P/S/VI/2025,2025,UNIVIRA,s1desainkomunikasivisual@UNIVIRA.ac.id
Universitas PGRI Silampari,Desain Komunikasi Visual,S1,2,6801/SK/BAN-PT/Ak/S/VI/2025,2025,UNPIR,s1desainkomunikasivisual@UNPIR.ac.id
Universitas Pembangunan Nasional Veteran Jawa Timur,Desain Interior,S1,PTN,6802/SK/BAN-PT/Ak/S/VI/2025,2025,UPN Veteran Jatim,s1desaininterior@UPNVeteranJatim.ac.id
Universitas Bina Nusantara,Desain Komunikasi Visual (Kampus Kota Medan),S1,3,2423/SK/BAN-PT/Ak.P/S1/V/2025,2025,BINUS,s1desainkomunikasivisualkampuskotamedan@BINUS.ac.id
Institut Seni Indonesia Denpasar,Desain,S2,PTN,6858/SK/BAN-PT/Ak/S2/VII/2025,2025,ISI Denpasar,s2desain@ISIDenpasar.ac.id
Universitas Pelita Harapan,Desain Interior,S1,3,6920/SK/BAN-PT/Ak/S1/VII/2025,2025,UPH,s1desaininterior@UPH.ac.id
Akademi Kesejahteraan Sosial AKK,Desain Busana,D3,5,7000/SK/BAN-PT/Ak.Ppj/D3/VII/2025,2025,AKK,d3desainbusana@AKK.ac.id
Universitas Dinamika,Desain Komunikasi Visual,S1,7,7052/SK/BAN-PT/Ak/S1/VII/2025,2025,UNDIKA,s1desainkomunikasivisual@UNDIKA.ac.id
Universitas Ichsan Gorontalo,Desain Komunikasi Visual,S1,16,7086/SK/BAN-PT/Ak.S/S1/VII/2025,2025,UNISAN,s1desainkomunikasivisual@UNISAN.ac.id
Institut Teknologi Bandung,Desain Interior,S1,PTN,7089/SK/BAN-PT/Ak.Ppj/S1/VII/2025,2025,ITB,s1desaininterior@ITB.ac.id
Politeknik TEDC,Mekanik Industri Dan Desain,D4,4,0479/SK/LAM Teknik/VST/VIII/2025,2025,POLTEK TEDC,d4mekanikindustridandesain@POLTEKTEDC.ac.id
Institut Bisnis Dan Teknologi Indonesia,Desain Komunikasi Visual,S1,8,7126/SK/BAN-PT/Ak/S1/VIII/2025,2025,INSTIKI,s1desainkomunikasivisual@INSTIKI.ac.id
Universitas Bhinneka Nusantara,Desain Komunikasi Visual,S1,7,7375/SK/BAN-PT/Ak-PNB/S/VIII/2025,2025,UBN,s1desainkomunikasivisual@UBN.ac.id
Universitas Sahid Surakarta,Desain Interior,S1,6,7171/SK/BAN-PT/Ak.Ppj/S/VIII/2025,2025,USAP,s1desaininterior@USAP.ac.id
Politeknik Seni Yogyakarta,Desain Komunikasi Visual,D3,5,7120/SK/BAN-PT/Ak.P/D3/VIII/2025,2025,POLTEKSENI,d3desainkomunikasivisual@POLTEKSENI.ac.id
Universitas Negeri Jakarta,Desain Mode,D4,PTN,7166/SK/BAN-PT/Ak.Ppj/STr/VIII/2025,2025,UNJ,d4desainmode@UNJ.ac.id
Universitas Teknologi Digital,Desain Komunikasi Visual,S1,4,7129/SK/BAN-PT/Ak.P/S/VIII/2025,2025,UTD,s1desainkomunikasivisual@UTD.ac.id
Universitas Trilogi,Desain Komunikasi Visual,S1,3,7107/SK/BAN-PT/Ak.S/S/VIII/2025,2025,TRILOGI,s1desainkomunikasivisual@TRILOGI.ac.id
Institut Seni Budaya Indonesia Aceh,Desain Komunikasi Visual,S1,PTN,7228/SK/BAN-PT/Ak.S/S/VIII/2025,2025,ISBI Aceh,s1desainkomunikasivisual@ISBIAceh.ac.id
Universitas Sebelas Maret,Desain Mode,S1,PTN,7236/SK/BAN-PT/Ak-PNB/S/VIII/2025,2025,UNS,s1desainmode@UNS.ac.id
Politeknik Tempo,Desain Media,D4,3,7415/SK/BAN-PT/Ak/STr/IX/2025,2025,POLTEM,d4desainmedia@POLTEM.ac.id
Institut Informatika Indonesia Surabaya,Desain Produk,S1,7,7553/SK/BAN-PT/Ak-TMSP/S/IX/2025,2025,III Surabaya,s1desainproduk@IIISurabaya.ac.id
Institut Teknologi Sains Bandung,Desain Produk,S1,4,7558/SK/BAN-PT/Ak/S/IX/2025,2025,ITSB,s1desainproduk@ITSB.ac.id
Institut Seni Budaya Indonesia Bandung,Desain Interior,S1,PTN,7159/SK/BAN-PT/Ak.P/S1/VIII/2025,2025,ISBI Bandung,s1desaininterior@ISBIBandung.ac.id
Institut Komunikasi Dan Bisnis LSPR,Desain Media,D4,3,7128/SK/BAN-PT/Ak.P/D4/VIII/2025,2025,LSPR,d4desainmedia@LSPR.ac.id
Universitas Kristen Petra,Desain,S2,7,7142/SK/BAN-PT/Ak.P/S2/VIII/2025,2025,UK Petra,s2desain@UKPetra.ac.id
Universitas Mulia,Desain Komunikasi Visual,S1,11,7151/SK/BAN-PT/Ak.P/S1/VIII/2025,2025,UNI MULA,s1desainkomunikasivisual@UNIMULA.ac.id
Institut Seni Indonesia Surakarta,Desain Produk Industri,S1,PTN,7173/SK/BAN-PT/Ak.P/2.0/S1/IX/2025,2025,ISI Surakarta,s1desainprodukindustri@ISISurakarta.ac.id
Universitas Fort De Kock,Desain Komunikasi Visual,S1,10,7182/SK/BAN-PT/Ak.P/2.0/S1/IX/2025,2025,UFD KOCK,s1desainkomunikasivisual@UFDKOCK.ac.id
Institut Teknologi Adhi Tama Surabaya,Desain Produk,S1,7,7620/SK/BAN-PT/PEPA-Ppj/S/IX/2025,2025,ITATS,s1desainproduk@ITATS.ac.id
Institut Informatika Dan Bisnis Darmajaya,Desain Komunikasi Visual,S1,2,7601/SK/BAN-PT/Ak/S/IX/2025,2025,IIB Darmajaya,s1desainkomunikasivisual@IIBDarmajaya.ac.id
Universitas Bina Insani,Desain Komunikasi Visual,S1,4,7211/SK/BAN-PT/Ak.P/2.0/S1/IX/2025,2025,UNI BI,s1desainkomunikasivisual@UNIBI.ac.id
Universitas Sebelas Maret,Desain Media Digital,D4,PTN,7212/SK/BAN-PT/Ak.P/2.0/D4/IX/2025,2025,UNS,d4desainmediadigital@UNS.ac.id
Universitas Tiga Serangkai,Desain Produk Tekstil,D3,6,7680/SK/BAN-PT/Ak-PNB/D3/IX/2025,2025,UTISA,d3desainproduktekstil@UTISA.ac.id
Universitas Tiga Serangkai,Desain Komunikasi Visual,D3,6,7701/SK/BAN-PT/Ak-PNB/D3/IX/2025,2025,UTISA,d3desainkomunikasivisual@UTISA.ac.id
Institut Seni Indonesia Surakarta,Desain Komunikasi Visual,S1,PTN,7799/SK/BAN-PT/Ak.S/S/X/2025,2025,ISI Surakarta,s1desainkomunikasivisual@ISISurakarta.ac.id
Institut Teknologi Sepuluh Nopember,Desain Interior,S1,PTN,7798/SK/BAN-PT/Ak.Ppj/S/X/2025,2025,ITS,s1desaininterior@ITS.ac.id
Universitas Muhammadiyah Surabaya,Desain Komunikasi Visual,S1,7,7820/SK/BAN-PT/Ak.S/S/X/2025,2025,UM Surabaya,s1desainkomunikasivisual@UMSurabaya.ac.id
Universitas Pradita,Desain Interior,S1,3,7871/SK/BAN-PT/Ak.Ppj/S/X/2025,2025,UP,s1desaininterior@UP.ac.id
Universitas Telkom,Desain Komunikasi Visual (Kampus Jakarta),S1,4,7852/SK/BAN-PT/Ak/S/X/2025,2025,TEL-U,s1desainkomunikasivisualkampusjakarta@TEL-U.ac.id
Universitas Ibn Khaldun Bogor,Pendidikan Vokasional Desain Fashion,S1,4,1807/SK/LAMDIK/Ak/S/X/2025,2025,UIKA Bogor,s1pendidikanvokasionaldesainfashion@UIKABogor.ac.id
Universitas Pelita Harapan,Desain Produk,S1,3,8017/SK/BAN-PT/Ak/S/X/2025,2025,UPH,s1desainproduk@UPH.ac.id
Sekolah Tinggi Teknologi Muhammadiyah AR Fachruddin,Desain Komunikasi Visual,S1,7,8009/SK/BAN-PT/Ak/S/X/2025,2025,STTM Ar Fachruddin,s1desainkomunikasivisual@STTMArFachruddin.ac.id
Universitas Persada Indonesia Yai,Desain Komunikasi Visual,S1,3,7971/SK/BAN-PT/Ak.KP/S/X/2025,2025,UPI Y.A.I,s1desainkomunikasivisual@UPIY.A.I.ac.id
Institut Teknologi Dan Bisnis Tuban,Desain Komunikasi Visual,S1,7,8042/SK/BAN-PT/Ak/S/X/2025,2025,ITB Tuban,s1desainkomunikasivisual@ITBTuban.ac.id
Institut Seni Budaya Indonesia Aceh,Desain Interior,S1,PTN,8107/SK/BAN-PT/Ak.P/S/X/2025,2025,ISBI Aceh,s1desaininterior@ISBIAceh.ac.id
Universitas Kristen Duta Wacana,Desain Produk,S1,5,8230/SK/BAN-PT/Ak.Ppj/S/XI/2025,2025,UKDW,s1desainproduk@UKDW.ac.id
Universitas Kristen Maranatha,Desain Komunikasi Visual,S1,4,8208/SK/BAN-PT/Ak.Ppj/S/XI/2025,2025,UKM,s1desainkomunikasivisual@UKM.ac.id
Universitas Ciputra Surabaya,Desain Mode,S1,7,8320/SK/BAN-PT/Ak-PNB/S/XI/2025,2025,UC,s1desainmode@UC.ac.id
Institut Seni Indonesia Denpasar,Desain Produk,S1,PTN,8275/SK/BAN-PT/Ak/S/XI/2025,2025,ISI Denpasar,s1desainproduk@ISIDenpasar.ac.id
Universitas Negeri Yogyakarta,Desain Komunikasi Visual,S1,PTN,028/SK/BAN-PT/Ak.P/2.0/S1/X/2025,2025,UNY,s1desainkomunikasivisual@UNY.ac.id
Universitas Dian Nuswantoro,Desain Komunikasi Visual,S1,6,8345/SK/BAN-PT/Ak.Ppj/S/XI/2025,2025,UDINUS,s1desainkomunikasivisual@UDINUS.ac.id
Universitas Sampoerna,Desain Komunikasi Visual,S1,3,8406/SK/BAN-PT/Ak.S/S/XI/2025,2025,US,s1desainkomunikasivisual@US.ac.id
Universitas Pelita Harapan,Desain Komunikasi Visual,S1,3,8410/SK/BAN-PT/PEPA-Ppj/S/XI/2025,2025,UPH,s1desainkomunikasivisual@UPH.ac.id
Universitas Multimedia Nusantara Jakarta,Desain,S2,3,049/SK/BAN-PT/Ak.P/2.0/S2/XI/2025,2025,UMN,s2desain@UMN.ac.id
Universitas Esa Unggul,Desain Produk,S1,3,8472/SK/BAN-PT/Ak.KP/S/XII/2025,2025,UEU,s1desainproduk@UEU.ac.id
Universitas Multi Data Palembang,Desain Komunikasi Visual,S1,2,071/SK/BAN-PT/Ak.P/2.0/S1/XII/2025,2025,UMDP,s1desainkomunikasivisual@UMDP.ac.id
Universitas Muhammadiyah Kendari,Desain Komunikasi Visual,S1,9,072/SK/BAN-PT/Ak.P/2.0/S1/XII/2025,2025,UMKENDARI,s1desainkomunikasivisual@UMKENDARI.ac.id
Universitas Negeri Malang,Desain Komunikasi Visual,S1,PTN,20/SK/BAN-PT/Ak.Ppj/S/I/2024,2024,UM,s1desainkomunikasivisual@UM.ac.id
Universitas Adzkia,Desain Komunikasi Visual,S1,10,6110/SK/BAN-PT/Ak.P/S/X/2024,2024,UA,s1desainkomunikasivisual@UA.ac.id
Universitas Islam Negeri Syekh Ali Hasan Ahmad Addary Padangsidimpuan,Desain Komunikasi Visual,S1,PTAN,6111/SK/BAN-PT/Ak.P/S/X/2024,2024,UIN Syekh Ali Hasan,s1desainkomunikasivisual@UINSyekhAliHasan.ac.id
Universitas Prima Indonesia,Desain Komunikasi Visual,S1,1,6060/SK/BAN-PT/Ak/S/X/2024,2024,UNPRI,s1desainkomunikasivisual@UNPRI.ac.id
Institut Seni Indonesia Yogyakarta,Desain Produk,S1,PTN,101/SK/BAN-PT/Ak.Ppj/S/I/2024,2024,ISI Yogyakarta,s1desainproduk@ISIYogyakarta.ac.id
Universitas Satu,Desain Komunikasi Visual,S1,4,109/SK/BAN-PT/Ak.P/S/I/2024,2024,USATU,s1desainkomunikasivisual@USATU.ac.id
Politeknik Bali Maha Werdhi,Desain Komunikasi Visual,D3,8,208/SK/BAN-PT/Ak.P/D3/I/2024,2024,POLTEKBW,d3desainkomunikasivisual@POLTEKBW.ac.id
Universitas Al Hikmah Jepara,Desain Komunikasi Visual,S1,6,204/SK/BAN-PT/Ak.P/S/I/2024,2024,UAH,s1desainkomunikasivisual@UAH.ac.id
Universitas Awal Bros,Desain Komunikasi Visual,S1,17,181/SK/BAN-PT/Ak.P/S/I/2024,2024,UAB,s1desainkomunikasivisual@UAB.ac.id
Universitas Primakara,Desain Komunikasi Visual,S1,8,164/SK/BAN-PT/Ak.P/S/I/2024,2024,UP,s1desainkomunikasivisual@UP.ac.id
Universitas Pendidikan Indonesia,Desain Produk Industri Kampus Tasikmalaya,S1,PTN,266/SK/BAN-PT/Ak/S/I/2024,2024,UPI,s1desainprodukindustrikampustasikmalaya@UPI.ac.id
Institut Desain Dan Bisnis Bali,Desain,S2,8,1030/SK/BAN-PT/Ak.P/M/III/2024,2024,IDB Bali,s2desain@IDBBali.ac.id
Politeknik Negeri Jakarta,Desain Grafis,D4,PTN,898/SK/BAN-PT/Ak/STr/III/2024,2024,PNJ,d4desaingrafis@PNJ.ac.id
Universitas Trilogi,Desain Produk,S1,3,914/SK/BAN-PT/Ak/S/III/2024,2024,TRILOGI,s1desainproduk@TRILOGI.ac.id
Institut Teknologi Dan Bisnis Kristen Bukit Pengharapan,Desain Komunikasi Visual,S1,6,913/SK/BAN-PT/Ak/S/III/2024,2024,ITB KPBP,s1desainkomunikasivisual@ITBKPBP.ac.id
Universitas Agung Podomoro,Desain Produk,S1,3,736/SK/BAN-PT/Ak/S/III/2024,2024,UAP,s1desainproduk@UAP.ac.id
Universitas Mercu Buana,Desain Komunikasi Visual,S1,3,877/SK/BAN-PT/Ak.Ppj/S/III/2024,2024,UMB,s1desainkomunikasivisual@UMB.ac.id
Akademi Kesejahteraan Sosial Ibu Kartini,Desain Mode,D4,6,849/SK/BAN-PT/Ak.P/STr/III/2024,2024,AKSIK,d4desainmode@AKSIK.ac.id
Institut Informatika Dan Bisnis Darmajaya,Desain Interior,S1,2,848/SK/BAN-PT/Ak.P/S/III/2024,2024,IIB Darmajaya,s1desaininterior@IIBDarmajaya.ac.id
Institut Teknologi Dan Bisnis Palcomtech,Desain Komunikasi Visual,D3,2,687/SK/BAN-PT/Ak/D3/III/2024,2024,ITB Palcomtech,d3desainkomunikasivisual@ITBPalcomtech.ac.id
Institut Teknologi Telkom Purwokerto,Desain Produk,S1,6,688/SK/BAN-PT/Ak/S/III/2024,2024,ITTP,s1desainproduk@ITTP.ac.id
Universitas Indraprasta PGRI,Desain Komunikasi Visual,S1,3,672/SK/BAN-PT/PEPA-Ppj/S/II/2024,2024,UNINDRA,s1desainkomunikasivisual@UNINDRA.ac.id
Institut Seni Indonesia Denpasar,Desain Mode,D4,PTN,505/SK/BAN-PT/Ak.KP/STr/II/2024,2024,ISI Denpasar,d4desainmode@ISIDenpasar.ac.id
Institut Sains Dan Teknologi Terpadu Surabaya,Desain Komunikasi Visual,S1,7,604/SK/BAN-PT/Ak/S/II/2024,2024,ISTTS,s1desainkomunikasivisual@ISTTS.ac.id
Universitas Pembangunan Nasional Veteran Jawa Timur,Desain Komunikasi Visual,S1,PTN,670/SK/BAN-PT/Ak/S/II/2024,2024,UPN Veteran Jatim,s1desainkomunikasivisual@UPNVeteranJatim.ac.id
Institut Teknologi Dan Bisnis Kalbis,Desain Komunikasi Visual,S1,3,592/SK/BAN-PT/Ak/S/II/2024,2024,KALBIS Institute,s1desainkomunikasivisual@KALBISInstitute.ac.id
Universitas Maarif Hasyim Latif,Desain Komunikasi Visual,S1,7,593/SK/BAN-PT/Ak/S/II/2024,2024,UMAHA,s1desainkomunikasivisual@UMAHA.ac.id
Universitas Presiden,Desain Komunikasi Visual,S1,4,644/SK/BAN-PT/Ak.Ppj/S/II/2024,2024,PRESIDENT UNIVERSITY,s1desainkomunikasivisual@PRESIDENTUNIVERSITY.ac.id
Universitas Esa Unggul,Desain Interior,S1,3,384/SK/BAN-PT/PEPA-Ppj/S/II/2024,2024,UEU,s1desaininterior@UEU.ac.id
Universitas Syekh Yusuf Al Makassari Gowa,Desain Komunikasi Visual,S1,9,441/SK/BAN-PT/Ak.P/S/II/2024,2024,UNSYAM,s1desainkomunikasivisual@UNSYAM.ac.id
Universitas Metamedia,Desain Komunikasi Visual,S1,10,481/SK/BAN-PT/Ak.P/S/II/2024,2024,UMET,s1desainkomunikasivisual@UMET.ac.id
Universitas Ngudi Waluyo,Pendidikan Vokasional Desain Fashion,S1,6,1965/SK/LAMDIK/Ak/S/XII/2024,2024,UNW,s1pendidikanvokasionaldesainfashion@UNW.ac.id
Institut Desain Dan Bisnis Bali,Desain Interior,S1,8,7199/SK/BAN-PT/Ak/S/XII/2024,2024,IDB Bali,s1desaininterior@IDBBali.ac.id
Universitas Negeri Makassar,Desain Komunikasi Visual,S1,PTN,7124/SK/BAN-PT/Ak/S/XII/2024,2024,UNM,s1desainkomunikasivisual@UNM.ac.id
Universitas Hindu Negeri I Gusti Bagus Sugriwa Denpasar,Desain Komunikasi Visual,S1,PTAN,7094/SK/BAN-PT/Ak.P/S/XII/2024,2024,UHN I Gusti Bagus Sugriwa,s1desainkomunikasivisual@UHNIGustiBagusSugriwa.ac.id
Universitas Lancang Kuning,Desain Interior,S1,17,7019/SK/BAN-PT/Ak/S/XII/2024,2024,UNILAK,s1desaininterior@UNILAK.ac.id
Universitas Pendidikan Ganesha,Desain Komunikasi Visual,D3,PTN,6884/SK/BAN-PT/Ak/D3/XI/2024,2024,UNDIKSHA,d3desainkomunikasivisual@UNDIKSHA.ac.id
Universitas Swadaya Gunung Djati,Desain Komunikasi Visual,S1,4,6926/SK/BAN-PT/Ak.P/S/XI/2024,2024,UNSWAGATI,s1desainkomunikasivisual@UNSWAGATI.ac.id
Sekolah Tinggi Desain Indonesia Bandung,Desain Komunikasi Visual,S1,4,6865/SK/BAN-PT/Ak/S/XI/2024,2024,STDI,s1desainkomunikasivisual@STDI.ac.id
Institut Teknologi Nasional Bandung,Desain Interior,S1,4,6718/SK/BAN-PT/Ak.KP/S/XI/2024,2024,ITENAS,s1desaininterior@ITENAS.ac.id
Universitas Telkom,Desain Komunikasi Visual (Kampus Kabupaten Banyumas),S1,4,6662/SK/BAN-PT/Ak-PNB/S/XI/2024,2024,TEL-U,s1desainkomunikasivisualkampuskabupatenbanyumas@TEL-U.ac.id
Universitas Telkom,Desain Produk (Kampus Kabupaten Banyumas),S1,4,6663/SK/BAN-PT/Ak-PNB/S/XI/2024,2024,TEL-U,s1desainprodukkampuskabupatenbanyumas@TEL-U.ac.id
Institut Kesenian Jakarta,Desain Komunikasi Visual,S1,3,6445/SK/BAN-PT/PEPA-Ppj/S/X/2024,2024,IKJ,s1desainkomunikasivisual@IKJ.ac.id
Institut Teknologi Sepuluh Nopember,Desain Interior,S2,PTN,6308/SK/BAN-PT/Ak/M/X/2024,2024,ITS,s2desaininterior@ITS.ac.id
Institut Teknologi Kalimantan,Desain Komunikasi Visual,S1,PTN,6166/SK/BAN-PT/Ak/S/X/2024,2024,ITK,s1desainkomunikasivisual@ITK.ac.id
Universitas Matana,Desain Komunikasi Visual,S1,4,6224/SK/BAN-PT/Ak/S/X/2024,2024,UM,s1desainkomunikasivisual@UM.ac.id
Universitas Wanita Internasional,Desain Komunikasi Visual,S1,4,6188/SK/BAN-PT/Ak.Ppj/S/X/2024,2024,UWI,s1desainkomunikasivisual@UWI.ac.id
Universitas Wanita Internasional,Desain Interior,S1,4,6192/SK/BAN-PT/Ak.Ppj/S/X/2024,2024,UWI,s1desaininterior@UWI.ac.id
Universitas Surabaya,Desain Komunikasi Visual,S1,7,6221/SK/BAN-PT/Ak.P/S/X/2024,2024,UBAYA,s1desainkomunikasivisual@UBAYA.ac.id
Universitas Ciputra Surabaya,Desain Komunikasi Visual (Kampus Kota Makassar),S1,7,4831/SK/BAN-PT/Ak/S/VII/2024,2024,UC,s1desainkomunikasivisualkampuskotamakassar@UC.ac.id
Universitas Bumigora,Desain Komunikasi Visual,S1,8,4861/SK/BAN-PT/Ak/S/VII/2024,2024,UNIGORA,s1desainkomunikasivisual@UNIGORA.ac.id
Universitas Indonesia Mandiri,Desain Komunikasi Visual,S1,2,5926/SK/BAN-PT/Ak-PNB/S/IX/2024,2024,UIM,s1desainkomunikasivisual@UIM.ac.id
Institut Kesenian Jakarta,Desain Interior,S1,3,4753/SK/BAN-PT/PEPA-Ppj/S/VI/2024,2024,IKJ,s1desaininterior@IKJ.ac.id
Universitas LIA,Desain Komunikasi Visual,S1,3,5794/SK/BAN-PT/Ak.P/S/IX/2024,2024,UNIL,s1desainkomunikasivisual@UNIL.ac.id
Universitas Negeri Malang,Desain Mode,D4,PTN,5852/SK/BAN-PT/PEPA-Ppj/STr/IX/2024,2024,UM,d4desainmode@UM.ac.id
Universitas Putra Indonesia Yptk Padang,Desain Komunikasi Visual,S1,10,5851/SK/BAN-PT/PEPA-Ppj/S/IX/2024,2024,UPI YPTK,s1desainkomunikasivisual@UPIYPTK.ac.id
Politeknik Negeri Samarinda,Desain Produk Kayu Dan Serat,D4,PTN,5626/SK/BAN-PT/Ak/STr/VIII/2024,2024,POLNES,d4desainprodukkayudanserat@POLNES.ac.id
Universitas Komputer Indonesia,Desain Grafis,D3,4,5686/SK/BAN-PT/PEPA-Ppj/D3/VIII/2024,2024,UNIKOM,d3desaingrafis@UNIKOM.ac.id
Institut Desain Dan Bisnis Bali,Desain Komunikasi Visual,S1,8,5353/SK/BAN-PT/Ak/S/VIII/2024,2024,IDB Bali,s1desainkomunikasivisual@IDBBali.ac.id
Universitas Teknologi Bandung,Desain Komunikasi Visual,S1,4,5307/SK/BAN-PT/Ak-PNB/S/VIII/2024,2024,UTB,s1desainkomunikasivisual@UTB.ac.id
Universitas Catur Insan Cendekia,Desain Komunikasi Visual,S1,4,5148/SK/BAN-PT/Ak.Ppj/S/VII/2024,2024,UCIC,s1desainkomunikasivisual@UCIC.ac.id
Universitas Gunadarma,Desain Interior,S1,3,5162/SK/BAN-PT/Ak.Ppj/S/VII/2024,2024,UG,s1desaininterior@UG.ac.id
Universitas Pasundan,Desain Komunikasi Visual,S1,4,5198/SK/BAN-PT/Ak.Ppj/S/VII/2024,2024,UNPAS,s1desainkomunikasivisual@UNPAS.ac.id
Institut Teknologi Dan Bisnis Asia Malang,Desain Komunikasi Visual,S1,7,5201/SK/BAN-PT/Ak.Ppj/S/VII/2024,2024,ITB Asia,s1desainkomunikasivisual@ITBAsia.ac.id
Universitas Brawijaya,Desain Grafis,D4,PTN,4649/SK/BAN-PT/Ak/STr/VI/2024,2024,UB,d4desaingrafis@UB.ac.id
STMIK Amik Bandung,Desain Komunikasi Visual,S1,4,4629/SK/BAN-PT/Ak.P/S/VI/2024,2024,STMIK-AMIK,s1desainkomunikasivisual@STMIK-AMIK.ac.id
Institut Teknologi Bandung,Desain,S2,PTN,4966/SK/BAN-PT/Ak.KP/M/VII/2024,2024,ITB,s2desain@ITB.ac.id
Universitas Bina Nusantara,Desain,S2,3,4920/SK/BAN-PT/Ak.P/M/VII/2024,2024,BINUS,s2desain@BINUS.ac.id
Institut Seni Indonesia Padang Panjang,Desain Komunikasi Visual,S1,PTN,5017/SK/BAN-PT/PEPA-Ppj/S/VII/2024,2024,ISI Padang Panjang,s1desainkomunikasivisual@ISIPadangPanjang.ac.id
Universitas Nahdlatul Ulama Pasuruan,Desain Komunikasi Visual,S1,7,4416/SK/BAN-PT/Ak-PNB/S/V/2024,2024,UNU Pasuruan,s1desainkomunikasivisual@UNUPasuruan.ac.id
Institut Teknologi Bandung,Desain Komunikasi Visual,S1,PTN,4270/SK/BAN-PT/Ak.KP/S/V/2024,2024,ITB,s1desainkomunikasivisual@ITB.ac.id
Universitas Kristen Maranatha,Desain Interior,S1,4,4386/SK/BAN-PT/Ak.Ppj/S/V/2024,2024,UKM,s1desaininterior@UKM.ac.id
Institut Filsafat Dan Teknologi Kreatif Ledalero,Desain Komunikasi Visual,S1,15,4112/SK/BAN-PT/Ak.P/S/V/2024,2024,IFTK Ledalero,s1desainkomunikasivisual@IFTKLedalero.ac.id
Sekolah Tinggi Desain LaSalle,Fashion Desain,D4,3,4095/SK/BAN-PT/PEPA-Ppj/STr/V/2024,2024,LaSalle College,d4fashiondesain@LaSalleCollege.ac.id
Universitas Sebelas Maret,Desain Komunikasi Visual,D3,PTN,4050/SK/BAN-PT/Ak/D3/V/2024,2024,UNS,d3desainkomunikasivisual@UNS.ac.id
Universitas Potensi Utama,Desain Interior,S1,1,4025/SK/BAN-PT/Ak.Ppj/S/V/2024,2024,UP,s1desaininterior@UP.ac.id
Universitas Bina Nusantara,Desain Produk,S1,3,4005/SK/BAN-PT/PEPA-Ppj/S/V/2024,2024,BINUS,s1desainproduk@BINUS.ac.id
Universitas Ma Chung,Desain Komunikasi Visual -,S1,7,3910/SK/BAN-PT/Ak/S/IV/2024,2024,UNIMAC,s1desainkomunikasivisual@UNIMAC.ac.id
Universitas Potensi Utama,Desain Komunikasi Visual,S1,1,3930/SK/BAN-PT/Ak.Ppj/S/IV/2024,2024,UP,s1desainkomunikasivisual@UP.ac.id
Universitas Sains Dan Teknologi Komputer,Desain Komunikasi Visual,S1,6,3878/SK/BAN-PT/PEPA-Ppj/S/IV/2024,2024,STEKOM,s1desainkomunikasivisual@STEKOM.ac.id
Universitas Internasional Semen Indonesia,Desain Komunikasi Visual,S1,7,3678/SK/BAN-PT/Ak.KP/S/IV/2024,2024,UISI,s1desainkomunikasivisual@UISI.ac.id
Institut Seni Indonesia Denpasar,Desain Interior,S1,PTN,3745/SK/BAN-PT/Ak.KP/S/IV/2024,2024,ISI Denpasar,s1desaininterior@ISIDenpasar.ac.id
Institut Seni Indonesia Denpasar,Desain Komunikasi Visual,S1,PTN,3747/SK/BAN-PT/Ak.KP/S/IV/2024,2024,ISI Denpasar,s1desainkomunikasivisual@ISIDenpasar.ac.id
Universitas Bunda Mulia,Desain Komunikasi Visual,S1,3,3761/SK/BAN-PT/Ak.KP/S/IV/2024,2024,UBM,s1desainkomunikasivisual@UBM.ac.id
Institut Informatika Indonesia Surabaya,Desain Komunikasi Visual,S1,7,3822/SK/BAN-PT/Ak.Ppj/S/IV/2024,2024,III Surabaya,s1desainkomunikasivisual@IIISurabaya.ac.id
Universitas Pembangunan Jaya,Desain Produk,S1,4,3845/SK/BAN-PT/Ak.Ppj/S/IV/2024,2024,UPJ,s1desainproduk@UPJ.ac.id
Universitas Nusa Nipa,Desain Komunikasi Visual,S1,15,3801/SK/BAN-PT/Ak.P/S/IV/2024,2024,UNIPA,s1desainkomunikasivisual@UNIPA.ac.id
Universitas Kalbis,Desain Komunikasi Visual,S1,3,1255/SK/BAN-PT/Ak-PNB/S/IV/2024,2024,KALBIS University,s1desainkomunikasivisual@KALBISUniversity.ac.id
Universitas PGRI Jombang,Desain Komunikasi Visual,S1,7,1231/SK/BAN-PT/Ak.P/S/IV/2024,2024,UNIP,s1desainkomunikasivisual@UNIP.ac.id
Institut Seni Indonesia Padang Panjang,Desain Produk,S1,PTN,1116/SK/BAN-PT/Ak/S/IV/2024,2024,ISI Padang Panjang,s1desainproduk@ISIPadangPanjang.ac.id
Sekolah Tinggi Desain Indonesia Bandung,Desain Interior,S1,4,1104/SK/BAN-PT/Ak/S/IV/2024,2024,STDI,s1desaininterior@STDI.ac.id
Universitas Hayam Wuruk Perbanas,Desain Komunikasi Visual,S1,7,1086/SK/BAN-PT/Ak/S/IV/2024,2024,UHW Perbanas,s1desainkomunikasivisual@UHWPerbanas.ac.id
Institut Kesenian Jakarta,Desain Produk,S1,3,1125/SK/BAN-PT/PEPA-Ppj/S/IV/2024,2024,IKJ,s1desainproduk@IKJ.ac.id
Institut Seni Budaya Indonesia Bandung,Desain Komunikasi Visual,S1,PTN,1031/SK/BAN-PT/Ak.P/S/III/2024,2024,ISBI Bandung,s1desainkomunikasivisual@ISBIBandung.ac.id
Universitas Muhammadiyah Purwokerto,Desain Komunikasi Visual,S1,6,1032/SK/BAN-PT/Ak.P/S/III/2024,2024,UMP,s1desainkomunikasivisual@UMP.ac.id
Universitas Nusa Putra,Desain Komunikasi Visual,S1,4,471/SK/BAN-PT/Ak.Ppj/S/II/2023,2023,UNSAP,s1desainkomunikasivisual@UNSAP.ac.id
Universitas Nahdlatul Ulama Sidoarjo,Desain Komunikasi Visual,S1,7,704/SK/BAN-PT/Ak/S/III/2023,2023,UNUSIDA,s1desainkomunikasivisual@UNUSIDA.ac.id
Universitas Pembangunan Jaya,Desain Komunikasi Visual,S1,4,830/SK/BAN-PT/Ak.Ppj/S/III/2023,2023,UPJ,s1desainkomunikasivisual@UPJ.ac.id
Universitas Negeri Surabaya,Desain Komunikasi Visual,S1,PTN,978/SK/BAN-PT/Ak/S/III/2023,2023,UNESA,s1desainkomunikasivisual@UNESA.ac.id
Universitas Telkom,Desain Interior,S1,4,1120/SK/BAN-PT/Ak.Ppj/S/III/2023,2023,TEL-U,s1desaininterior@TEL-U.ac.id
Universitas Trisakti,Desain Produk,S2,3,1463/SK/BAN-PT/Ak.Ppj/M/IV/2023,2023,Usakti,s2desainproduk@Usakti.ac.id
Universitas Tarumanagara,Desain Komunikasi Visual,S1,3,1695/SK/BAN-PT/Ak.KP/S/V/2023,2023,UNTAR,s1desainkomunikasivisual@UNTAR.ac.id
Universitas Indo Global Mandiri,Desain Komunikasi Visual,S1,2,1958/SK/BAN-PT/Ak.Ppj/S/V/2023,2023,UIGM,s1desainkomunikasivisual@UIGM.ac.id
Universitas Mercu Buana,Desain Interior,S1,3,2345/SK/BAN-PT/Ak/S/VI/2023,2023,UMB,s1desaininterior@UMB.ac.id
Universitas Prasetiya Mulya,Desain Produk,S1,3,2462/SK/BAN-PT/Ak/S/VI/2023,2023,Prasmul,s1desainproduk@Prasmul.ac.id
Sekolah Tinggi Desain LaSalle,Desain Interior,S1,3,2481/SK/BAN-PT/Ak/S/VI/2023,2023,LaSalle College,s1desaininterior@LaSalleCollege.ac.id
Universitas Dian Nuswantoro,Desain Komunikasi Visual (Kampus Kota Kediri),S1,6,2680/SK/BAN-PT/Ak/S/VII/2023,2023,UDINUS,s1desainkomunikasivisualkampuskotakediri@UDINUS.ac.id
Universitas Aufa Royhan,Pendidikan Vokasional Desain Fashion,S1,1,787/SK/LAMDIK/Ak/S/VIII/2023,2023,UAR,s1pendidikanvokasionaldesainfashion@UAR.ac.id
Universitas Komputer Indonesia,Desain Komunikasi Visual,S1,4,3587/SK/BAN-PT/Ak.Ppj/S/IX/2023,2023,UNIKOM,s1desainkomunikasivisual@UNIKOM.ac.id
Universitas Selamat Sri,Desain Komunikasi Visual,S1,6,3894/SK/BAN-PT/Ak.Ppj/S/IX/2023,2023,UNISS,s1desainkomunikasivisual@UNISS.ac.id
Politeknik Bina Madani,Desain Media,D4,4,4407/SK/BAN-PT/Ak/STr/X/2023,2023,POLTEKBIMA,d4desainmedia@POLTEKBIMA.ac.id
Universitas Telkom,Desain,S2,4,4520/SK/BAN-PT/Ak/M/XI/2023,2023,TEL-U,s2desain@TEL-U.ac.id
Akademi Seni Rupa Dan Desain MSD,Desain Komunikasi Visual,D3,5,4669/SK/BAN-PT/PEPA-Ppj/D3/XI/2023,2023,ASRIDE MSD,d3desainkomunikasivisual@ASRIDEMSD.ac.id
Universitas Bina Nusantara,Desain Interior,S1,3,4678/SK/BAN-PT/PEPA-Ppj/S/XI/2023,2023,BINUS,s1desaininterior@BINUS.ac.id
Universitas Paramadina,Desain Produk,S1,3,4702/SK/BAN-PT/Ak/S/XI/2023,2023,PARAMADINA,s1desainproduk@PARAMADINA.ac.id
Sekolah Tinggi Seni Rupa Dan Desain Visi Indonesia,Desain Komunikasi Visual,S1,5,4996/SK/BAN-PT/Ak.Ppj/S/XI/2023,2023,STSRD Visi,s1desainkomunikasivisual@STSRDVisi.ac.id
Institut Teknologi Nasional Bandung,Desain Komunikasi Visual,S1,4,4977/SK/BAN-PT/Ak.Ppj/S/XI/2023,2023,ITENAS,s1desainkomunikasivisual@ITENAS.ac.id
Universitas Komputer Indonesia,Desain Interior,S1,4,5321/SK/BAN-PT/PEPA-Ppj/S/XII/2023,2023,UNIKOM,s1desaininterior@UNIKOM.ac.id
Institut Sains Dan Teknologi Al-Kamal,Desain Komunikasi Visual,S1,3,5326/SK/BAN-PT/PEPA-Ppj/S/XII/2023,2023,ISTN,s1desainkomunikasivisual@ISTN.ac.id
Universitas Mercu Buana,Desain Produk,S1,3,5317/SK/BAN-PT/PEPA-Ppj/S/XII/2023,2023,UMB,s1desainproduk@UMB.ac.id
Universitas Negeri Semarang,Desain Komunikasi Visual,D3,PTN,5341/SK/BAN-PT/PEPA-Ppj/D3/XII/2023,2023,UNNES,d3desainkomunikasivisual@UNNES.ac.id
Institut Seni Budaya Indonesia Tanah Papua,Desain Komunikasi Visual,S1,PTN,559/SK/BAN-PT/Akred/S/I/2022,2022,ISBI Tanah Papua,s1desainkomunikasivisual@ISBITanahPapua.ac.id
Institut Teknologi Sepuluh Nopember,Desain Produk,S1,PTN,355/SK/BAN-PT/Ak-PPJ/S/I/2022,2022,ITS,s1desainproduk@ITS.ac.id
Sekolah Tinggi Seni Rupa Dan Desain Visi Indonesia,Desain Komunikasi Visual,D3,5,442/SK/BAN-PT/Ak-PPJ/Dipl-III/I/2022,2022,STSRD Visi,d3desainkomunikasivisual@STSRDVisi.ac.id
Universitas Islam Nahdlatul Ulama Jepara,Desain Produk,S1,6,406/SK/BAN-PT/Ak-PPJ/S/I/2022,2022,UNISNU,s1desainproduk@UNISNU.ac.id
Institut Seni Indonesia Padang Panjang,Desain Mode,D4,PTN,686/SK/BAN-PT/Akred/ST/II/2022,2022,ISI Padang Panjang,d4desainmode@ISIPadangPanjang.ac.id
Universitas Negeri Surabaya,Desain Grafis,D4,PTN,1169/SK/BAN-PT/Akred/ST/II/2022,2022,UNESA,d4desaingrafis@UNESA.ac.id
Universitas Bina Nusantara,Desain Komunikasi Visual,S1,3,1415/SK/BAN-PT/Akred-Itnl/S/III/2022,2022,BINUS,s1desainkomunikasivisual@BINUS.ac.id
Institut Teknologi Bandung,Desain Produk,S1,PTN,2438/SK/BAN-PT/AK-ISK/S/IV/2022,2022,ITB,s1desainproduk@ITB.ac.id
Universitas Paramadina,Desain Komunikasi Visual,S1,3,3031/SK/BAN-PT/Ak-PPJ/S/V/2022,2022,PARAMADINA,s1desainkomunikasivisual@PARAMADINA.ac.id
Institut Seni Indonesia Yogyakarta,Desain Interior,S1,PTN,3926/SK/BAN-PT/Akred-PMT/S/VI/2022,2022,ISI Yogyakarta,s1desaininterior@ISIYogyakarta.ac.id
Institut Teknologi Dan Bisnis Stikom Ambon,Desain Komunikasi Visual,S1,12,4020/SK/BAN-PT/PB-PS/S/VII/2022,2022,ITB Stikom Ambon,s1desainkomunikasivisual@ITBStikomAmbon.ac.id
Universitas Tarumanagara,Desain Interior,S1,3,4345/SK/BAN-PT/Akred/S/VII/2022,2022,UNTAR,s1desaininterior@UNTAR.ac.id
Institut Komunikasi Dan Bisnis LSPR,Desain Komunikasi Visual,S1,3,5082/SK/BAN-PT/Ak/S/VII/2022,2022,LSPR,s1desainkomunikasivisual@LSPR.ac.id
Universitas Sebelas Maret,Desain Komunikasi Visual,S1,PTN,5244/SK/BAN-PT/Ak-PPJ/S/VIII/2022,2022,UNS,s1desainkomunikasivisual@UNS.ac.id
Universitas Muhammadiyah Tangerang,Desain Komunikasi Visual,S1,4,5332/SK/BAN-PT/Ak/S/VIII/2022,2022,UMT,s1desainkomunikasivisual@UMT.ac.id
Politeknik Harapan Bersama,Desain Komunikasi Visual,D3,6,5327/SK/BAN-PT/Ak/D3/VIII/2022,2022,POLTEK HARBER,d3desainkomunikasivisual@POLTEKHARBER.ac.id
Politeknik Negeri Media Kreatif,Desain Mode,D4,PTN,5471/SK/BAN-PT/Ak/STr/VIII/2022,2022,POLIMEDIA,d4desainmode@POLIMEDIA.ac.id
Politeknik Perkapalan Negeri Surabaya,Teknik Desain Dan Manufaktur,D4,PTN,0105/SK/LAM Teknik/VST/VIII/2022,2022,PPNS,d4teknikdesaindanmanufaktur@PPNS.ac.id
Universitas Trisakti,Desain Produk,S1,3,5988/SK/BAN-PT/Ak.Ppj/S/IX/2022,2022,Usakti,s1desainproduk@Usakti.ac.id
Sekolah Tinggi Desain Interstudi,Desain Interior,S1,3,6266/SK/BAN-PT/Ak.KP/S/IX/2022,2022,STDI Interstudi,s1desaininterior@STDIInterstudi.ac.id
Sekolah Tinggi Media Komunikasi Trisakti,Desain Komunikasi Visual,S1,3,6618/SK/BAN-PT/Ak.KP/S/IX/2022,2022,STMK Trisakti,s1desainkomunikasivisual@STMKTrisakti.ac.id
Akademi Seni Dan Desain Indonesia Surakarta,Desain Komunikasi Visual,D3,6,7539/SK/BAN-PT/Ak.KP/D3/X/2022,2022,ASDI Surakarta,d3desainkomunikasivisual@ASDISurakarta.ac.id
Akademi Seni Dan Desain Indonesia Surakarta,Desain Produk Tekstil,D3,6,8199/SK/BAN-PT/Ak.KP/D3/X/2022,2022,ASDI Surakarta,d3desainproduktekstil@ASDISurakarta.ac.id
Institut Sains Dan Teknologi Td Pardede,Desain Interior,D3,1,8950/SK/BAN-PT/Ak.KP/D3/XI/2022,2022,ISTP,d3desaininterior@ISTP.ac.id
Universitas Sebelas Maret,Desain Interior,S1,PTN,8892/SK/BAN-PT/Ak.Ppj/S/XI/2022,2022,UNS,s1desaininterior@UNS.ac.id
Universitas Aisyiyah Bandung,Desain Komunikasi Visual,S1,4,8859/SK/BAN-PT/Ak/S/XI/2022,2022,UNISA Bandung,s1desainkomunikasivisual@UNISABandung.ac.id
Universitas Kristen Satya Wacana,Desain Komunikasi Visual,S1,6,9109/SK/BAN-PT/Ak.Ppj/S/XI/2022,2022,UKSW,s1desainkomunikasivisual@UKSW.ac.id
Politeknik Sains Seni Rekakreasi,Desain Komunikasi Visual,D3,4,9918/SK/BAN-PT/Ak/D3/XI/2022,2022,PSS Reka Kreasi,d3desainkomunikasivisual@PSSRekaKreasi.ac.id
Institut Teknologi Harapan Bangsa,Desain Komunikasi Visual,S1,4,10075/SK/BAN-PT/Ak/S/XI/2022,2022,ITHB,s1desainkomunikasivisual@ITHB.ac.id
Universitas Pradita,Desain Komunikasi Visual,S1,3,1045/SK/BAN-PT/Akred/S/II/2021,2021,UP,s1desainkomunikasivisual@UP.ac.id
Institut Teknologi Dan Sains Nahdlatul Ulama Pasuruan,Desain Komunikasi Visual,S1,7,1179/SK/BAN-PT/Akred/S/III/2021,2021,ITSNU Pasuruan,s1desainkomunikasivisual@ITSNUPasuruan.ac.id
Universitas Negeri Padang,Desain Komunikasi Visual,S1,PTN,1123/SK/BAN-PT/Akred/S/III/2021,2021,UNP,s1desainkomunikasivisual@UNP.ac.id
Institut Manajemen Wiyata Indonesia,Desain Grafis,S1,4,1861/SK/BAN-PT/Akred/S/IV/2021,2021,IMWI,s1desaingrafis@IMWI.ac.id
Politeknik Industri Furnitur Dan Pengolahan Kayu,Desain Furnitur,D3,PTKL,358/SK/BAN-PT/Akred/Dipl-III/I/2021,2021,POLIFURNI,d3desainfurnitur@POLIFURNI.ac.id
Institut Teknologi Harapan Bangsa,Desain Produk,S1,4,657/SK/BAN-PT/Akred/S/II/2021,2021,ITHB,s1desainproduk@ITHB.ac.id
Akademi Kesejahteraan Sosial Ibu Kartini,Desain Busana,D3,6,1326/SK/BAN-PT/Akred/Dipl-III/III/2021,2021,AKSIK,d3desainbusana@AKSIK.ac.id
Institut Teknologi Batam,Desain Komunikasi Visual,S1,17,1358/SK/BAN-PT/Akred/S/III/2021,2021,ITEBA,s1desainkomunikasivisual@ITEBA.ac.id
Akademi Teknik PIKA,Desain Interior,D3,6,1480/SK/BAN-PT/Akred/Dipl-III/III/2021,2021,AT PIKA,d3desaininterior@ATPIKA.ac.id
Institut Teknologi Dan Bisnis Ahmad Dahlan,Desain Komunikasi Visual,S1,3,1500/SK/BAN-PT/Akred/S/III/2021,2021,ITB-AD,s1desainkomunikasivisual@ITB-AD.ac.id
Universitas Adhirajasa Reswara Sanjaya,Desain Komunikasi Visual,S1,4,1605/SK/BAN-PT/Akred/S/III/2021,2021,UNJAYA,s1desainkomunikasivisual@UNJAYA.ac.id
Universitas Kuningan,Desain Komunikasi Visual,S1,4,2028/SK/BAN-PT/Akred/S/IV/2021,2021,UNIKU,s1desainkomunikasivisual@UNIKU.ac.id
Universitas Bina Nusantara,Desain Interior (Kampus Kota Bandung),S1,3,2438/SK/BAN-PT/Akred/S/IV/2021,2021,BINUS,s1desaininteriorkampuskotabandung@BINUS.ac.id
Universitas Bina Nusantara,Desain Komunikasi Visual (Kampus Kota Bandung),S1,3,2441/SK/BAN-PT/Akred/S/IV/2021,2021,BINUS,s1desainkomunikasivisualkampuskotabandung@BINUS.ac.id
Universitas Bina Nusantara,Desain Interior (Kampus Kota Malang),S1,3,2668/SK/BAN-PT/Akred/S/V/2021,2021,BINUS,s1desaininteriorkampuskotamalang@BINUS.ac.id
Universitas Nahdlatul Ulama Kalimantan Timur,Desain Interior,S1,11,3112/SK/BAN-PT/Akred/S/V/2021,2021,UNUKALTARA,s1desaininterior@UNUKALTARA.ac.id
Politeknik Negeri Pontianak,Desain Kawasan Binaan,D4,PTN,2878/SK/BAN-PT/Akred/ST/V/2021,2021,POLNEP,d4desainkawasanbinaan@POLNEP.ac.id
Institut Teknologi Sumatera,Desain Komunikasi Visual,S1,PTN,2731/SK/BAN-PT/Akred/S/V/2021,2021,ITERA,s1desainkomunikasivisual@ITERA.ac.id
Universitas Sahid Surakarta,Desain Komunikasi Visual,S1,6,2993/SK/BAN-PT/Ak-PPJ/S/V/2021,2021,USAP,s1desainkomunikasivisual@USAP.ac.id
Universitas Bina Nusantara,Desain Komunikasi Visual (Kampus Kota Malang),S1,3,3288/SK/BAN-PT/Akred/S/V/2021,2021,BINUS,s1desainkomunikasivisualkampuskotamalang@BINUS.ac.id
Universitas Teknologi Indonesia,Desain Produk,S1,8,6144/SK/BAN-PT/Ak-TMSP/S/VI/2021,2021,UTI,s1desainproduk@UTI.ac.id
Politeknik Muhammadiyah Tegal,Desain Produk,D3,6,8752/SK/BAN-PT/Akred/Dipl-III/VI/2021,2021,POLMUTECH,d3desainproduk@POLMUTECH.ac.id
Politeknik Negeri Media Kreatif,Desain Grafis (Kampus Makassar),D3,PTN,8915/SK/BAN-PT/Akred/Dipl-III/VI/2021,2021,POLIMEDIA,d3desaingrafiskampusmakassar@POLIMEDIA.ac.id
Universitas Ciputra Surabaya,Desain Produk,S1,7,9276/SK/BAN-PT/Akred/S/VII/2021,2021,UC,s1desainproduk@UC.ac.id
Universitas Budi Luhur,Desain Komunikasi Visual,S1,3,9440/SK/BAN-PT/Akred/S/VII/2021,2021,UBL,s1desainkomunikasivisual@UBL.ac.id
Institut Sains Dan Teknologi Terpadu Surabaya,Desain Produk,S1,7,9709/SK/BAN-PT/Akred/S/VII/2021,2021,ISTTS,s1desainproduk@ISTTS.ac.id
Institut Desain Dan Bisnis Bali,Desain Mode,D4,8,9921/SK/BAN-PT/Akred/ST/VIII/2021,2021,IDB Bali,d4desainmode@IDBBali.ac.id
Institut Teknologi Sepuluh Nopember,Desain Komunikasi Visual,S1,PTN,10472/SK/BAN-PT/Akred/S/VIII/2021,2021,ITS,s1desainkomunikasivisual@ITS.ac.id
STIKI Malang,Desain Komunikasi Visual,S1,7,10632/SK/BAN-PT/Akred/S/IX/2021,2021,STIKI,s1desainkomunikasivisual@STIKI.ac.id
Institut Teknologi Telkom Purwokerto,Desain Komunikasi Visual,S1,6,10875/SK/BAN-PT/Akred/S/IX/2021,2021,ITTP,s1desainkomunikasivisual@ITTP.ac.id
Universitas Pendidikan Indonesia,Desain Komunikasi Visual,S1,PTN,10936/SK/BAN-PT/Akred/S/IX/2021,2021,UPI,s1desainkomunikasivisual@UPI.ac.id
Universitas Indonesia Mandiri,Desain Komunikasi Visual,S1,4,11595/SK/BAN-PT/PB-PS/S/X/2021,2021,UIM,s1desainkomunikasivisual@UIM.ac.id
Akademi Seni Rupa Dan Desain ISWI Jakarta,Desain Produk,D3,3,11979/SK/BAN-PT/Akred/Dipl-III/X/2021,2021,ASRDI ISWI,d3desainproduk@ASRDIISWI.ac.id
STKIP Pangeran Antasari,Pendidikan Vokasional Desain Fashion,S1,1,12208/SK/BAN-PT/Akred/S/XI/2021,2021,STKIP PA,s1pendidikanvokasionaldesainfashion@STKIPPA.ac.id
Universitas Esa Unggul,Desain Komunikasi Visual,S1,3,12618/SK/BAN-PT/Ak-PPJ/S/XI/2021,2021,UEU,s1desainkomunikasivisual@UEU.ac.id
Universitas Trisakti,Desain Komunikasi Visual,S1,3,12885/SK/BAN-PT/Ak-PPJ/S/XII/2021,2021,Usakti,s1desainkomunikasivisual@Usakti.ac.id
Sekolah Tinggi Desain Interstudi,Desain Produk,S1,3,13061/SK/BAN-PT/Ak-PPJ/S/XII/2021,2021,STDI Interstudi,s1desainproduk@STDIInterstudi.ac.id
Sekolah Tinggi Desain Interstudi,Desain Komunikasi Visual,S1,3,13091/SK/BAN-PT/Ak-PPJ/S/XII/2021,2021,STDI Interstudi,s1desainkomunikasivisual@STDIInterstudi.ac.id
Universitas Multimedia Nusantara,Desain Komunikasi Visual,S1,3,13626/SK/BAN-PT/Ak-PPJ/S/XII/2021,2021,UMN,s1desainkomunikasivisual@UMN.ac.id
Institut Seni Indonesia Yogyakarta,Desain Komunikasi Visual,S1,PTN,13625/SK/BAN-PT/Ak-PPJ/S/XII/2021,2021,ISI Yogyakarta,s1desainkomunikasivisual@ISIYogyakarta.ac.id
Politeknik Negeri Media Kreatif,Desain Grafis,D3,PTN,14023/SK/BAN-PT/Ak-PPJ/Dipl-III/XII/2021,2021,POLIMEDIA,d3desaingrafis@POLIMEDIA.ac.id
Universitas Trisakti,Desain Interior,S1,3,14021/SK/BAN-PT/Ak-PPJ/S/XII/2021,2021,Usakti,s1desaininterior@Usakti.ac.id
Sekolah Tinggi Teknologi Bandung,Desain Komunikasi Visual,S1,4,8311/SK/BAN-PT/Akred/S/XII/2020,2020,STT Bandung,s1desainkomunikasivisual@STTBandung.ac.id
Institut Seni Indonesia Surakarta,Desain Interior,S1,PTN,8288/SK/BAN-PT/Ak-PPJ/S/XII/2020,2020,ISI Surakarta,s1desaininterior@ISISurakarta.ac.id
Universitas Islam Nahdlatul Ulama Jepara,Desain Komunikasi Visual,S1,6,8568/SK/BAN-PT/Akred/S/XII/2020,2020,UNISNU,s1desainkomunikasivisual@UNISNU.ac.id
Universitas Halu Oleo,Perencanaan Dan Pengembangan Wilayah,S2,PTN,6380/SK/BAN-PT/Ak.S/M/V/2025,2025,UHO,s2perencanaandanpengembanganwilayah@UHO.ac.id
Universitas Mataram,Perencanaan Kepariwisataan,S2,PTN,6094/SK/BAN-PT/Ak.P/M/III/2025,2025,UNRAM,s2perencanaankepariwisataan@UNRAM.ac.id
Politeknik Internasional Bali,Perencanaan Dan Pengembangan Pariwisata,S2 Terapan,8,6135/SK/BAN-PT/Ak.P/MTr/III/2025,2025,PIB,s2terapanperencanaandanpengembanganpariwisata@PIB.ac.id
Universitas Brawijaya,Perencanaan Wilayah Dan Kota,S1,PTN,6154/SK/BAN-PT/Ak.Ppj/S/III/2025,2025,UB,s1perencanaanwilayahdankota@UB.ac.id
Institut Sains Dan Teknologi Muhammadiyah Tarakan,Perencanaan Wilayah Dan Kota,S1,11,208/SK/BAN-PT/Ak/S/II/2025,2025,ISTM Tarakan,s1perencanaanwilayahdankota@ISTMTarakan.ac.id
Universitas Nahdlatul Ulama Maluku Utara,Perencanaan Wilayah Dan Kota,S1,12,147/SK/BAN-PT/Ak.P/S/I/2025,2025,UNUT,s1perencanaanwilayahdankota@UNUT.ac.id
Universitas Muhammadiyah Jambi,Perencanaan Wilayah Dan Kota,S1,10,85/SK/BAN-PT/Ak.P/S/I/2025,2025,UM Jambi,s1perencanaanwilayahdankota@UMJambi.ac.id
Universitas Muhammadiyah Palopo,Perencanaan Wilayah Dan Kota,S1,9,6271/SK/BAN-PT/Ak.P/S/IV/2025,2025,UM Palopo,s1perencanaanwilayahdankota@UMPalopo.ac.id
Universitas Sintuwu Maroso Poso,Perencanaan Wilayah Dan Perdesaan,S2,16,6266/SK/BAN-PT/Ak.P/M/IV/2025,2025,UNSIMAR,s2perencanaanwilayahdanperdesaan@UNSIMAR.ac.id
Institut Teknologi Nasional Yogyakarta,Perencanaan Wilayah Dan Kota,S1,5,6412/SK/BAN-PT/Ak.Ppj/S/V/2025,2025,ITNY,s1perencanaanwilayahdankota@ITNY.ac.id
Institut Teknologi Nasional Malang,Perencanaan Wilayah Dan Kota,S1,7,6485/SK/BAN-PT/Ak.KP/S/V/2025,2025,ITN Malang,s1perencanaanwilayahdankota@ITNMalang.ac.id
Institut Teknologi Sepuluh Nopember,Perencanaan Wilayah Dan Kota,S2,PTN,6433/SK/BAN-PT/Ak.P/M/V/2025,2025,ITS,s2perencanaanwilayahdankota@ITS.ac.id
Institut Teknologi Sumatera,Perencanaan Wilayah Dan Kota,S1,PTN,6549/SK/BAN-PT/Ak.KP/S/V/2025,2025,ITERA,s1perencanaanwilayahdankota@ITERA.ac.id
Universitas Jember,Perencanaan Wilayah Dan Kota,S1,PTN,6555/SK/BAN-PT/Ak.KP/S/V/2025,2025,UNEJ,s1perencanaanwilayahdankota@UNEJ.ac.id
Universitas Muhammadiyah Pare-pare,Perencanaan Wilayah Dan Kota,S1,9,6595/SK/BAN-PT/Ak.P/S/V/2025,2025,UMPAR,s1perencanaanwilayahdankota@UMPAR.ac.id
Universitas Teknologi Yogyakarta,Perencanaan Wilayah Dan Kota,S1,5,6626/SK/BAN-PT/Ak/S/V/2025,2025,UTY,s1perencanaanwilayahdankota@UTY.ac.id
Universitas Simalungun,Perencanaan Wilayah Dan Kota,S2,1,6751/SK/BAN-PT/Ak.S/M/VI/2025,2025,USI,s2perencanaanwilayahdankota@USI.ac.id
Universitas Negeri Yogyakarta,Pendidikan Teknik Sipil Dan Perencanaan,S1,PTN,734/SK/LAMDIK/Ak/S/VI/2025,2025,UNY,s1pendidikantekniksipildanperencanaan@UNY.ac.id
Universitas Bangka Belitung,Perencanaan Wilayah Dan Kota,S1,PTN,6768/SK/BAN-PT/Ak.S/S/VI/2025,2025,UBB,s1perencanaanwilayahdankota@UBB.ac.id
Universitas Muhammadiyah Barru,Perencanaan Wilayah Dan Kota,S1,9,2393/SK/BAN-PT/Ak.P/S1/VI/2025,2025,UMBAR,s1perencanaanwilayahdankota@UMBAR.ac.id
Universitas Islam Sultan Agung,Perencanaan Wilayah Dan Kota,S2,6,2408/SK/BAN-PT/Ak.P/S2/V/2025,2025,UNISSULA,s2perencanaanwilayahdankota@UNISSULA.ac.id
Universitas Muhammadiyah Sorong,Perencanaan Wilayah Dan Kota,S1,14,6847/SK/BAN-PT/Ak/S1/VII/2025,2025,UMSOR,s1perencanaanwilayahdankota@UMSOR.ac.id
Universitas Krisnadwipayana,Perencanaan Wilayah Dan Kota,S1,3,6871/SK/BAN-PT/Ak.S/S1/VII/2025,2025,UNKRIS,s1perencanaanwilayahdankota@UNKRIS.ac.id
Universitas Sebelas Maret,Perencanaan Wilayah Dan Kota,S1,PTN,7091/SK/BAN-PT/Ak.Ppj/S1/VII/2025,2025,UNS,s1perencanaanwilayahdankota@UNS.ac.id
Universitas Pasundan,Perencanaan Wilayah Dan Kota,S1,4,7359/SK/BAN-PT/Ak.Ppj/S/VIII/2025,2025,UNPAS,s1perencanaanwilayahdankota@UNPAS.ac.id
Universitas Pembangunan Panca Budi,Perencanaan Wilayah Dan Kota,S2,1,7392/SK/BAN-PT/Ak/M/VIII/2025,2025,UNPAB,s2perencanaanwilayahdankota@UNPAB.ac.id
Universitas Muhammadiyah Mataram,Perencanaan Wilayah Dan Kota,S1,8,7405/SK/BAN-PT/Ak/S/VIII/2025,2025,UMMAT,s1perencanaanwilayahdankota@UMMAT.ac.id
Universitas Muhammadiyah Banjarmasin,Perencanaan Wilayah Dan Kota,S1,11,7169/SK/BAN-PT/Ak.Ppj/S/VIII/2025,2025,UMB,s1perencanaanwilayahdankota@UMB.ac.id
Institut Teknologi Nasional Bandung,Perencanaan Wilayah Dan Kota,S1,4,7199/SK/BAN-PT/Ak.S/S/VIII/2025,2025,ITENAS,s1perencanaanwilayahdankota@ITENAS.ac.id
Universitas Jenderal Soedirman,Perencanaan Sumber Daya Lahan,D3,PTN,7198/SK/BAN-PT/Ak.S/D3/VIII/2025,2025,UNSOED,d3perencanaansumberdayalahan@UNSOED.ac.id
Politeknik Pariwisata Medan,Perencanaan Dan Pengembangan Pariwisata,S2 Terapan,PTKL,7291/SK/BAN-PT/Ak/MTr/VIII/2025,2025,POLTEKPAR Medan,s2terapanperencanaandanpengembanganpariwisata@POLTEKPARMedan.ac.id
Universitas Brawijaya,Perencanaan Wilayah Dan Kota,S3,PTN,7148/SK/BAN-PT/Ak.P/S3/VIII/2025,2025,UB,s3perencanaanwilayahdankota@UB.ac.id
Institut Teknologi Bandung,Perencanaan Wilayah Dan Kota (Kampus Cirebon),S1,PTN,7177/SK/BAN-PT/Ak.P/2.0/S1/IX/2025,2025,ITB,s1perencanaanwilayahdankotakampuscirebon@ITB.ac.id
Universitas Sam Ratulangi,Ilmu Perencanaan Pembangunan Wilayah,S2,PTN,7569/SK/BAN-PT/Ak.S/M/IX/2025,2025,UNSRAT,s2ilmuperencanaanpembangunanwilayah@UNSRAT.ac.id
Universitas Sumatera Utara,Perencanaan Wilayah Dan Kota,S2,PTN,7196/SK/BAN-PT/Ak.P/2.0/S2/IX/2025,2025,USU,s2perencanaanwilayahdankota@USU.ac.id
Universitas Sumatera Utara,Perencanaan Wilayah Dan Kota,S1,PTN,7195/SK/BAN-PT/Ak.P/2.0/S1/IX/2025,2025,USU,s1perencanaanwilayahdankota@USU.ac.id
Politeknik Negeri Bali,Perencanaan Pariwisata,S2 Terapan,PTN,7813/SK/BAN-PT/Ak/MTr/X/2025,2025,PNB,s2terapanperencanaanpariwisata@PNB.ac.id
Universitas PGRI Adi Buana,Perencanaan Wilayah Dan Kota,S1,7,7940/SK/BAN-PT/Ak.KP/S/X/2025,2025,UNIPA Surabaya,s1perencanaanwilayahdankota@UNIPASurabaya.ac.id
Universitas Negeri Gorontalo,Perencanaan Wilayah Dan Kota,S1,PTN,8099/SK/BAN-PT/Ak.P/S/X/2025,2025,UNG,s1perencanaanwilayahdankota@UNG.ac.id
Universitas Tarumanagara,Perencanaan Wilayah Dan Kota,S2,3,8192/SK/BAN-PT/Ak.Ppj/M/XI/2025,2025,UNTAR,s2perencanaanwilayahdankota@UNTAR.ac.id
Universitas Islam Sultan Agung,Perencanaan Wilayah Dan Kota,S1,6,8194/SK/BAN-PT/Ak.Ppj/S/XI/2025,2025,UNISSULA,s1perencanaanwilayahdankota@UNISSULA.ac.id
Universitas Hasanuddin,Ekonomi Pembangunan Dan Perencanaan,S2,PTN,2663/DE/A.5/AR.10/VIII/2025,2025,UNHAS,s2ekonomipembangunandanperencanaan@UNHAS.ac.id
Universitas Maritim Raja Ali Haji,Perencanaan Wilayah Dan Kota,S1,PTN,038/SK/BAN-PT/Ak.P/2.0/S1/X/2025,2025,UMRAH,s1perencanaanwilayahdankota@UMRAH.ac.id
Universitas Mahasaraswati Denpasar,Perencanaan Wilayah Dan Perdesaan,S2,8,8391/SK/BAN-PT/Ak.Ppj/M/XI/2025,2025,UNMAS,s2perencanaanwilayahdanperdesaan@UNMAS.ac.id
Universitas Palangka Raya,Perencanaan Wilayah Dan Kota,S2,PTN,98/SK/BAN-PT/Ak.P/M/I/2024,2024,UPR,s2perencanaanwilayahdankota@UPR.ac.id
Universitas Hindu Indonesia,Perencanaan Wilayah Dan Kota,S1,8,230/SK/BAN-PT/Ak.Ppj/S1/I/2024,2024,UNHI,s1perencanaanwilayahdankota@UNHI.ac.id
Universitas 17 Agustus 1945 Samarinda,Perencanaan Wilayah Dan Kota,S1,11,193/SK/BAN-PT/Ak.P/S/I/2024,2024,UNTAG Samarinda,s1perencanaanwilayahdankota@UNTAGSamarinda.ac.id
Universitas Trisakti,Perencanaan Wilayah Dan Kota,S1,3,553/SK/BAN-PT/Ak.KP/S/II/2024,2024,Usakti,s1perencanaanwilayahdankota@Usakti.ac.id
Institut Pariwisata Dan Bisnis Internasional,Perencanaan Dan Pengembangan Pariwisata,S2 Terapan,8,355/SK/BAN-PT/Ak/MTr/II/2024,2024,IPBI,s2terapanperencanaandanpengembanganpariwisata@IPBI.ac.id
Universitas Swadaya Gunung Djati,Perencanaan Wilayah Dan Kota,S1,4,372/SK/BAN-PT/Ak/S/II/2024,2024,UNSWAGATI,s1perencanaanwilayahdankota@UNSWAGATI.ac.id
Universitas Syiah Kuala,Perencanaan Wilayah Dan Kota,S1,PTN,466/SK/BAN-PT/Ak/S/II/2024,2024,USK,s1perencanaanwilayahdankota@USK.ac.id
Universitas Tanjungpura,Perencanaan Wilayah Dan Kota,S1,PTN,427/SK/BAN-PT/Ak/S/II/2024,2024,UNTAN,s1perencanaanwilayahdankota@UNTAN.ac.id
Universitas Sulawesi Barat,Perencanaan Wilayah Dan Kota,S1,PTN,425/SK/BAN-PT/Ak/S/II/2024,2024,UNSULBAR,s1perencanaanwilayahdankota@UNSULBAR.ac.id
Universitas Diponegoro,Perencanaan Wilayah Dan Kota,S3,PTN,7011/SK/BAN-PT/Ak/D/XII/2024,2024,UNDIP,s3perencanaanwilayahdankota@UNDIP.ac.id
Politeknik Pariwisata NHI Bandung,Perencanaan Dan Pengembangan Pariwisata,S2 Terapan,PTKL,6934/SK/BAN-PT/Ak/MTr/XII/2024,2024,POLTEKPAR NHI,s2terapanperencanaandanpengembanganpariwisata@POLTEKPARNHI.ac.id
Universitas Islam Negeri Alauddin Makassar,Teknik Perencanaan Wilayah Dan Kota,S1,PTAN,6785/SK/BAN-PT/Ak.KP/S/XI/2024,2024,UIN Alauddin,s1teknikperencanaanwilayahdankota@UINAlauddin.ac.id
Institut Pertanian Bogor,Ilmu Perencanaan Pembangunan Wilayah Dan Pedesaan,S3,PTN,6560/SK/BAN-PT/Ak.KP/D/XI/2024,2024,IPB,s3ilmuperencanaanpembangunanwilayahdanpedesaan@IPB.ac.id
Institut Pertanian Bogor,Ilmu Perencanaan Pembangunan Wilayah Dan Pedesaan,S2,PTN,6561/SK/BAN-PT/Ak.KP/M/XI/2024,2024,IPB,s2ilmuperencanaanpembangunanwilayahdanpedesaan@IPB.ac.id
Universitas Muhammadiyah Sinjai,Perencanaan Wilayah Dan Kota,S1,9,6619/SK/BAN-PT/Ak.P/S/XI/2024,2024,UMSINJAI,s1perencanaanwilayahdankota@UMSINJAI.ac.id
Universitas Pakuan,Perencanaan Wilayah Dan Kota,S1,4,6492/SK/BAN-PT/Ak/S/X/2024,2024,UNPAK,s1perencanaanwilayahdankota@UNPAK.ac.id
Universitas Tadulako,Perencanaan Wilayah Dan Kota,S1,PTN,6443/SK/BAN-PT/Ak/S/X/2024,2024,UNTAD,s1perencanaanwilayahdankota@UNTAD.ac.id
Institut Teknologi Bandung,Perencanaan Wilayah Dan Kota,S1,PTN,6234/SK/BAN-PT/Ak.Ppj/S/X/2024,2024,ITB,s1perencanaanwilayahdankota@ITB.ac.id
Universitas Sam Ratulangi,Perencanaan Wilayah Dan Kota,S1,PTN,6190/SK/BAN-PT/Ak.Ppj/S/X/2024,2024,UNSRAT,s1perencanaanwilayahdankota@UNSRAT.ac.id
Universitas Islam Bandung,Perencanaan Wilayah Dan Kota,S2,4,4855/SK/BAN-PT/Ak/M/VII/2024,2024,UNISBA,s2perencanaanwilayahdankota@UNISBA.ac.id
Universitas Gadjah Mada,Doktor Perencanaan Wilayah Dan Kota,S3,PTN,4746/SK/BAN-PT/Ak/D/VI/2024,2024,UGM,s3doktorperencanaanwilayahdankota@UGM.ac.id
Universitas Islam Riau,Perencanaan Wilayah Dan Kota,S1,17,5542/SK/BAN-PT/Ak.KP/S/VIII/2024,2024,UIR,s1perencanaanwilayahdankota@UIR.ac.id
Universitas Amikom Yogyakarta,Perencanaan Wilayah Dan Kota,S1,5,4683/SK/BAN-PT/Ak/S/VI/2024,2024,AMIKOM,s1perencanaanwilayahdankota@AMIKOM.ac.id
Institut Teknologi Bandung,Perencanaan Wilayah Dan Kota,S3,PTN,4647/SK/BAN-PT/Ak.Ppj/D/VI/2024,2024,ITB,s3perencanaanwilayahdankota@ITB.ac.id
Universitas Winaya Mukti,Perencanaan Wilayah Dan Kota,S1,4,5044/SK/BAN-PT/Ak.Ppj/S/VII/2024,2024,UNWIM,s1perencanaanwilayahdankota@UNWIM.ac.id
Universitas Sebelas Maret,Perencanaan Wilayah Dan Kota,S2,PTN,4601/SK/BAN-PT/Ak.P/M/VI/2024,2024,UNS,s2perencanaanwilayahdankota@UNS.ac.id
Universitas Agung Podomoro,Perencanaan Wilayah Dan Kota,S1,3,4561/SK/BAN-PT/Ak/S/VI/2024,2024,UAP,s1perencanaanwilayahdankota@UAP.ac.id
Universitas Negeri Surabaya,Perencanaan Wilayah Dan Kota,S1,PTN,4447/SK/BAN-PT/Ak.P/S/V/2024,2024,UNESA,s1perencanaanwilayahdankota@UNESA.ac.id
Institut Teknologi Dan Bisnis Karya Pembangunan Papua,Perencanaan Wilayah Dan Kota,S1,14,4052/SK/BAN-PT/Ak/S/V/2024,2024,ITB KAPP,s1perencanaanwilayahdankota@ITBKAPP.ac.id
Institut Teknologi Bandung,Perencanaan Kepariwisataan,S2,PTN,3997/SK/BAN-PT/Ak.KP/M/V/2024,2024,ITB,s2perencanaankepariwisataan@ITB.ac.id
Universitas Indonesia,Magister Perencanaan Ekonomi Dan Kebijakan Pembangunan,S2,PTN,3965/SK/BAN-PT/Ak-PNB/M/V/2024,2024,UI,s2magisterperencanaanekonomidankebijakanpembangunan@UI.ac.id
Universitas Nahdlatul Ulama Kalimantan Selatan,Perencanaan Wilayah Dan Kota,S1,11,3907/SK/BAN-PT/Ak/S/IV/2024,2024,UNUKASE,s1perencanaanwilayahdankota@UNUKASE.ac.id
Universitas Sumatera Utara,Perencanaan Pembangunan Wilayah Dan Pedesaan,S2,PTN,3839/SK/BAN-PT/Ak.Ppj/M/IV/2024,2024,USU,s2perencanaanpembangunanwilayahdanpedesaan@USU.ac.id
Universitas Hasanuddin,Perencanaan Dan Pengembangan Wilayah,S2,PTN,40/SK/BAN-PT/Ak.Ppj/M/I/2023,2023,UNHAS,s2perencanaandanpengembanganwilayah@UNHAS.ac.id
Universitas Hasanuddin,Teknik Perencanaan Prasarana,S2,PTN,86/SK/BAN-PT/Ak.Ppj/M/I/2023,2023,UNHAS,s2teknikperencanaanprasarana@UNHAS.ac.id
Universitas Bosowa,Perencanaan Wilayah Dan Kota,S1,9,511/SK/BAN-PT/Ak.Ppj/S/II/2023,2023,Ubos,s1perencanaanwilayahdankota@Ubos.ac.id
Universitas Bosowa,Perencanaan Wilayah Dan Kota,S3,9,886/SK/BAN-PT/Ak/D/III/2023,2023,Ubos,s3perencanaanwilayahdankota@Ubos.ac.id
Universitas Bina Taruna Gorontalo,Perencanaan Wilayah,S1,16,996/SK/BAN-PT/Ak/S/III/2023,2023,UNBITA,s1perencanaanwilayah@UNBITA.ac.id
Politeknik Pariwisata Batam,Perencanaan Dan Pengembangan Pariwisata,S2 Terapan,17,1211/SK/BAN-PT/Ak/MTr/IV/2023,2023,POLTEKPAR Batam,s2terapanperencanaandanpengembanganpariwisata@POLTEKPARBatam.ac.id
Politeknik Negeri Padang,Teknik Perencanaan Irigasi Dan Rawa,D4,PTN,0036/SK/LAM Teknik/VST/IV/2023,2023,PNP,d4teknikperencanaanirigasidanrawa@PNP.ac.id
Universitas Bung Hatta,Perencanaan Wilayah Dan Kota,S1,10,1837/SK/BAN-PT/Ak.Ppj/S/V/2023,2023,UBH,s1perencanaanwilayahdankota@UBH.ac.id
Universitas Muhammadiyah Makassar,Perencanaan Wilayah Dan Kota,S1,9,2095/SK/BAN-PT/Ak/S/VI/2023,2023,UNISMUH,s1perencanaanwilayahdankota@UNISMUH.ac.id
Universitas Hasanuddin,Perencanaan Wilayah Dan Kota,S1,PTN,2291/SK/BAN-PT/Akred-Itnl/S/VI/2023,2023,UNHAS,s1perencanaanwilayahdankota@UNHAS.ac.id
Universitas Muhammadiyah Berau,Perencanaan Wilayah Dan Kota,S1,11,2341/SK/BAN-PT/Ak/S/VI/2023,2023,UMB,s1perencanaanwilayahdankota@UMB.ac.id
Universitas Sumatera Utara,Perencanaan Wilayah,S3,PTN,2514/SK/BAN-PT/Ak.Ppj/D/VI/2023,2023,USU,s3perencanaanwilayah@USU.ac.id
Universitas Pohuwato,Perencanaan Wilayah,S1,16,3954/SK/BAN-PT/Ak/S/X/2023,2023,UNIPO,s1perencanaanwilayah@UNIPO.ac.id
Universitas Indonesia,Perencanaan Dan Kebijakan Publik,S2,PTN,4135/SK/BAN-PT/Ak.Ppj/M/X/2023,2023,UI,s2perencanaandankebijakanpublik@UI.ac.id
Institut Teknologi Kalimantan,Perencanaan Wilayah Dan Kota,S1,PTN,4385/SK/BAN-PT/Ak.Ppj/S/X/2023,2023,ITK,s1perencanaanwilayahdankota@ITK.ac.id
Institut Sains Dan Teknologi Td Pardede,Perencanaan Wilayah Dan Kota,S1,1,4437/SK/BAN-PT/Ak/S/X/2023,2023,ISTP,s1perencanaanwilayahdankota@ISTP.ac.id
Institut Teknologi Indonesia,Perencanaan Wilayah Dan Kota,S1,3,4410/SK/BAN-PT/Ak/S/X/2023,2023,ITI,s1perencanaanwilayahdankota@ITI.ac.id
Universitas Bosowa,Perencanaan Wilayah Dan Kota,S2,9,4995/SK/BAN-PT/Ak.Ppj/M/XI/2023,2023,Ubos,s2perencanaanwilayahdankota@Ubos.ac.id
Institut Pertanian Bogor,Ilmu Perencanaan Wilayah,S2,PTN,4927/SK/BAN-PT/Ak.KP/M/XI/2023,2023,IPB,s2ilmuperencanaanwilayah@IPB.ac.id
Universitas Indonesia,Perencanaan Wilayah Dan Kota,S2,PTN,5053/SK/BAN-PT/Ak/M/XII/2023,2023,UI,s2perencanaanwilayahdankota@UI.ac.id
Universitas Komputer Indonesia,Teknik Perencanaan Wilayah Dan Kota,S1,4,5323/SK/BAN-PT/PEPA-Ppj/S/XII/2023,2023,UNIKOM,s1teknikperencanaanwilayahdankota@UNIKOM.ac.id
Institut Teknologi Sains Bandung,Perencanaan Wilayah Dan Kota,S1,4,5318/SK/BAN-PT/PEPA-Ppj/S/XII/2023,2023,ITSB,s1perencanaanwilayahdankota@ITSB.ac.id
Universitas Islam Kuantan Singingi,Perencanaan Wilayah Dan Kota,S1,17,652/SK/BAN-PT/Ak-PPJ/S/I/2022,2022,UNIKS,s1perencanaanwilayahdankota@UNIKS.ac.id
Universitas Terbuka,Perencanaan Wilayah Dan Kota,S1,PTN,1063/SK/BAN-PT/Ak-PPJ/S/II/2022,2022,UT,s1perencanaanwilayahdankota@UT.ac.id
Universitas Diponegoro,Perencanaan Tata Ruang Dan Pertanahan,D4,PTN,1327/SK/BAN-PT/Akred/ST/III/2022,2022,UNDIP,d4perencanaantataruangdanpertanahan@UNDIP.ac.id
Universitas Muhammadiyah Bulukumba,Perencanaan Wilayah Dan Kota,S1,9,1559/SK/BAN-PT/Akred/S/III/2022,2022,UM Bulukumba,s1perencanaanwilayahdankota@UMBulukumba.ac.id
Universitas Sali Al-Aitaam,Perencanaan Wilayah Dan Kota,S1,4,2796/SK/BAN-PT/PB-PS/S/V/2022,2022,USA,s1perencanaanwilayahdankota@USA.ac.id
Universitas Diponegoro,Perencanaan Wilayah Dan Kota,S1,PTN,3407/SK/BAN-PT/Akred-Itnl/S/V/2022,2022,UNDIP,s1perencanaanwilayahdankota@UNDIP.ac.id
Universitas Diponegoro,Perencanaan Wilayah Dan Kota,S2,PTN,3406/SK/BAN-PT/Akred-Itnl/M/V/2022,2022,UNDIP,s2perencanaanwilayahdankota@UNDIP.ac.id
Universitas Riau,Perencanaan Wilayah Dan Perdesaan,S2,PTN,4074/SK/BAN-PT/PB-PS/M/VII/2022,2022,UNRI,s2perencanaanwilayahdanperdesaan@UNRI.ac.id
Institut Modern Arsitektur Dan Teknologi,Perencanaan Wilayah Dan Kota,S1,1,4072/SK/BAN-PT/PB-PS/S/VII/2022,2022,IMAT,s1perencanaanwilayahdankota@IMAT.ac.id
Institut Teknologi Dan Bisnis Stikom Ambon,Perencanaan Wilayah Dan Kota,S1,12,4073/SK/BAN-PT/PB-PS/S/VII/2022,2022,ITB Stikom Ambon,s1perencanaanwilayahdankota@ITBStikomAmbon.ac.id
Universitas Batam,Perencanaan Wilayah,S2,17,4637/SK/BAN-PT/Ak/M/VII/2022,2022,UNIBA,s2perencanaanwilayah@UNIBA.ac.id
Universitas Islam Bandung,Perencanaan Wilayah Dan Kota,S1,4,4955/SK/BAN-PT/Ak-PPJ/S/VII/2022,2022,UNISBA,s1perencanaanwilayahdankota@UNISBA.ac.id
Universitas Cenderawasih,Perencanaan Wilayah Dan Kota,S2,PTN,5079/SK/BAN-PT/Ak/M/VII/2022,2022,UNCEN,s2perencanaanwilayahdankota@UNCEN.ac.id
Universitas Indo Global Mandiri,Perencanaan Wilayah Dan Kota,S1,2,6537/SK/BAN-PT/Ak.Ppj/S/IX/2022,2022,UIGM,s1perencanaanwilayahdankota@UIGM.ac.id
Universitas Pattimura,Perencanaan Wilayah Dan Kota,S1,PTN,6843/SK/BAN-PT/Ak.KP/S/X/2022,2022,UNPATTI,s1perencanaanwilayahdankota@UNPATTI.ac.id
Universitas Brawijaya,Perencanaan Wilayah Dan Kota,S2,PTN,7117/SK/BAN-PT/Ak/M/X/2022,2022,UB,s2perencanaanwilayahdankota@UB.ac.id
Universitas Amal Ilmiah Yapis Wamena,Perencanaan Wilayah Dan Kota,S1,14,8437/SK/BAN-PT/Ak/S/X/2022,2022,UNAIM,s1perencanaanwilayahdankota@UNAIM.ac.id
Universitas Hasanuddin,Perencanaan Wilayah Dan Kota,S2,PTN,10086/SK/BAN-PT/Ak/M/XI/2022,2022,UNHAS,s2perencanaanwilayahdankota@UNHAS.ac.id
Universitas Tarumanagara,Perencanaan Wilayah Dan Kota,S1,3,10516/SK/BAN-PT/Ak-PPJ/S/VIII/2021,2021,UNTAR,s1perencanaanwilayahdankota@UNTAR.ac.id
Politeknik Pariwisata Medan,Manajemen Perencanaan Dan Pemasaran Pariwisata,D3,PTKL,390/SK/BAN-PT/Akred/Dipl-III/I/2021,2021,POLTEKPAR Medan,d3manajemenperencanaandanpemasaranpariwisata@POLTEKPARMedan.ac.id
Universitas Diponegoro,Perencanaan Wilayah Dan Kota,D3,PTN,708/SK/BAN-PT/Ak-PPJ/Dipl-III/II/2021,2021,UNDIP,d3perencanaanwilayahdankota@UNDIP.ac.id
Universitas Semarang,Perencanaan Wilayah Dan Kota,S1,6,884/SK/BAN-PT/Akred/S/II/2021,2021,USM,s1perencanaanwilayahdankota@USM.ac.id
Universitas Lakidende Unahaa,Perencanaan Wilayah Dan Kota,S1,9,1623/SK/BAN-PT/Akred/S/III/2021,2021,UNILAKI,s1perencanaanwilayahdankota@UNILAKI.ac.id
Universitas Lampung,Perencanaan Wilayah Dan Kota,S2,PTN,1611/SK/BAN-PT/Akred/M/III/2021,2021,UNILA,s2perencanaanwilayahdankota@UNILA.ac.id
Universitas Karimun,Perencanaan Wilayah Dan Kota,S1,17,1742/SK/BAN-PT/Akred/S/III/2021,2021,UK,s1perencanaanwilayahdankota@UK.ac.id
Universitas Teknologi Sulawesi Utara,Perencanaan Wilayah Dan Kota,S1,16,8953/SK/BAN-PT/Akred/S/VI/2021,2021,UTSU,s1perencanaanwilayahdankota@UTSU.ac.id
Universitas Gadjah Mada,Perencanaan Wilayah Dan Kota,S1,PTN,10215/SK/BAN-PT/Akred-Itnl/S/VIII/2021,2021,UGM,s1perencanaanwilayahdankota@UGM.ac.id
Universitas Gadjah Mada,Magister Perencanaan Wilayah Dan Kota,S2,PTN,10214/SK/BAN-PT/Akred-Itnl/M/VIII/2021,2021,UGM,s2magisterperencanaanwilayahdankota@UGM.ac.id
Universitas Pakuan,Perencanaan Wilayah Dan Kota,S2,4,10328/SK/BAN-PT/Akred/M/VIII/2021,2021,UNPAK,s2perencanaanwilayahdankota@UNPAK.ac.id
Institut Teknologi Bandung,Perencanaan Wilayah Dan Kota,S2,PTN,10660/SK/BAN-PT/AK-ISK/M/IX/2021,2021,ITB,s2perencanaanwilayahdankota@ITB.ac.id
Universitas Diponegoro,Perencanaan Tata Ruang Wilayah Dan Kota K. Pekalongan,D3,PTN,12068/SK/BAN-PT/Akred/Dipl-III/XI/2021,2021,UNDIP,d3perencanaantataruangwilayahdankotakpekalongan@UNDIP.ac.id
Universitas Esa Unggul,Perencanaan Wilayah Dan Kota,S1,3,12921/SK/BAN-PT/Ak-PPJ/S/XII/2021,2021,UEU,s1perencanaanwilayahdankota@UEU.ac.id
Politeknik Negeri Pontianak,Perencanaan Perumahan Dan Pemukiman,D4,PTN,13838/SK/BAN-PT/Ak-PPJ/ST/XII/2021,2021,POLNEP,d4perencanaanperumahandanpemukiman@POLNEP.ac.id
Universitas Pradita,Perencanaan Wilayah Dan Kota,S1,3,8335/SK/BAN-PT/Akred/S/XII/2020,2020,UP,s1perencanaanwilayahdankota@UP.ac.id
Universitas Karyadarma Kupang,Perencanaan Wilayah Dan Kota,S1,15,8339/SK/BAN-PT/Akred/S/XII/2020,2020,UNDARMA,s1perencanaanwilayahdankota@UNDARMA.ac.id
Universitas Indonesia,Kajian Pengembangan Perkotaan,S2,PTN,6470/SK/BAN-PT/Ak.KP/M/V/2025,2025,UI,s2kajianpengembanganperkotaan@UI.ac.id
Universitas Gadjah Mada,Magister Rancang Kota,S2,PTN,370/SK/BAN-PT/Ak/M/II/2024,2024,UGM,s2magisterrancangkota@UGM.ac.id
Institut Teknologi Bandung,Rancang Kota,S2,PTN,5363/SK/BAN-PT/Ak-PPJ/M/VIII/2022,2022,ITB,s2rancangkota@ITB.ac.id
Institut Teknologi Yogyakarta,Ilmu Lingkungan,S2,5,4803/SK/BAN-PT/Ak.Ppj/M/VI/2024,2024,ITY,s2ilmulingkungan@ITY.ac.id
Universitas Al-Muslim,Ilmu Lingkungan,S1,13,7472/SK/BAN-PT/Ak.P/S/IX/2025,2025,UMA,s1ilmulingkungan@UMA.ac.id
Universitas Andalas,Ilmu Lingkungan,S2,PTN,3050/SK/BAN-PT/Ak/M/VIII/2023,2023,UNAND,s2ilmulingkungan@UNAND.ac.id
Universitas Bengkulu,Ilmu Lingkungan,S1,PTN,3811/SK/BAN-PT/Ak.P/S/IV/2024,2024,UNIB,s1ilmulingkungan@UNIB.ac.id
Universitas Bojonegoro,Ilmu Lingkungan,S1,7,3784/SK/BAN-PT/Akred/S/VI/2022,2022,UNIRO,s1ilmulingkungan@UNIRO.ac.id
Universitas Brawijaya,Ilmu Lingkungan,S3,PTN,743/SK/BAN-PT/Ak/D/III/2024,2024,UB,s3ilmulingkungan@UB.ac.id
Universitas Caritas Indonesia,Ilmu Lingkungan,S1,14,5782/SK/BAN-PT/Ak.P/S/IX/2024,2024,UCAR,s1ilmulingkungan@UCAR.ac.id
Universitas Diponegoro,Ilmu Lingkungan,S2,PTN,7476/SK/BAN-PT/Ak.Ppj/M/IX/2025,2025,UNDIP,s2ilmulingkungan@UNDIP.ac.id
Universitas Diponegoro,Ilmu Lingkungan,S3,PTN,518/SK/BAN-PT/Ak.Ppj/D/II/2023,2023,UNDIP,s3ilmulingkungan@UNDIP.ac.id
Universitas Dumoga Kotamobagu,Ilmu Lingkungan,S1,16,7303/SK/BAN-PT/Ak.P/S/VIII/2025,2025,UDK,s1ilmulingkungan@UDK.ac.id
Universitas Gadjah Mada,Doktor Ilmu Lingkungan,S3,PTN,6881/SK/BAN-PT/Ak.Ppj/S3/VII/2025,2025,UGM,s3doktorilmulingkungan@UGM.ac.id
Universitas Gadjah Mada,Magister Ilmu Lingkungan,S2,PTN,2848/SK/BAN-PT/AK-ISK/M/V/2022,2022,UGM,s2magisterilmulingkungan@UGM.ac.id
Universitas Halu Oleo,Ilmu Lingkungan,S1,PTN,7500/SK/BAN-PT/Ak.S/S/IX/2025,2025,UHO,s1ilmulingkungan@UHO.ac.id
Universitas Hasanuddin,Ilmu Lingkungan,S3,PTN,7128/SK/BAN-PT/Ak/S3/VIII/2025,2025,UNHAS,s3ilmulingkungan@UNHAS.ac.id
Universitas Ibn Khaldun,Ilmu Lingkungan,S1,4,361/SK/BAN-PT/Ak.P/S/III/2025,2025,UIKA,s1ilmulingkungan@UIKA.ac.id
Universitas Indonesia,Ilmu Lingkungan,S2,PTN,6763/SK/BAN-PT/Ak.Ppj/M/VI/2025,2025,UI,s2ilmulingkungan@UI.ac.id
Universitas Indonesia,Ilmu Lingkungan,S3,PTN,1772/SK/BAN-PT/Ak.KP/D/V/2023,2023,UI,s3ilmulingkungan@UI.ac.id
Universitas Islam Negeri Antasari Banjarmasin,Ilmu Lingkungan,S1,PTAN,7171/SK/BAN-PT/Ak.P/2.0/S1/IX/2025,2025,UIN Antasari,s1ilmulingkungan@UINAntasari.ac.id
Universitas Islam Negeri Profesor Kiai Haji Saifuddin Zuhri Purwokerto,Ilmu Lingkungan,S1,PTAN,962/SK/BAN-PT/Ak.P/S/III/2024,2024,UIN SAIZU,s1ilmulingkungan@UINSAIZU.ac.id
Universitas Islam Negeri Raden Mas Said Surakarta,Ilmu Lingkungan,S1,PTAN,475/SK/BAN-PT/Ak.P/S/II/2024,2024,UIN Raden Mas Said,s1ilmulingkungan@UINRadenMasSaid.ac.id
Universitas Ivet,Ilmu Lingkungan,S1,6,1335/SK/BAN-PT/Akred/S/III/2022,2022,UNIVET,s1ilmulingkungan@UNIVET.ac.id
Universitas Jambi,Ilmu Lingkungan,S2,PTN,13752/SK/BAN-PT/Ak-PPJ/M/XII/2021,2021,UNJA,s2ilmulingkungan@UNJA.ac.id
Universitas Jenderal Soedirman,Ilmu Lingkungan,S2,PTN,3775/SK/BAN-PT/Akred/M/VI/2022,2022,UNSOED,s2ilmulingkungan@UNSOED.ac.id
Universitas Katolik Soegijapranata,Ilmu Lingkungan,S3,6,8945/SK/BAN-PT/Akred/D/VI/2021,2021,UNIKA Soegijapranata,s3ilmulingkungan@UNIKASoegijapranata.ac.id
Universitas Kuningan,Ilmu Lingkungan,S1,4,4126/SK/BAN-PT/Akred/S/VII/2022,2022,UNIKU,s1ilmulingkungan@UNIKU.ac.id
Universitas Lambung Mangkurat,Ilmu Lingkungan,S1,PTN,2401/SK/BAN-PT/Ak.P/S1/IV/2025,2025,ULM,s1ilmulingkungan@ULM.ac.id
Universitas Lambung Mangkurat,Ilmu Lingkungan,S3,PTN,601/SK/BAN-PT/Ak/D/II/2024,2024,ULM,s3ilmulingkungan@ULM.ac.id
Universitas Lampung,Ilmu Lingkungan,S2,PTN,6321/SK/BAN-PT/Ak/M/V/2025,2025,UNILA,s2ilmulingkungan@UNILA.ac.id
Universitas Lampung,Ilmu Lingkungan,S3,PTN,6625/SK/BAN-PT/Ak/D/V/2025,2025,UNILA,s3ilmulingkungan@UNILA.ac.id
Universitas Lancang Kuning,Ilmu Lingkungan,S2,17,6428/SK/BAN-PT/Ak/M/X/2024,2024,UNILAK,s2ilmulingkungan@UNILAK.ac.id
Universitas Maritim Raja Ali Haji,Ilmu Lingkungan,S2,PTN,1220/SK/BAN-PT/Ak/M/IV/2023,2023,UMRAH,s2ilmulingkungan@UMRAH.ac.id
Universitas Mataram,Ilmu Lingkungan,S1,PTN,3467/SK/BAN-PT/Akred/S/VI/2022,2022,UNRAM,s1ilmulingkungan@UNRAM.ac.id
Universitas Muhammadiyah Madiun,Ilmu Lingkungan,S1,7,2103/SK/BAN-PT/Ak/S/VI/2023,2023,UMMAD,s1ilmulingkungan@UMMAD.ac.id
Universitas Muhammadiyah Mataram,Ilmu Lingkungan,S2,8,696/SK/BAN-PT/Ak/M/III/2024,2024,UMMAT,s2ilmulingkungan@UMMAT.ac.id
Universitas Muhammadiyah Papua,Ilmu Lingkungan,S1,14,6326/SK/BAN-PT/Ak/S/V/2025,2025,UM Papua,s1ilmulingkungan@UMPapua.ac.id
Universitas Mulawarman,Ilmu Lingkungan,S1,PTN,6953/SK/BAN-PT/Ak.S/S1/VII/2025,2025,UNMUL,s1ilmulingkungan@UNMUL.ac.id
Universitas Mulawarman,Ilmu Lingkungan,S3,PTN,4207/SK/BAN-PT/Ak/D/X/2023,2023,UNMUL,s3ilmulingkungan@UNMUL.ac.id
Universitas Mulawarman,Ilmu Lingkungan,S2,PTN,447/SK/BAN-PT/Ak-PPJ/M/I/2022,2022,UNMUL,s2ilmulingkungan@UNMUL.ac.id
Universitas Musi Rawas,Ilmu Lingkungan,S2,2,342/SK/BAN-PT/Ak/M/III/2025,2025,UNMURA,s2ilmulingkungan@UNMURA.ac.id
Universitas Musi Rawas,Ilmu Lingkungan,S1,2,7762/SK/BAN-PT/Ak/S/X/2025,2025,UNMURA,s1ilmulingkungan@UNMURA.ac.id
Universitas Negeri Gorontalo,Ilmu Lingkungan,S1,PTN,851/SK/BAN-PT/Ak.P/S/III/2024,2024,UNG,s1ilmulingkungan@UNG.ac.id
Universitas Negeri Gorontalo,Ilmu Lingkungan,S3,PTN,444/SK/BAN-PT/Ak.P/D/II/2024,2024,UNG,s3ilmulingkungan@UNG.ac.id
Universitas Negeri Manado,Ilmu Lingkungan,S1,PTN,6579/SK/BAN-PT/Ak.P/S/XI/2024,2024,UNIMA,s1ilmulingkungan@UNIMA.ac.id
Universitas Negeri Padang,Ilmu Lingkungan,S1,PTN,6132/SK/BAN-PT/Ak.P/S/III/2025,2025,UNP,s1ilmulingkungan@UNP.ac.id
Universitas Negeri Padang,Ilmu Lingkungan,S3,PTN,7805/SK/BAN-PT/Ak.S/D/X/2025,2025,UNP,s3ilmulingkungan@UNP.ac.id
Universitas Negeri Padang,Ilmu Lingkungan,S2,PTN,5153/SK/BAN-PT/Ak.Ppj/M/VII/2024,2024,UNP,s2ilmulingkungan@UNP.ac.id
Universitas Negeri Semarang,Ilmu Lingkungan,S1,PTN,1085/SK/BAN-PT/Ak/S/III/2023,2023,UNNES,s1ilmulingkungan@UNNES.ac.id
Universitas Negeri Yogyakarta,Ilmu Lingkungan,S2,PTN,7012/SK/BAN-PT/Ak.P/S2/VII/2025,2025,UNY,s2ilmulingkungan@UNY.ac.id
Universitas Nusa Cendana,Ilmu Lingkungan,S3,PTN,6122/SK/BAN-PT/Ak.P/D/X/2024,2024,UNDANA,s3ilmulingkungan@UNDANA.ac.id
Universitas Padjadjaran,Ilmu Lingkungan,S3,PTN,192/SK/BAN-PT/Ak.Ppj/D/I/2023,2023,UNPAD,s3ilmulingkungan@UNPAD.ac.id
Universitas Padjadjaran,Ilmu Lingkungan,S2,PTN,1754/SK/BAN-PT/Ak.Ppj/M/V/2023,2023,UNPAD,s2ilmulingkungan@UNPAD.ac.id
Universitas Palangka Raya,Ilmu Lingkungan,S3,PTN,7317/SK/BAN-PT/Ak.S/D/VIII/2025,2025,UPR,s3ilmulingkungan@UPR.ac.id
Universitas Papua,Ilmu Lingkungan,S3,PTN,1155/SK/BAN-PT/Akred/D/II/2022,2022,UNIPA,s3ilmulingkungan@UNIPA.ac.id
Universitas Pembangunan Nasional Veteran Jawa Timur,Ilmu Lingkungan,S2,PTN,8119/SK/BAN-PT/Ak.S/M/X/2025,2025,UPN Veteran Jatim,s2ilmulingkungan@UPNVeteranJatim.ac.id
Universitas Persatuan Islam,Ilmu Lingkungan,S1,4,361/SK/BAN-PT/Ak/S/II/2024,2024,UPI,s1ilmulingkungan@UPI.ac.id
Universitas Riau,Ilmu Lingkungan,S2,PTN,1167/SK/BAN-PT/Ak.Ppj/M/IV/2024,2024,UNRI,s2ilmulingkungan@UNRI.ac.id
Universitas Riau,Ilmu Lingkungan,S3,PTN,3219/SK/BAN-PT/Ak-PPJ/D/V/2021,2021,UNRI,s3ilmulingkungan@UNRI.ac.id
Universitas Sebelas Maret,Ilmu Lingkungan,S2,PTN,7431/SK/BAN-PT/Ak/M/IX/2025,2025,UNS,s2ilmulingkungan@UNS.ac.id
Universitas Sebelas Maret,Ilmu Lingkungan,S3,PTN,4125/SK/BAN-PT/Ak/D/V/2024,2024,UNS,s3ilmulingkungan@UNS.ac.id
Universitas Sebelas Maret,Ilmu Lingkungan,S1,PTN,11449/SK/BAN-PT/Akred/S/X/2021,2021,UNS,s1ilmulingkungan@UNS.ac.id
Universitas Serasan,Ilmu Lingkungan,S1,2,8106/SK/BAN-PT/Ak.P/S/X/2025,2025,UNSER,s1ilmulingkungan@UNSER.ac.id
Universitas Sriwijaya,Ilmu Lingkungan,S3,PTN,12453/SK/BAN-PT/Akred/D/XI/2021,2021,UNSRI,s3ilmulingkungan@UNSRI.ac.id
Universitas Tanjungpura,Ilmu Lingkungan,S2,PTN,917/SK/BAN-PT/Ak/M/III/2024,2024,UNTAN,s2ilmulingkungan@UNTAN.ac.id
Universitas Udayana,Ilmu Lingkungan,S2,PTN,6332/SK/BAN-PT/Ak.KP/M/V/2025,2025,UNUD,s2ilmulingkungan@UNUD.ac.id
Universitas Udayana,Ilmu Lingkungan,S3,PTN,7299/SK/BAN-PT/Ak.Ppj/D/VIII/2025,2025,UNUD,s3ilmulingkungan@UNUD.ac.id
Universitas Wira Bhakti,Ilmu Lingkungan,S1,9,69/SK/BAN-PT/Ak.P/S/I/2025,2025,UWB,s1ilmulingkungan@UWB.ac.id
Institut Pertanian Bogor,Ilmu Pengelolaan Sumberdaya Alam Dan Lingkungan,S2,PTN,6350/SK/BAN-PT/Ak.KP/M/V/2025,2025,IPB,s2ilmupengelolaansumberdayaalamdanlingkungan@IPB.ac.id
Institut Pertanian Bogor,Manajemen Sumberdaya Perairan,S1,PTN,6484/SK/BAN-PT/Ak.KP/S/V/2025,2025,IPB,s1manajemensumberdayaperairan@IPB.ac.id
Institut Pertanian Bogor,Pengelolaan Sumberdaya Pesisir Dan Lautan,S3,PTN,6652/SK/BAN-PT/Ak.KP/D/V/2025,2025,IPB,s3pengelolaansumberdayapesisirdanlautan@IPB.ac.id
Institut Pertanian Bogor,Ekonomi Sumberdaya Dan Lingkungan,S2,PTN,2743/DE/A.5/AR.10/VIII/2025,2025,IPB,s2ekonomisumberdayadanlingkungan@IPB.ac.id
Institut Pertanian Bogor,Konservasi Sumberdaya Hutan Dan Ekowisata,S1,PTN,6722/SK/BAN-PT/Ak.KP/S/XI/2024,2024,IPB,s1konservasisumberdayahutandanekowisata@IPB.ac.id
Institut Pertanian Bogor,Pengelolaan Sumberdaya Pesisir Dan Lautan,S2,PTN,6382/SK/BAN-PT/Ak.Ppj/M/X/2024,2024,IPB,s2pengelolaansumberdayapesisirdanlautan@IPB.ac.id
Institut Pertanian Bogor,Manajemen Sumberdaya Lahan,S1,PTN,1141/SK/BAN-PT/Ak.KP/S/III/2023,2023,IPB,s1manajemensumberdayalahan@IPB.ac.id
Institut Pertanian Bogor,Pengelolaan Sumberdaya Perairan,S2,PTN,2498/SK/BAN-PT/Ak.KP/M/VI/2023,2023,IPB,s2pengelolaansumberdayaperairan@IPB.ac.id
Institut Pertanian Bogor,Pengelolaan Sumberdaya Perairan,S3,PTN,4297/SK/BAN-PT/Ak.KP/D/X/2023,2023,IPB,s3pengelolaansumberdayaperairan@IPB.ac.id
Institut Pertanian Bogor,Ekonomi Sumberdaya Kelautan Tropika,S2,PTN,2507/SK/BAN-PT/Ak-PPJ/M/IV/2022,2022,IPB,s2ekonomisumberdayakelautantropika@IPB.ac.id
Institut Pertanian Bogor,Ilmu Pengelolaan Sumberdaya Alam Dan Lingkungan,S3,PTN,5309/SK/BAN-PT/Ak.KP/D/VIII/2022,2022,IPB,s3ilmupengelolaansumberdayaalamdanlingkungan@IPB.ac.id
Institut Pertanian Bogor,Ekonomi Sumberdaya Dan Lingkungan,S1,PTN,11543/SK/BAN-PT/AK-ISK/S/X/2021,2021,IPB,s1ekonomisumberdayadanlingkungan@IPB.ac.id
Institut Teknologi Bandung,Pengelolaan Sumberdaya Air,S2,PTN,9749/SK/BAN-PT/AK-ISK/M/VII/2021,2021,ITB,s2pengelolaansumberdayaair@ITB.ac.id
Institut Teknologi Dan Bisnis Maritim Balik Diwa,Pemanfaatan Sumberdaya Perairan,S1,9,6095/SK/BAN-PT/Ak-PNB/S/IX/2022,2021,ITBM Balik Diwa,s1pemanfaatansumberdayaperairan@ITBMBalikDiwa.ac.id
Politeknik Ahli Usaha Perikanan,Pemanfaatan Sumberdaya Perikanan,S2 Terapan,PTKL,7002/SK/BAN-PT/Ak/MTr/XII/2024,2024,POLTEK AUP,s2terapanpemanfaatansumberdayaperikanan@POLTEKAUP.ac.id
Politeknik Ahli Usaha Perikanan,Teknologi Pengelolaan Sumberdaya Perairan,D4,PTKL,1200/SK/BAN-PT/Akred/ST/III/2021,2021,POLTEK AUP,d4teknologipengelolaansumberdayaperairan@POLTEKAUP.ac.id
Politeknik Negeri Ambon,"Manajemen Sumberdaya Perairan, K. Banda Naira",D4,PTN,9080/SK/BAN-PT/Ak/STr/XI/2022,2022,POLNAM,d4manajemensumberdayaperairankbandanaira@POLNAM.ac.id
Politeknik Negeri Lampung,Teknik Sumberdaya Lahan Dan Lingkungan,D3,PTN,0344/SK/LAM Teknik/VD3/VIII/2024,2024,POLINELA,d3tekniksumberdayalahandanlingkungan@POLINELA.ac.id
Sekolah Tinggi Teknologi Kelautan Balik Diwa,Pemanfaatan Sumberdaya Perairan,S1,9,8284/SK/BAN-PT/Ak-PPJ/S/XII/2020,2020,STTK Balik Diwa,s1pemanfaatansumberdayaperairan@STTKBalikDiwa.ac.id
Universitas Al-Muslim,Pengelolaan Sumberdaya Alam Dan Lingkungan,S2,13,6950/SK/BAN-PT/Ak.P/M/XII/2024,2024,UMA,s2pengelolaansumberdayaalamdanlingkungan@UMA.ac.id
Universitas Brawijaya,Pengelolaan Sumberdaya Lingkungan Dan Pembangunan,S2,PTN,10371/SK/BAN-PT/Ak.Ppj/M/XII/2022,2022,UB,s2pengelolaansumberdayalingkungandanpembangunan@UB.ac.id
Universitas Cenderawasih,Pengelolaan Sumberdaya Alam Dan Lingkungan,S2,PTN,3054/SK/BAN-PT/Ak-PPJ/M/V/2022,2022,UNCEN,s2pengelolaansumberdayaalamdanlingkungan@UNCEN.ac.id
Universitas Diponegoro,Manajemen Sumberdaya Perairan,S3,PTN,4008/SK/BAN-PT/Ak.Ppj/D/V/2024,2024,UNDIP,s3manajemensumberdayaperairan@UNDIP.ac.id
Universitas Diponegoro,Manajemen Sumberdaya Perairan,S2,PTN,3731/SK/BAN-PT/Ak.KP/M/IV/2024,2024,UNDIP,s2manajemensumberdayaperairan@UNDIP.ac.id
Universitas Gadjah Mada,Manajemen Sumberdaya Akuatik,S1,PTN,6600/SK/BAN-PT/Ak.KP/S/V/2025,2025,UGM,s1manajemensumberdayaakuatik@UGM.ac.id
Universitas Halmahera,Manajemen Sumberdaya Perairan,S1,12,3121/SK/BAN-PT/Ak/S/VIII/2023,2023,UNIERA,s1manajemensumberdayaperairan@UNIERA.ac.id
Universitas Hasanuddin,Pengelolaan Sumberdaya Pesisir Terpadu,S2,PTN,1546/SK/BAN-PT/Akred/M/III/2022,2022,UNHAS,s2pengelolaansumberdayapesisirterpadu@UNHAS.ac.id
Universitas HKBP Nommensen Pematangsiantar,Manajemen Pengelolaan Sumberdaya Perairan,S1,1,3466/SK/BAN-PT/Akred/S/VI/2022,2022,UHN Pematangsiantar,s1manajemenpengelolaansumberdayaperairan@UHNPematangsiantar.ac.id
Universitas Jambi,Pemanfaatan Sumberdaya Perikanan,S1,PTN,7845/SK/BAN-PT/Ak/S/X/2025,2025,UNJA,s1pemanfaatansumberdayaperikanan@UNJA.ac.id
Universitas Jember,Pengelolaan Sumberdaya Air Pertanian,S2,PTN,9676/SK/BAN-PT/Ak/M/XI/2022,2022,UNEJ,s2pengelolaansumberdayaairpertanian@UNEJ.ac.id
Universitas Khairun,Pemanfaatan Sumberdaya Perikanan,S1,PTN,8716/SK/BAN-PT/Ak-PPJ/S/VI/2021,2021,UNKHAIR,s1pemanfaatansumberdayaperikanan@UNKHAIR.ac.id
Universitas Lambung Mangkurat,Pengelolaan Sumberdaya Alam & Lingkungan,S2,PTN,2835/SK/BAN-PT/Akred/M/V/2021,2021,ULM,s2pengelolaansumberdayaalamlingkungan@ULM.ac.id
Universitas Lampung,Sumberdaya Akuatik,S1,PTN,6544/SK/BAN-PT/Ak.KP/S/V/2025,2025,UNILA,s1sumberdayaakuatik@UNILA.ac.id
Universitas Mataram,Pengelolaan Sumberdaya Alam Dan Lingkungan,S2,PTN,6757/SK/BAN-PT/Ak.P/M/VI/2025,2025,UNRAM,s2pengelolaansumberdayaalamdanlingkungan@UNRAM.ac.id
Universitas Muhammadiyah Kendari,Pemanfaatan Sumberdaya Perikanan,S1,9,9027/SK/BAN-PT/Ak-PPJ/S/VI/2021,2021,UMKENDARI,s1pemanfaatansumberdayaperikanan@UMKENDARI.ac.id
Universitas Mulawarman,Pengelolaan Sumberdaya Perikanan,S1,PTN,621/SK/BAN-PT/Ak.Ppj/S/II/2024,2024,UNMUL,s1pengelolaansumberdayaperikanan@UNMUL.ac.id
Universitas Musamus Merauke,Manajemen Sumberdaya Perairan,S1,PTN,371/SK/BAN-PT/Ak/S/II/2024,2024,UNMUS,s1manajemensumberdayaperairan@UNMUS.ac.id
Universitas Nusa Nipa,Manajemen Sumberdaya Perairan,S1,15,1467/SK/BAN-PT/Akred/S/III/2021,2021,UNIPA,s1manajemensumberdayaperairan@UNIPA.ac.id
Universitas Palangka Raya,Pengelolaan Sumberdaya Alam & Lingkungan,S2,PTN,3893/SK/BAN-PT/Ak.Ppj/M/IX/2023,2023,UPR,s2pengelolaansumberdayaalamlingkungan@UPR.ac.id
Universitas Panca Bhakti,Pengelolaan Sumberdaya Alam Dan Lingkungan,S2,11,6125/SK/BAN-PT/Ak.P/M/X/2024,2024,UPB,s2pengelolaansumberdayaalamdanlingkungan@UPB.ac.id
Universitas Papua,Konservasi Sumberdaya Hutan,D3,PTN,11199/SK/BAN-PT/Akred/Dipl-III/IX/2021,2021,UNIPA,d3konservasisumberdayahutan@UNIPA.ac.id
Universitas Pattimura,Manajemen Sumberdaya Kelautan Dan Pulau-pulau Kecil,S2,PTN,1170/SK/BAN-PT/Ak.Ppj/M/IV/2024,2024,UNPATTI,s2manajemensumberdayakelautandanpulaupulaukecil@UNPATTI.ac.id
Universitas Sam Ratulangi,Pengelolaan Sumberdaya Pembangunan,S2,PTN,6580/SK/BAN-PT/Ak.S/M/V/2025,2025,UNSRAT,s2pengelolaansumberdayapembangunan@UNSRAT.ac.id
Universitas Serambi Mekkah,Pengelolaan Sumberdaya Alam Dan Lingkungan,S2,13,45/SK/BAN-PT/Ak.P/M/I/2025,2025,USM,s2pengelolaansumberdayaalamdanlingkungan@USM.ac.id
Universitas Sumatera Utara,Manajemen Sumberdaya Perairan Kampus Kabupaten Nias Utara,S1,PTN,4553/SK/BAN-PT/Ak/S/VI/2024,2024,USU,s1manajemensumberdayaperairankampuskabupatenniasutara@USU.ac.id
Universitas Syiah Kuala,Pemanfaatan Sumberdaya Perikanan,S1,PTN,354/SK/BAN-PT/Ak.Ppj/S/III/2025,2025,USK,s1pemanfaatansumberdayaperikanan@USK.ac.id
Universitas Syiah Kuala,Pengelolaan Sumberdaya Pesisir Terpadu,S2,PTN,7571/SK/BAN-PT/Ak.S/M/IX/2025,2025,USK,s2pengelolaansumberdayapesisirterpadu@USK.ac.id
Universitas Tadulako,Konservasi Sumberdaya Hutan,D3,PTN,10245/SK/BAN-PT/Ak.KP/D3/XII/2022,2022,UNTAD,d3konservasisumberdayahutan@UNTAD.ac.id
Universitas Tanjungpura,Manajemen Sumberdaya Perairan,S1,PTN,6526/SK/BAN-PT/Ak.KP/S/V/2025,2025,UNTAN,s1manajemensumberdayaperairan@UNTAN.ac.id
Universitas Trunojoyo,Manajemen Sumberdaya Perairan,S1,PTN,2407/SK/BAN-PT/Ak/S/VI/2023,2023,UTM,s1manajemensumberdayaperairan@UTM.ac.id
Universitas Udayana,Manajemen Sumberdaya Perairan,S1,PTN,10173/SK/BAN-PT/Ak/S/XII/2022,2022,UNUD,s1manajemensumberdayaperairan@UNUD.ac.id
Universitas Al-azhar Indonesia,Pengelolaan Sumber Daya Alam,S2,3,7772/SK/BAN-PT/Ak.P/M/X/2025,2025,UAI,s2pengelolaansumberdayaalam@UAI.ac.id
Universitas Andalas,Pengelolaan Sumber Daya Alam,S2,PTN,6579/SK/BAN-PT/Ak.S/M/V/2025,2025,UNAND,s2pengelolaansumberdayaalam@UNAND.ac.id
Universitas Bengkulu,Pengelolaan Sumber Daya Alam,S3,PTN,8267/SK/BAN-PT/Ak/D/XI/2025,2025,UNIB,s3pengelolaansumberdayaalam@UNIB.ac.id
Universitas Bengkulu,Pengelolaan Sumber Daya Alam,S2,PTN,2405/SK/BAN-PT/Akred/M/IV/2021,2021,UNIB,s2pengelolaansumberdayaalam@UNIB.ac.id
Universitas Muhammadiyah Bangka Belitung,Konservasi Sumber Daya Alam,S1,2,4219/SK/BAN-PT/Ak/S/X/2023,2023,UMBB,s1konservasisumberdayaalam@UMBB.ac.id
Universitas Sumatera Utara,Pengelolaan Sumber Daya Alam Dan Lingkungan,S2,PTN,4650/SK/BAN-PT/Ak/M/VI/2024,2024,USU,s2pengelolaansumberdayaalamdanlingkungan@USU.ac.id
Universitas Sumatera Utara,Pengelolaan Sumber Daya Alam Dan Lingkungan,S3,PTN,2419/SK/BAN-PT/Akred/D/IV/2021,2021,USU,s3pengelolaansumberdayaalamdanlingkungan@USU.ac.id
Universitas Syiah Kuala,Pengelolaan Sumber Daya Alam,S2,PTN,6373/SK/BAN-PT/Ak.S/M/V/2025,2025,USK,s2pengelolaansumberdayaalam@USK.ac.id
Universitas Teknologi Sumbawa,Konservasi Sumber Daya Alam,S1,8,175/SK/BAN-PT/Ak.P/S/II/2025,2025,UTS,s1konservasisumberdayaalam@UTS.ac.id
Universitas Trunojoyo,Pengelolaan Sumber Daya Alam,S3,PTN,006/SK/BAN-PT/Ak.P/2.0/S3/X/2025,2025,UTM,s3pengelolaansumberdayaalam@UTM.ac.id
Universitas Trunojoyo,Pengelolaan Sumber Daya Alam,S2,PTN,5223/SK/BAN-PT/Ak/M/VIII/2024,2024,UTM,s2pengelolaansumberdayaalam@UTM.ac.id
Politeknik Pertanian Negeri Samarinda,Pengelolaan Lingkungan,D3,PTN,13352/SK/BAN-PT/Akred/Dipl-III/XII/2021,2021,POLITANI Samarinda,d3pengelolaanlingkungan@POLITANISamarinda.ac.id
Universitas Hasanuddin,Pengelolaan Lingkungan Hidup,S2,PTN,4127/SK/BAN-PT/Ak.Ppj/M/V/2024,2024,UNHAS,s2pengelolaanlingkunganhidup@UNHAS.ac.id
Universitas Syiah Kuala,Pengelolaan Lingkungan,S2,PTN,7896/SK/BAN-PT/Ak.S/M/X/2025,2025,USK,s2pengelolaanlingkungan@USK.ac.id
Universitas Sriwijaya,Pengelolaan Lingkungan,S2,PTN,8707/SK/BAN-PT/Akred/M/VI/2021,2021,UNSRI,s2pengelolaanlingkungan@UNSRI.ac.id
