Universitas,Program Studi,Jenjang,Tipe,Nomor SK,Tahun,email,Peringkat_Akreditasi,Tanggal_Kadaluarsa,Status_Kadaluarsa,Program Studi Asli,Status Akreditasi,Sumber Status Akreditasi,Tanggal_SK,Program Studi BANPT
Akademi Kesejahteraan Sosial Akk,desain busana,D3,5,7000/SK/BAN-PT/Ak.Ppj/D3/VII/2025,2025,diiidesainbusana@akademikesejahteraansosialakk.ac.id,B,2030-07-12,Masih Berlaku,Desain Busana,Ya,BAN-PT tabel #akreditasi,7/8/2025,desain busana
Akademi Kesejahteraan Sosial Ibu Kartini,desain mode,D4,6,849/SK/BAN-PT/Ak.P/STr/III/2024,2024,divdesainmode@akademikesejahteraansosialibukartini.ac.id,Baik,2026-08-02,93 hari lagi kedaluwarsa,Desain Mode,Ya,BAN-PT tabel #akreditasi,2/2/2026,desain mode
Akademi Seni Dan Desain Indonesia Surakarta,desain komunikasi visual,D3,6,7539/SK/BAN-PT/Ak.KP/D3/X/2022,2022,diiidesainkomunikasivisual@akademisenidandesainindonesiasurakarta.ac.id,Baik,2026-07-22,Masih Berlaku,Desain Komunikasi Visual,Ya,BAN-PT tabel #akreditasi,10/12/2022,desain komunikasi visual
Akademi Seni Dan Desain Indonesia Surakarta,desain produk tekstil,D3,6,8199/SK/BAN-PT/Ak.KP/D3/X/2022,2022,diiidesainproduktekstil@akademisenidandesainindonesiasurakarta.ac.id,Baik,2026-05-21,162 hari lagi kedaluwarsa,Desain Produk Tekstil,Ya,BAN-PT tabel #akreditasi,10/18/2022,desain produk tekstil
Akademi Seni Rupa Dan Desain Iswi Jakarta,desain produk,D3,3,11979/SK/BAN-PT/Akred/Dipl-III/X/2021,2021,diiidesainproduk@akademisenirupadandesainiswijakarta.ac.id,Baik,2026-10-26,Masih Berlaku,Desain Produk,Ya,BAN-PT tabel #akreditasi,10/26/2021,desain produk
Akademi Seni Rupa Dan Desain Msd,desain komunikasi visual,D3,5,4669/SK/BAN-PT/PEPA-Ppj/D3/XI/2023,2023,diiidesainkomunikasivisual@akademisenirupadandesainmsd.ac.id,Baik,2028-08-01,Masih Berlaku,Desain Komunikasi Visual,Ya,BAN-PT tabel #akreditasi,11/9/2023,desain komunikasi visual
Akademi Teknik Pika,desain interior,D3,6,1480/SK/BAN-PT/Akred/Dipl-III/III/2021,2021,diiidesaininterior@akademiteknikpika.ac.id,Baik,2031-03-17,96 hari lagi kedaluwarsa,Desain Interior,Ya,BAN-PT tabel #akreditasi,3/31/2026,desain interior
Akademi Teknik YKPN,arsitektur,D3,,,,,B,2025-04-01,,ARSITEKTUR,Tidak,BAN-PT tabel #akreditasi,4/1/2020,arsitektur
Institut Bisnis Dan Teknologi Indonesia,desain komunikasi visual,S1,8,7126/SK/BAN-PT/Ak/S1/VIII/2025,2025,s1desainkomunikasivisual@institutbisnisdanteknologiindonesia.ac.id,Baik,2030-08-05,Masih Berlaku,Desain Komunikasi Visual,Tidak,BAN-PT tabel #akreditasi,8/5/2025,desain komunikasi visual
Institut Desain Dan Bisnis Bali,arsitektur,S1,8,7129/SK/BAN-PT/Ak.P/S1/VIII/2025,2025,s1arsitektur@institutdesaindanbisnisbali.ac.id,Terakreditasi Sementara,2030-08-25,Masih Berlaku,Arsitektur,Ya,BAN-PT tabel #akreditasi,8/25/2025,arsitektur
Institut Desain dan Bisnis Bali,desain interior,S1,8,,2025,s1desaininterior@institutdesaindanbisnisbali.ac.id,Unggul,2029-12-15,,DESAIN INTERIOR,Ya,BAN-PT tabel #akreditasi,12/15/2024,desain interior
Institut Desain dan Bisnis Bali,desain komunikasi visual,S1,8,,2025,s1desainkomunikasivisual@institutdesaindanbisnisbali.ac.id,Baik Sekali,2029-08-13,,DESAIN KOMUNIKASI VISUAL,Ya,BAN-PT tabel #akreditasi,8/13/2024,desain komunikasi visual
Institut Desain dan Bisnis Bali,desain mode,D4,,,2025,,Baik,2026-08-03,,DESAIN MODE,Ya,BAN-PT tabel #akreditasi,8/3/2021,desain mode
Institut Desain Dan Bisnis Bali,desain mode,S2,8,9921/SK/BAN-PT/Akred/ST/VIII/2021,2021,divdesainmode@institutdesaindanbisnisbali.ac.id,Baik,2026-08-03,Masih Berlaku,Desain Mode,Ya,BAN-PT tabel #akreditasi,8/3/2021,desain mode
Institut Desain dan Bisnis Bali,desain,S2,8,,2025,s2desain@institutdesaindanbisnisbali.ac.id,Terakreditasi Sementara,2029-03-26,,DESAIN,Ya,BAN-PT tabel #akreditasi,3/26/2024,desain
Institut Filsafat Dan Teknologi Kreatif Ledalero,desain komunikasi visual,S1,15,4112/SK/BAN-PT/Ak.P/S/V/2024,2024,s1desainkomunikasivisual@institutfilsafatdanteknologikreatifledalero.ac.id,Baik,2026-05-14,155 hari lagi kedaluwarsa,Desain Komunikasi Visual,Ya,BAN-PT tabel #akreditasi,5/14/2024,desain komunikasi visual
Institut Informatika Dan Bisnis Darmajaya,desain interior,S1,2,,2025,s1desaininterior@institutinformatikadanbisnisdarmajaya.ac.id,Baik,2026-03-13,,DESAIN INTERIOR,Tidak,BAN-PT tabel #akreditasi,3/13/2024,desain interior
Institut Informatika Dan Bisnis Darmajaya,desain komunikasi visual,S1,2,7601/SK/BAN-PT/Ak/S/IX/2025,2025,s1desainkomunikasivisual@institutinformatikadanbisnisdarmajaya.ac.id,Baik,2030-09-16,Masih Berlaku,Desain Komunikasi Visual,Ya,BAN-PT tabel #akreditasi,9/16/2025,desain komunikasi visual
Institut Informatika Indonesia Surabaya,desain komunikasi visual,S1,7,3822/SK/BAN-PT/Ak.Ppj/S/IV/2024,2024,s1desainkomunikasivisual@institutinformatikaindonesiasurabaya.ac.id,B,2029-04-24,Masih Berlaku,Desain Komunikasi Visual,Ya,BAN-PT tabel #akreditasi,4/16/2024,desain komunikasi visual
Institut Informatika Indonesia Surabaya,desain produk,S1,7,,2025,s1desainproduk@institutinformatikaindonesiasurabaya.ac.id,Tidak Terakreditasi,,,DESAIN PRODUK,Ya,BAN-PT tabel #akreditasi,9/9/2025,desain produk
Institut Kesenian Jakarta,desain interior,S1,3,,2025,s1desaininterior@institutkesenianjakarta.ac.id,Baik,2029-06-25,,DESAIN INTERIOR,Ya,BAN-PT tabel #akreditasi,6/25/2024,desain interior
Institut Kesenian Jakarta,desain komunikasi visual,S1,3,,2025,s1desainkomunikasivisual@institutkesenianjakarta.ac.id,B,2029-10-22,,DESAIN KOMUNIKASI VISUAL,Ya,BAN-PT tabel #akreditasi,10/22/2024,desain komunikasi visual
Institut Kesenian Jakarta,desain produk,S1,3,,2025,s1desainproduk@institutkesenianjakarta.ac.id,B,2028-08-08,,DESAIN PRODUK,Tidak,BAN-PT tabel #akreditasi,4/2/2024,desain produk
Institut Komunikasi Dan Bisnis Lspr,desain komunikasi visual,S1,3,5082/SK/BAN-PT/Ak/S/VII/2022,2022,s1desainkomunikasivisual@institutkomunikasidanbisnislspr.ac.id,Baik,2027-07-27,Masih Berlaku,Desain Komunikasi Visual,Ya,BAN-PT tabel #akreditasi,7/27/2022,desain komunikasi visual
Institut Komunikasi Dan Bisnis LSPR,desain media,D4,3,,2025,d4desainmedia@institutkomunikasidanbisnislspr.ac.id,Terakreditasi Sementara,2030-08-25,,DESAIN MEDIA,Ya,BAN-PT tabel #akreditasi,8/25/2025,desain media
Institut Manajemen Wiyata Indonesia,desain grafis,S1,4,,,s1desaingrafis@institutmanajemenwiyataindonesia.ac.id,Baik,2026-04-06,,DESAIN GRAFIS,Tidak,BAN-PT tabel #akreditasi,4/6/2021,desain grafis
Institut Modern Arsitektur dan Teknologi,arsitektur,S1,1,,2025,s1arsitektur@institutmodernarsitekturdanteknologi.ac.id,Baik,2026-06-17,,ARSITEKTUR,Ya,BAN-PT tabel #akreditasi,7/3/2022,arsitektur
Institut Modern Arsitektur Dan Teknologi,desain komunikasi visual,S1,1,19/SK/BAN-PT/Ak.P/S/I/2025,2025,s1desainkomunikasivisual@institutmodernarsitekturdanteknologi.ac.id,Terakreditasi Sementara,2030-01-14,Masih Berlaku,Desain Komunikasi Visual,Ya,BAN-PT tabel #akreditasi,1/14/2025,desain komunikasi visual
Institut Modern Arsitektur Dan Teknologi,perencanaan wilayah dan kota,S1,1,4072/SK/BAN-PT/PB-PS/S/VII/2022,2022,s1perencanaanwilayahdankota@institutmodernarsitekturdanteknologi.ac.id,Baik,2026-06-17,Masih Berlaku,Perencanaan Wilayah Dan Kota,Ya,BAN-PT tabel #akreditasi,7/3/2022,perencanaan wilayah dan kota
Institut Pertanian Bogor,arsitektur lanskap,S1,PTN,,2025,s1arsitekturlanskap@institutpertanianbogor.ac.id,Unggul,2029-01-17,,ARSITEKTUR LANSKAP,Ya,BAN-PT tabel #akreditasi,1/17/2024,perencanaan pariwisata
Institut Pertanian Bogor,arsitektur lanskap,S2,PTN,,2025,s2arsitekturlanskap@institutpertanianbogor.ac.id,Unggul,2029-01-17,,ARSITEKTUR LANSKAP,Ya,BAN-PT tabel #akreditasi,1/17/2024,optimasi desain mekanik
Institut Pertanian Bogor,ilmu pengelolaan sumberdaya alam dan lingkungan,S2,PTN,,2025,s2ilmupengelolaansumberdayaalamdanlingkungan@institutpertanianbogor.ac.id,Unggul,2028-08-17,,ILMU PENGELOLAAN SUMBERDAYA ALAM DAN LINGKUNGAN,Ya,BAN-PT tabel #akreditasi,5/6/2025,perencanaan dan pengembangan pariwisata
Institut Pertanian Bogor,ilmu pengelolaan sumberdaya alam dan lingkungan,S3,PTN,,2025,s3ilmupengelolaansumberdayaalamdanlingkungan@institutpertanianbogor.ac.id,Unggul,2028-08-17,,ILMU PENGELOLAAN SUMBERDAYA ALAM DAN LINGKUNGAN,Ya,BAN-PT tabel #akreditasi,5/6/2025,ilmu pengelolaan sumberdaya alam dan lingkungan
Institut Pertanian Bogor,ilmu perencanaan pembangunan wilayah dan pedesaan,S2,PTN,,2025,s2ilmuperencanaanpembangunanwilayahdanpedesaan@institutpertanianbogor.ac.id,Tidak Terakreditasi,0000-00-00,,ILMU PERENCANAAN PEMBANGUNAN WILAYAH DAN PEDESAAN,Tidak,BAN-PT tabel #akreditasi,6/23/2016,ilmu perencanaan pembangunan wilayah dan pedesaan
Institut Pertanian Bogor,ilmu perencanaan pembangunan wilayah dan pedesaan,S3,PTN,,2025,s3ilmuperencanaanpembangunanwilayahdanpedesaan@institutpertanianbogor.ac.id,Tidak Terakreditasi,0000-00-00,,ILMU PERENCANAAN PEMBANGUNAN WILAYAH DAN PEDESAAN,Tidak,BAN-PT tabel #akreditasi,6/23/2016,ilmu perencanaan pembangunan wilayah dan pedesaan
Institut Pertanian Bogor,ilmu perencanaan wilayah,S2,PTN,,2025,s2ilmuperencanaanwilayah@institutpertanianbogor.ac.id,Unggul,2028-05-09,,ILMU PERENCANAAN WILAYAH,Ya,BAN-PT tabel #akreditasi,11/28/2023,ilmu perencanaan wilayah
Institut Pertanian Bogor,konservasi sumberdaya hutan dan ekowisata,S1,PTN,,2025,s1konservasisumberdayahutandanekowisata@institutpertanianbogor.ac.id,Unggul,2027-01-11,,KONSERVASI SUMBERDAYA HUTAN DAN EKOWISATA,Ya,BAN-PT tabel #akreditasi,11/12/2024,konservasi sumberdaya hutan dan ekowisata
Institut Pertanian Bogor,manajemen sumberdaya lahan,S1,PTN,,2025,s1manajemensumberdayalahan@institutpertanianbogor.ac.id,Unggul,2027-07-05,,MANAJEMEN SUMBERDAYA LAHAN,Ya,BAN-PT tabel #akreditasi,3/28/2023,manajemen sumberdaya lahan
Institut Pertanian Bogor,manajemen sumberdaya perairan,S1,PTN,,2025,s1manajemensumberdayaperairan@institutpertanianbogor.ac.id,Unggul,2028-04-04,,MANAJEMEN SUMBERDAYA PERAIRAN,Ya,BAN-PT tabel #akreditasi,5/14/2025,manajemen sumberdaya perairan
Institut Pertanian Bogor,pengelolaan sumberdaya perairan,S2,PTN,,2025,s2pengelolaansumberdayaperairan@institutpertanianbogor.ac.id,Unggul,2027-12-28,,PENGELOLAAN SUMBERDAYA PERAIRAN,Ya,BAN-PT tabel #akreditasi,10/24/2023,pengelolaan sumberdaya perairan
Institut Pertanian Bogor,pengelolaan sumberdaya perairan,S3,PTN,,2025,s3pengelolaansumberdayaperairan@institutpertanianbogor.ac.id,Unggul,2027-12-28,,PENGELOLAAN SUMBERDAYA PERAIRAN,Ya,BAN-PT tabel #akreditasi,10/24/2023,pengelolaan sumberdaya perairan
Institut Pertanian Bogor,pengelolaan sumberdaya pesisir dan lautan,S2,PTN,,2025,s2pengelolaansumberdayapesisirdanlautan@institutpertanianbogor.ac.id,Unggul,2029-10-31,,PENGELOLAAN SUMBERDAYA PESISIR DAN LAUTAN,Ya,BAN-PT tabel #akreditasi,12/11/2025,pengelolaan sumberdaya pesisir dan lautan
Institut Pertanian Bogor,pengelolaan sumberdaya pesisir dan lautan,S3,PTN,,2025,s3pengelolaansumberdayapesisirdanlautan@institutpertanianbogor.ac.id,Unggul,2029-10-31,,PENGELOLAAN SUMBERDAYA PESISIR DAN LAUTAN,Ya,BAN-PT tabel #akreditasi,12/11/2025,pengelolaan sumberdaya pesisir dan lautan
Institut Pertanian Bogor,teknik dan manajemen lingkungan,D4,,,,,Unggul,2030-08-20,,Teknik dan Manajemen Lingkungan,Ya,BAN-PT tabel #akreditasi,8/14/2025,teknik dan manajemen lingkungan
Institut Sains Dan Teknologi Al-Kamal,desain komunikasi visual,S1,3,5326/SK/BAN-PT/PEPA-Ppj/S/XII/2023,2023,s1desainkomunikasivisual@institutsainsdanteknologialkamal.ac.id,Baik,2028-11-14,Masih Berlaku,Desain Komunikasi Visual,Ya,BAN-PT tabel #akreditasi,12/21/2023,desain komunikasi visual
Institut Sains Dan Teknologi Muhammadiyah Tarakan,perencanaan wilayah dan kota,S1,11,208/SK/BAN-PT/Ak/S/II/2025,2025,s1perencanaanwilayahdankota@institutsainsdanteknologimuhammadiyahtarakan.ac.id,Baik,2030-02-05,Masih Berlaku,Perencanaan Wilayah Dan Kota,Ya,BAN-PT tabel #akreditasi,2/5/2025,perencanaan wilayah dan kota
Institut Sains Dan Teknologi Nasional,arsitektur lanskap,S1,3,,2025,s1arsitekturlanskap@institutsainsdanteknologinasional.ac.id,Baik,2030-03-11,,ARSITEKTUR LANSKAP,Ya,BAN-PT tabel #akreditasi,3/11/2025,arsitektur lanskap
Institut Sains Dan Teknologi Nasional,arsitektur,S1,3,8216/SK/BAN-PT/Ak.KP/S/XI/2025,2025,s1arsitektur@institutsainsdanteknologinasional.ac.id,Baik Sekali,2030-03-19,Masih Berlaku,Arsitektur,Ya,BAN-PT tabel #akreditasi,11/3/2025,arsitektur
Institut Sains dan Teknologi Pradita,desain interior,S1,,,,,C,9999-01-01,,DESAIN INTERIOR,Tidak,BAN-PT tabel #akreditasi,12/18/2019,desain interior
Institut Sains dan Teknologi Pradita,perencanaan wilayah,S1,,,,,C,9999-01-01,,PERENCANAAN WILAYAH,Tidak,BAN-PT tabel #akreditasi,12/18/2019,perencanaan wilayah
Institut Sains Dan Teknologi Td Pardede,arsitektur,S1,1,4438/SK/BAN-PT/Ak-PPJ/S/VII/2022,2022,s1arsitektur@institutsainsdanteknologitdpardede.ac.id,B,2026-10-21,Masih Berlaku,Arsitektur,Ya,BAN-PT tabel #akreditasi,7/13/2022,arsitektur
Institut Sains Dan Teknologi Td Pardede,desain interior,D3,,,,,Baik,2025-12-01,,DESAIN INTERIOR,Tidak,BAN-PT tabel #akreditasi,11/1/2022,desain interior
Institut Sains Dan Teknologi Td Pardede,perencanaan wilayah dan kota,S1,1,4437/SK/BAN-PT/Ak/S/X/2023,2023,s1perencanaanwilayahdankota@institutsainsdanteknologitdpardede.ac.id,Baik,2028-10-31,Masih Berlaku,Perencanaan Wilayah Dan Kota,Ya,BAN-PT tabel #akreditasi,10/31/2023,perencanaan wilayah dan kota
Institut Sains Dan Teknologi Terpadu Surabaya,desain komunikasi visual,S1,7,604/SK/BAN-PT/Ak/S/II/2024,2024,s1desainkomunikasivisual@institutsainsdanteknologiterpadusurabaya.ac.id,Baik,2029-02-27,Masih Berlaku,Desain Komunikasi Visual,Ya,BAN-PT tabel #akreditasi,2/27/2024,desain komunikasi visual
Institut Sains dan Teknologi Terpadu Surabaya,desain produk,S1,7,,2025,s1desainproduk@institutsainsdanteknologiterpadusurabaya.ac.id,Baik,2026-07-21,,DESAIN PRODUK,Ya,BAN-PT tabel #akreditasi,7/21/2021,desain produk
Institut Seni Budaya Indonesia Aceh,desain interior,S1,PTN,,2025,s1desaininterior@institutsenibudayaindonesiaaceh.ac.id,Baik,2027-10-28,,DESAIN INTERIOR,Ya,BAN-PT tabel #akreditasi,10/28/2025,desain interior
Institut Seni Budaya Indonesia Aceh,desain komunikasi visual,S1,PTN,7228/SK/BAN-PT/Ak.S/S/VIII/2025,2025,s1desainkomunikasivisual@institutsenibudayaindonesiaaceh.ac.id,Baik,9999-01-01,Masih Berlaku,Desain Komunikasi Visual,Ya,BAN-PT tabel #akreditasi,8/6/2025,desain komunikasi visual
Institut Seni Budaya Indonesia Bandung,desain interior,S1,PTN,,2025,s1desaininterior@institutsenibudayaindonesiabandung.ac.id,Terakreditasi Sementara,2030-08-25,,DESAIN INTERIOR,Ya,BAN-PT tabel #akreditasi,8/25/2025,desain interior
Institut Seni Budaya Indonesia Bandung,desain komunikasi visual,S1,PTN,1031/SK/BAN-PT/Ak.P/S/III/2024,2024,s1desainkomunikasivisual@institutsenibudayaindonesiabandung.ac.id,Terakreditasi Sementara,2029-03-26,Masih Berlaku,Desain Komunikasi Visual,Ya,BAN-PT tabel #akreditasi,3/26/2024,desain komunikasi visual
Institut Seni Budaya Indonesia Tanah Papua,desain komunikasi visual,S1,PTN,559/SK/BAN-PT/Akred/S/I/2022,2022,s1desainkomunikasivisual@institutsenibudayaindonesiatanahpapua.ac.id,Baik,2026-08-05,Masih Berlaku,Desain Komunikasi Visual,Ya,BAN-PT tabel #akreditasi,1/19/2022,desain komunikasi visual
Institut Seni Indonesia Bali,desain interior,S1,,,2025,,A,2031-01-26,,DESAIN INTERIOR,Ya,BAN-PT tabel #akreditasi,1/26/2026,desain interior
Institut Seni Indonesia Bali,desain mode,D4,,,2025,,Unggul,2031-01-26,,DESAIN MODE,Ya,BAN-PT tabel #akreditasi,1/26/2026,desain mode
Institut Seni Indonesia Bali,desain produk,S1,,,2025,,Baik,2031-01-26,,DESAIN PRODUK,Ya,BAN-PT tabel #akreditasi,1/26/2026,desain produk
Institut Seni Indonesia Denpasar,desain interior,S1,PTN,,2024,s1desaininterior@institutseniindonesiadenpasar.ac.id,Unggul,2027-08-02,,DESAIN INTERIOR,Ya,BAN-PT tabel #akreditasi,4/16/2024,desain interior
Institut Seni Indonesia Denpasar,desain komunikasi visual,S1,PTN,3747/SK/BAN-PT/Ak.KP/S/IV/2024,2024,s1desainkomunikasivisual@institutseniindonesiadenpasar.ac.id,Unggul,2027-08-02,Masih Berlaku,Desain Komunikasi Visual,Ya,BAN-PT tabel #akreditasi,4/16/2024,desain komunikasi visual
Institut Seni Indonesia Denpasar,desain mode,D4,PTN,505/SK/BAN-PT/Ak.KP/STr/II/2024,2024,divdesainmode@institutseniindonesiadenpasar.ac.id,Unggul,2027-08-23,Masih Berlaku,Desain Mode,Ya,BAN-PT tabel #akreditasi,2/27/2024,desain mode
Institut Seni Indonesia Denpasar,desain produk,S1,PTN,,2024,s1desainproduk@institutseniindonesiadenpasar.ac.id,Baik,2030-11-11,,DESAIN PRODUK,Ya,BAN-PT tabel #akreditasi,11/11/2025,desain produk
Institut Seni Indonesia Denpasar,desain,S3,PTN,35/SK/BAN-PT/Ak.P/D/I/2025,2025,s3desain@institutseniindonesiadenpasar.ac.id,Unggul,2030-06-24,Masih Berlaku,Desain,Ya,BAN-PT tabel #akreditasi,6/24/2025,desain
Institut Seni Indonesia Denpasar,desain,S2,PTN,6858/SK/BAN-PT/Ak/S2/VII/2025,2025,s2desain@institutseniindonesiadenpasar.ac.id,Unggul,2030-06-24,Masih Berlaku,Desain,Ya,BAN-PT tabel #akreditasi,6/24/2025,desain
Institut Seni Indonesia Padang Panjang,desain komunikasi visual,S1,PTN,5017/SK/BAN-PT/PEPA-Ppj/S/VII/2024,2024,s1desainkomunikasivisual@institutseniindonesiapadangpanjang.ac.id,Baik Sekali,2030-12-16,Masih Berlaku,Desain Komunikasi Visual,Ya,BAN-PT tabel #akreditasi,12/16/2025,desain komunikasi visual
Institut Seni Indonesia Padang Panjang,desain mode,D4,PTN,686/SK/BAN-PT/Akred/ST/II/2022,2022,divdesainmode@institutseniindonesiapadangpanjang.ac.id,Baik,2027-02-02,Masih Berlaku,Desain Mode,Ya,BAN-PT tabel #akreditasi,2/2/2022,desain mode
Institut Seni Indonesia Padang Panjang,desain mode,D4,,,2025,,Baik,2027-02-02,,DESAIN MODE,Ya,BAN-PT tabel #akreditasi,2/2/2022,desain mode
Institut Seni Indonesia Padang Panjang,desain produk,S1,PTN,,2025,s1desainproduk@institutseniindonesiapadangpanjang.ac.id,Baik,2029-04-02,,DESAIN PRODUK,Ya,BAN-PT tabel #akreditasi,4/2/2024,desain produk
Institut Seni Indonesia Surakarta,arsitektur,S1,PTN,471/SK/BAN-PT/Ak.P/S/III/2025,2025,s1arsitektur@institutseniindonesiasurakarta.ac.id,Terakreditasi Sementara,2030-03-19,Masih Berlaku,Arsitektur,Ya,BAN-PT tabel #akreditasi,3/19/2025,arsitektur
Institut Seni Indonesia Surakarta,desain interior,S1,PTN,,2025,s1desaininterior@institutseniindonesiasurakarta.ac.id,Unggul,2031-03-03,,DESAIN INTERIOR,Ya,BAN-PT tabel #akreditasi,3/3/2026,desain interior
Institut Seni Indonesia Surakarta,desain komunikasi visual,S1,PTN,7799/SK/BAN-PT/Ak.S/S/X/2025,2025,s1desainkomunikasivisual@institutseniindonesiasurakarta.ac.id,Baik Sekali,2030-12-16,Masih Berlaku,Desain Komunikasi Visual,Ya,BAN-PT tabel #akreditasi,12/16/2025,desain komunikasi visual
Institut Seni Indonesia Surakarta,desain mode batik,D4,,,2025,,B,2025-09-30,,DESAIN MODE BATIK,Tidak,BAN-PT tabel #akreditasi,3/2/2022,desain mode batik
Institut Seni Indonesia Surakarta,desain produk industri,S1,PTN,,2025,s1desainprodukindustri@institutseniindonesiasurakarta.ac.id,Terakreditasi Sementara,2030-09-09,,DESAIN PRODUK INDUSTRI,Ya,BAN-PT tabel #akreditasi,9/9/2025,desain produk industri
Institut Seni Indonesia Yogyakarta,desain interior,S1,PTN,,2025,s1desaininterior@institutseniindonesiayogyakarta.ac.id,Unggul,2027-06-27,,DESAIN INTERIOR,Ya,BAN-PT tabel #akreditasi,6/27/2022,desain interior
Institut Seni Indonesia Yogyakarta,desain komunikasi visual,S1,PTN,13625/SK/BAN-PT/Ak-PPJ/S/XII/2021,2021,s1desainkomunikasivisual@institutseniindonesiayogyakarta.ac.id,A,2026-12-28,Masih Berlaku,Desain Komunikasi Visual,Ya,BAN-PT tabel #akreditasi,12/23/2021,desain komunikasi visual
Institut Seni Indonesia Yogyakarta,desain media,D4,,,,,Baik,2025-11-28,,DESAIN MEDIA,Tidak,BAN-PT tabel #akreditasi,11/28/2023,desain media
Institut Seni Indonesia Yogyakarta,desain mode kriya batik,D4,PTN,339/SK/BAN-PT/Ak.S/STr/II/2025,2025,divdesainmodekriyabatik@institutseniindonesiayogyakarta.ac.id,Baik,2031-03-03,Masih Berlaku,Desain Mode Kriya Batik,Ya,BAN-PT tabel #akreditasi,3/3/2026,desain mode kriya batik
Institut Seni Indonesia Yogyakarta,desain produk,S1,PTN,,2025,s1desainproduk@institutseniindonesiayogyakarta.ac.id,Baik Sekali,2028-06-07,,DESAIN PRODUK,Ya,BAN-PT tabel #akreditasi,1/16/2024,desain produk
Institut Teknologi Adhi Tama Surabaya,arsitektur,S1,7,7312/SK/BAN-PT/Ak.S/S/VIII/2025,2025,s1arsitektur@institutteknologiadhitamasurabaya.ac.id,Baik Sekali,2031-03-17,Masih Berlaku,Arsitektur,Ya,BAN-PT tabel #akreditasi,3/17/2026,arsitektur
Institut Teknologi Adhi Tama Surabaya,desain produk,S1,7,,2025,s1desainproduk@institutteknologiadhitamasurabaya.ac.id,Baik,2030-09-16,,DESAIN PRODUK,Ya,BAN-PT tabel #akreditasi,9/16/2025,desain produk
Institut Teknologi Bacharuddin Jusuf Habibie,arsitektur,S1,PTN,28/SK/BAN-PT/Ak.P/S/I/2025,2025,s1arsitektur@institutteknologibacharuddinjusufhabibie.ac.id,Terakreditasi Sementara,2030-01-14,Masih Berlaku,Arsitektur,Ya,BAN-PT tabel #akreditasi,1/14/2025,arsitektur
Institut Teknologi Bandung,arsitektur lanskap,S2,PTN,,2025,s2arsitekturlanskap@institutteknologibandung.ac.id,Baik Sekali,2029-08-27,,ARSITEKTUR LANSKAP,Ya,BAN-PT tabel #akreditasi,8/27/2024,arsitektur lanskap
Institut Teknologi Bandung,arsitektur,S2,PTN,160/SK/BAN-PT/Ak.Ppj/M/I/2025,2025,s2arsitektur@institutteknologibandung.ac.id,Unggul,2030-01-31,Masih Berlaku,Arsitektur,Ya,BAN-PT tabel #akreditasi,1/21/2025,arsitektur
Institut Teknologi Bandung,arsitektur,S1,PTN,,2025,s1arsitektur@institutteknologibandung.ac.id,Unggul,2030-01-31,,ARSITEKTUR,Ya,BAN-PT tabel #akreditasi,1/21/2025,arsitektur
Institut Teknologi Bandung,desain interior,S1,PTN,,2025,s1desaininterior@institutteknologibandung.ac.id,Unggul,2030-08-03,,DESAIN INTERIOR,Ya,BAN-PT tabel #akreditasi,7/29/2025,desain interior
Institut Teknologi Bandung,desain komunikasi visual,S1,PTN,,2025,s1desainkomunikasivisual@institutteknologibandung.ac.id,Unggul,2027-09-20,,DESAIN KOMUNIKASI VISUAL,Ya,BAN-PT tabel #akreditasi,5/21/2024,desain komunikasi visual
Institut Teknologi Bandung,desain produk,S1,PTN,,2025,s1desainproduk@institutteknologibandung.ac.id,Unggul,2026-06-03,,DESAIN PRODUK,Ya,BAN-PT tabel #akreditasi,4/20/2022,desain produk
Institut Teknologi Bandung,desain,S2,PTN,,2025,s2desain@institutteknologibandung.ac.id,Unggul,2027-06-07,,DESAIN,Ya,BAN-PT tabel #akreditasi,7/15/2024,desain
Institut Teknologi Bandung,ilmu seni rupa dan desain,S3,PTN,,2025,s3ilmusenirupadandesain@institutteknologibandung.ac.id,B,2030-04-14,,ILMU SENI RUPA DAN DESAIN,Ya,BAN-PT tabel #akreditasi,4/14/2025,ilmu seni rupa dan desain
Institut Teknologi Bandung,pengelolaan sumberdaya air,S2,PTN,9749/SK/BAN-PT/AK-ISK/M/VII/2021,2021,s2pengelolaansumberdayaair@institutteknologibandung.ac.id,Unggul,2026-07-22,Masih Berlaku,Pengelolaan Sumberdaya Air,Ya,BAN-PT tabel #akreditasi,7/27/2021,pengelolaan sumberdaya air
Institut Teknologi Bandung,perencanaan wilayah dan kota kampus cirebon,S1,PTN,7177/SK/BAN-PT/Ak.P/2.0/S1/IX/2025,2025,s1perencanaanwilayahdankotakampuscirebon@institutteknologibandung.ac.id,Terakreditasi Sementara,2030-09-09,Masih Berlaku,Perencanaan Wilayah Dan Kota (Kampus Cirebon),Ya,BAN-PT tabel #akreditasi,9/9/2025,perencanaan wilayah dan kota kampus cirebon
Institut Teknologi Bandung,perencanaan wilayah dan kota,S1,PTN,,2025,s1perencanaanwilayahdankota@institutteknologibandung.ac.id,Unggul,2029-06-26,,PERENCANAAN WILAYAH DAN KOTA,Ya,BAN-PT tabel #akreditasi,6/11/2024,perencanaan wilayah dan kota
Institut Teknologi Bandung,perencanaan wilayah dan kota,S2,PTN,,2025,s2perencanaanwilayahdankota@institutteknologibandung.ac.id,Unggul,2029-06-26,,PERENCANAAN WILAYAH DAN KOTA,Ya,BAN-PT tabel #akreditasi,6/11/2024,perencanaan wilayah dan kota
Institut Teknologi Bandung,perencanaan wilayah dan kota,S3,PTN,,2025,s3perencanaanwilayahdankota@institutteknologibandung.ac.id,Unggul,2029-06-26,,PERENCANAAN WILAYAH DAN KOTA,Ya,BAN-PT tabel #akreditasi,6/11/2024,perencanaan wilayah dan kota
Institut Teknologi Bandung,arsitek,Profesi,,,,,Terakreditasi Sementara,2030-09-16,,Profesi Arsitek,Ya,BAN-PT tabel #akreditasi,9/16/2025,arsitek
Institut Teknologi Bandung,rancang kota,S2,PTN,,2025,s2rancangkota@institutteknologibandung.ac.id,Unggul,2027-08-23,,RANCANG KOTA,Ya,BAN-PT tabel #akreditasi,8/9/2022,rancang kota
Institut Teknologi Bandung,teknik dan pengelolaan sumber daya air,S1,,,,,Unggul,2026-12-22,,Teknik dan Pengelolaan Sumber Daya Air,Ya,BAN-PT tabel #akreditasi,12/22/2021,teknik dan pengelolaan sumber daya air
Institut Teknologi Batam,desain komunikasi visual,S1,17,,2025,s1desainkomunikasivisual@institutteknologibatam.ac.id,Baik,2027-03-10,,DESAIN KOMUNIKASI VISUAL,Ya,BAN-PT tabel #akreditasi,3/3/2026,desain komunikasi visual
Institut Teknologi Budi Utomo,arsitektur,S1,3,2913/SK/BAN-PT/Ak/S/VII/2023,2023,s1arsitektur@institutteknologibudiutomo.ac.id,Baik,2028-07-25,Masih Berlaku,Arsitektur,Ya,BAN-PT tabel #akreditasi,7/25/2023,arsitektur
Institut Teknologi Calvin,arsitektur,S1,3,11875/SK/BAN-PT/Akred/S/X/2021,2021,s1arsitektur@institutteknologicalvin.ac.id,Baik,2026-10-26,Masih Berlaku,Arsitektur,Ya,BAN-PT tabel #akreditasi,10/26/2021,arsitektur
Institut Teknologi Dan Bisnis Ahmad Dahlan Lamongan,arsitektur,S1,7,339/SK/BAN-PT/Ak/S/II/2024,2024,s1arsitektur@institutteknologidanbisnisahmaddahlanlamongan.ac.id,Baik,2029-02-06,Masih Berlaku,Arsitektur,Ya,BAN-PT tabel #akreditasi,2/6/2024,arsitektur
Institut Teknologi Dan Bisnis Ahmad Dahlan,arsitektur,S1,3,3533/SK/BAN-PT/Ak/S/IX/2023,2023,s1arsitektur@institutteknologidanbisnisahmaddahlan.ac.id,Baik,2028-09-05,Masih Berlaku,Arsitektur,Ya,BAN-PT tabel #akreditasi,9/5/2023,arsitektur
Institut Teknologi Dan Bisnis Ahmad Dahlan,desain komunikasi visual,S1,3,1500/SK/BAN-PT/Akred/S/III/2021,2021,s1desainkomunikasivisual@institutteknologidanbisnisahmaddahlan.ac.id,Baik,9999-01-01,96 hari lagi kedaluwarsa,Desain Komunikasi Visual,Ya,BAN-PT tabel #akreditasi,3/9/2026,desain komunikasi visual
Institut Teknologi Dan Bisnis Asia Malang,desain komunikasi visual,S1,7,5201/SK/BAN-PT/Ak.Ppj/S/VII/2024,2024,s1desainkomunikasivisual@institutteknologidanbisnisasiamalang.ac.id,B,2029-08-08,Masih Berlaku,Desain Komunikasi Visual,Ya,BAN-PT tabel #akreditasi,7/30/2024,desain komunikasi visual
Institut Teknologi Dan Bisnis Kalbis,desain komunikasi visual,S1,3,592/SK/BAN-PT/Ak/S/II/2024,2024,s1desainkomunikasivisual@institutteknologidanbisniskalbis.ac.id,Baik Sekali,2029-02-27,Masih Berlaku,Desain Komunikasi Visual,Ya,BAN-PT tabel #akreditasi,2/27/2024,desain komunikasi visual
Institut Teknologi Dan Bisnis Karya Pembangunan Papua,perencanaan wilayah dan kota,S1,14,4052/SK/BAN-PT/Ak/S/V/2024,2024,s1perencanaanwilayahdankota@institutteknologidanbisniskaryapembangunanpapua.ac.id,Baik,2029-05-07,Masih Berlaku,Perencanaan Wilayah Dan Kota,Ya,BAN-PT tabel #akreditasi,5/7/2024,perencanaan wilayah dan kota
Institut Teknologi Dan Bisnis Kristen Bukit Pengharapan,desain komunikasi visual,D4,6,913/SK/BAN-PT/Ak/S/III/2024,2024,s1desainkomunikasivisual@institutteknologidanbisniskristenbukitpengharapan.ac.id,Baik,2029-03-19,Masih Berlaku,Desain Komunikasi Visual,Ya,BAN-PT tabel #akreditasi,3/19/2024,desain komunikasi visual
Institut Teknologi dan Bisnis Maritim Balik Diwa,pemanfaatan sumberdaya perairan,S1,9,,2024,s1pemanfaatansumberdayaperairan@institutteknologidanbisnismaritimbalikdiwa.ac.id,B,2030-12-14,,PEMANFAATAN SUMBERDAYA PERAIRAN,Ya,BAN-PT tabel #akreditasi,1/6/2026,pemanfaatan sumberdaya perairan
Institut Teknologi Dan Bisnis Palcomtech,desain komunikasi visual,D3,2,687/SK/BAN-PT/Ak/D3/III/2024,2024,diiidesainkomunikasivisual@institutteknologidanbisnispalcomtech.ac.id,Baik Sekali,2029-03-05,Masih Berlaku,Desain Komunikasi Visual,Ya,BAN-PT tabel #akreditasi,3/5/2024,desain komunikasi visual
Institut Teknologi Dan Bisnis Stikom Ambon,desain komunikasi visual,S1,12,4020/SK/BAN-PT/PB-PS/S/VII/2022,2022,s1desainkomunikasivisual@institutteknologidanbisnisstikomambon.ac.id,Baik,2027-03-21,Masih Berlaku,Desain Komunikasi Visual,Ya,BAN-PT tabel #akreditasi,7/3/2022,desain komunikasi visual
Institut Teknologi Dan Bisnis Stikom Ambon,perencanaan wilayah dan kota,S1,12,4073/SK/BAN-PT/PB-PS/S/VII/2022,2022,s1perencanaanwilayahdankota@institutteknologidanbisnisstikomambon.ac.id,Baik,2027-05-24,Masih Berlaku,Perencanaan Wilayah Dan Kota,Ya,BAN-PT tabel #akreditasi,7/3/2022,perencanaan wilayah dan kota
Institut Teknologi Dan Bisnis Tuban,desain komunikasi visual,S1,7,8042/SK/BAN-PT/Ak/S/X/2025,2025,s1desainkomunikasivisual@institutteknologidanbisnistuban.ac.id,Baik,2030-10-22,Masih Berlaku,Desain Komunikasi Visual,Ya,BAN-PT tabel #akreditasi,10/22/2025,desain komunikasi visual
Institut Teknologi Dan Sains Nahdlatul Ulama Pasuruan,desain komunikasi visual,S1,7,1179/SK/BAN-PT/Akred/S/III/2021,2021,s1desainkomunikasivisual@institutteknologidansainsnahdlatululamapasuruan.ac.id,Baik,2026-03-02,82 hari lagi kedaluwarsa,Desain Komunikasi Visual,Tidak,BAN-PT tabel #akreditasi,3/2/2021,desain komunikasi visual
Institut Teknologi Garut,arsitektur,S1,4,10720/SK/BAN-PT/PB-PS/S/IX/2021,2021,s1arsitektur@institutteknologigarut.ac.id,Baik,2026-07-01,Masih Berlaku,Arsitektur,Ya,BAN-PT tabel #akreditasi,9/7/2021,arsitektur
Institut Teknologi Harapan Bangsa,desain komunikasi visual,S1,4,10075/SK/BAN-PT/Ak/S/XI/2022,2022,s1desainkomunikasivisual@institutteknologiharapanbangsa.ac.id,Baik Sekali,2027-11-30,Masih Berlaku,Desain Komunikasi Visual,Ya,BAN-PT tabel #akreditasi,11/30/2022,desain komunikasi visual
Institut Teknologi Harapan Bangsa,desain produk,S1,4,657/SK/BAN-PT/Akred/S/II/2021,2021,s1desainproduk@institutteknologiharapanbangsa.ac.id,Baik,2026-02-02,54 hari lagi kedaluwarsa,DESAIN PRODUK,Tidak,BAN-PT tabel #akreditasi,2/2/2021,desain produk
Institut Teknologi Indonesia,arsitektur,S1,3,4295/SK/BAN-PT/Ak.KP/S/V/2024,2024,s1arsitektur@institutteknologiindonesia.ac.id,Baik Sekali,2026-10-21,Masih Berlaku,Arsitektur,Ya,BAN-PT tabel #akreditasi,5/21/2024,arsitektur
Institut Teknologi Indonesia,perencanaan wilayah dan kota,S1,3,,2025,s1perencanaanwilayahdankota@institutteknologiindonesia.ac.id,Baik Sekali,2028-10-31,,PERENCANAAN WILAYAH DAN KOTA,Ya,BAN-PT tabel #akreditasi,10/31/2023,perencanaan wilayah dan kota
Institut Teknologi Kalimantan,arsitektur,S1,PTN,5909/SK/BAN-PT/Ak/S/IX/2022,2022,s1arsitektur@institutteknologikalimantan.ac.id,Baik,2027-09-06,Masih Berlaku,Arsitektur,Ya,BAN-PT tabel #akreditasi,9/6/2022,arsitektur
Institut Teknologi Kalimantan,desain komunikasi visual,S1,PTN,,2025,s1desainkomunikasivisual@institutteknologikalimantan.ac.id,Baik,2029-10-08,,DESAIN KOMUNIKASI VISUAL,Ya,BAN-PT tabel #akreditasi,10/8/2024,desain komunikasi visual
Institut Teknologi Kalimantan,perencanaan wilayah dan kota,S1,PTN,,2025,s1perencanaanwilayahdankota@institutteknologikalimantan.ac.id,B,2028-04-04,,PERENCANAAN WILAYAH DAN KOTA,Ya,BAN-PT tabel #akreditasi,10/24/2023,perencanaan wilayah dan kota
Institut Teknologi Minaesa,arsitektur,S1,16,8714/SK/BAN-PT/Ak-PPJ/S/VI/2021,2021,s1arsitektur@institutteknologiminaesa.ac.id,B,2026-06-11,Masih Berlaku,Arsitektur,Ya,BAN-PT tabel #akreditasi,6/15/2021,arsitektur
Institut Teknologi Nasional Bandung,arsitektur,S1,4,1752/SK/BAN-PT/Ak.Ppj/S/V/2023,2023,s1arsitektur@institutteknologinasionalbandung.ac.id,Unggul,2031-01-13,Masih Berlaku,Arsitektur,Ya,BAN-PT tabel #akreditasi,1/13/2026,arsitektur
Institut Teknologi Nasional Bandung,desain interior,S1,4,,2025,s1desaininterior@institutteknologinasionalbandung.ac.id,Unggul,2028-05-09,,DESAIN INTERIOR,Ya,BAN-PT tabel #akreditasi,11/12/2024,desain interior
Institut Teknologi Nasional Bandung,desain komunikasi visual,S1,4,4977/SK/BAN-PT/Ak.Ppj/S/XI/2023,2023,s1desainkomunikasivisual@institutteknologinasionalbandung.ac.id,A,2028-10-16,Masih Berlaku,Desain Komunikasi Visual,Ya,BAN-PT tabel #akreditasi,11/28/2023,desain komunikasi visual
Institut Teknologi Nasional Bandung,desain produk,S1,,,2025,,Unggul,2026-11-11,,DESAIN PRODUK,Ya,BAN-PT tabel #akreditasi,2/10/2026,desain produk
Institut Teknologi Nasional Bandung,perencanaan wilayah dan kota,S1,4,,2025,s1perencanaanwilayahdankota@institutteknologinasionalbandung.ac.id,Baik Sekali,2031-02-24,,PERENCANAAN WILAYAH DAN KOTA,Ya,BAN-PT tabel #akreditasi,2/24/2026,perencanaan wilayah dan kota
Institut Teknologi Nasional Malang,arsitektur,S1,7,5484/SK/BAN-PT/Ak.KP/S/VIII/2024,2024,s1arsitektur@institutteknologinasionalmalang.ac.id,Baik Sekali,2028-05-31,Masih Berlaku,Arsitektur,Ya,BAN-PT tabel #akreditasi,8/19/2024,arsitektur
Institut Teknologi Nasional Malang,perencanaan wilayah dan kota,S1,7,,2025,s1perencanaanwilayahdankota@institutteknologinasionalmalang.ac.id,Unggul,2029-07-17,,PERENCANAAN WILAYAH DAN KOTA,Ya,BAN-PT tabel #akreditasi,5/14/2025,perencanaan wilayah dan kota
Institut Teknologi Nasional Yogyakarta,perencanaan wilayah dan kota,S1,5,,2025,s1perencanaanwilayahdankota@institutteknologinasionalyogyakarta.ac.id,B,2030-04-02,,PERENCANAAN WILAYAH DAN KOTA,Ya,BAN-PT tabel #akreditasi,5/6/2025,perencanaan wilayah dan kota
Institut Teknologi Sains Bandung,desain produk,S1,4,,2025,s1desainproduk@institutteknologisainsbandung.ac.id,Baik Sekali,2030-09-10,,DESAIN PRODUK,Ya,BAN-PT tabel #akreditasi,9/10/2025,desain produk
Institut Teknologi Sains Bandung,perencanaan wilayah dan kota,S1,4,,2025,s1perencanaanwilayahdankota@institutteknologisainsbandung.ac.id,Baik,2028-07-25,,PERENCANAAN WILAYAH DAN KOTA,Ya,BAN-PT tabel #akreditasi,12/21/2023,perencanaan wilayah dan kota
Institut Teknologi Sepuluh Nopember,arsitektur,S1,PTN,2626/SK/BAN-PT/Ak.Ppj/M/VII/2023,2023,s2arsitektur@institutteknologisepuluhnopember.ac.id,A,2026-11-25,Masih Berlaku,Arsitektur,Ya,BAN-PT tabel #akreditasi,12/7/2021,arsitektur
Institut Teknologi Sepuluh Nopember,desain interior,S1,PTN,,2025,s1desaininterior@institutteknologisepuluhnopember.ac.id,A,2030-09-23,,DESAIN INTERIOR,Ya,BAN-PT tabel #akreditasi,10/1/2025,desain interior
Institut Teknologi Sepuluh Nopember,desain interior,S2,PTN,,2025,s2desaininterior@institutteknologisepuluhnopember.ac.id,A,2030-09-23,,DESAIN INTERIOR,Ya,BAN-PT tabel #akreditasi,10/1/2025,desain interior
Institut Teknologi Sepuluh Nopember,desain komunikasi visual,S1,PTN,,2025,s1desainkomunikasivisual@institutteknologisepuluhnopember.ac.id,Baik,2026-08-31,,DESAIN KOMUNIKASI VISUAL,Ya,BAN-PT tabel #akreditasi,8/31/2021,desain komunikasi visual
Institut Teknologi Sepuluh Nopember,desain produk,S1,PTN,,2025,s1desainproduk@institutteknologisepuluhnopember.ac.id,A,2026-09-03,,DESAIN PRODUK,Ya,BAN-PT tabel #akreditasi,1/18/2022,desain produk
Institut Teknologi Sepuluh Nopember,ilmu arsitektur,S3,PTN,,,s3ilmuarsitektur@institutteknologisepuluhnopember.ac.id,Unggul,2031-01-13,,Ilmu Arsitektur,Ya,BAN-PT tabel #akreditasi,1/13/2026,ilmu arsitektur
Institut Teknologi Sepuluh Nopember,pendidikan arsitek,Profesi,,,,,Baik,2026-09-20,,Pendidikan Profesi Arsitek,Tidak,BAN-PT tabel #akreditasi,7/3/2022,pendidikan arsitek
Institut Teknologi Sepuluh Nopember,perencanaan wilayah dan kota,S1,,,2025,,Unggul,2030-11-02,,PERENCANAAN WILAYAH DAN KOTA,Ya,BAN-PT tabel #akreditasi,2/3/2026,perencanaan wilayah dan kota
Institut Teknologi Sepuluh Nopember,perencanaan wilayah dan kota,S2,PTN,,2025,s2perencanaanwilayahdankota@institutteknologisepuluhnopember.ac.id,Unggul,2030-11-02,,PERENCANAAN WILAYAH DAN KOTA,Ya,BAN-PT tabel #akreditasi,2/3/2026,perencanaan wilayah dan kota
Institut Teknologi Sumatera,arsitektur lanskap,S1,PTN,,2025,s1arsitekturlanskap@institutteknologisumatera.ac.id,Baik,2026-05-18,,ARSITEKTUR LANSKAP,Ya,BAN-PT tabel #akreditasi,5/18/2021,arsitektur lanskap
Institut Teknologi Sumatera,arsitektur,S1,PTN,6059/SK/BAN-PT/Ak/S/X/2024,2024,s1arsitektur@institutteknologisumatera.ac.id,Baik Sekali,2029-10-03,159 hari lagi kedaluwarsa,Arsitektur,Ya,BAN-PT tabel #akreditasi,10/3/2024,arsitektur
Institut Teknologi Sumatera,desain komunikasi visual,S1,PTN,,2025,s1desainkomunikasivisual@institutteknologisumatera.ac.id,Baik,2026-05-05,,DESAIN KOMUNIKASI VISUAL,Ya,BAN-PT tabel #akreditasi,5/5/2021,desain komunikasi visual
Institut Teknologi Sumatera,perencanaan wilayah dan kota,S1,PTN,,2025,s1perencanaanwilayahdankota@institutteknologisumatera.ac.id,Baik Sekali,2029-05-29,,PERENCANAAN WILAYAH DAN KOTA,Ya,BAN-PT tabel #akreditasi,5/14/2025,perencanaan wilayah dan kota
Institut Teknologi Sumatera,sains lingkungan kelautan,S1,,,,,Baik,2026-12-15,,Sains Lingkungan Kelautan,Ya,BAN-PT tabel #akreditasi,12/15/2021,sains lingkungan kelautan
Institut Teknologi Telkom Purwokerto,desain komunikasi visual,D4,6,10875/SK/BAN-PT/Akred/S/IX/2021,2021,s1desainkomunikasivisual@institutteknologitelkompurwokerto.ac.id,Baik,2026-09-14,Masih Berlaku,Desain Komunikasi Visual,Ya,BAN-PT tabel #akreditasi,9/14/2021,desain komunikasi visual
Institut Teknologi Telkom Purwokerto,desain produk,S1,6,,,s1desainproduk@institutteknologitelkompurwokerto.ac.id,Baik,2029-03-05,,DESAIN PRODUK,Ya,BAN-PT tabel #akreditasi,3/5/2024,desain produk
Institut Teknologi Yogyakarta,ilmu lingkungan,S2,5,,2025,s2ilmulingkungan@institutteknologiyogyakarta.ac.id,Baik,2029-07-10,,ILMU LINGKUNGAN,Ya,BAN-PT tabel #akreditasi,6/25/2024,ilmu lingkungan
Universitas Negeri Gorontalo,kependudukan dan lingkungan hidup,S2,PTN,9544/SK/BAN-PT/Ak-PPJ/M/XI/2022,2022,,B,2026-10-07,,Kependudukan Dan Lingkungan Hidup,Ya,BAN-PT tabel #akreditasi,11/15/2022,kependudukan dan lingkungan hidup
Universitas Negeri Jakarta,pendidikan kependudukan dan lingkungan hidup,S3,PTN,471/SK/LAMDIK/Ak/D/X/2022,2022,,C,2005-12-30,Masih Berlaku,Pendidikan Kependudukan Dan Lingkungan Hidup,Tidak,BAN-PT tabel #akreditasi,12/30/2000,pendidikan kependudukan dan lingkungan hidup
Politeknik Ahli Usaha Perikanan,teknologi pengelolaan sumberdaya perairan,D4,PTKL,1200/SK/BAN-PT/Akred/ST/III/2021,2021,divteknologipengelolaansumberdayaperairan@politeknikahliusahaperikanan.ac.id,Unggul,2031-03-17,82 hari lagi kedaluwarsa,Teknologi Pengelolaan Sumberdaya Perairan,Ya,BAN-PT tabel #akreditasi,3/17/2026,teknologi pengelolaan sumberdaya perairan
Politeknik Ahli Usaha Perikanan,teknologi pengelolaan sumberdaya perairan,D4,,,2025,,Unggul,2031-03-17,,TEKNOLOGI PENGELOLAAN SUMBERDAYA PERAIRAN,Ya,BAN-PT tabel #akreditasi,3/17/2026,teknologi pengelolaan sumberdaya perairan
Politeknik Bali Maha Werdhi,desain komunikasi visual,D3,8,208/SK/BAN-PT/Ak.P/D3/I/2024,2024,diiidesainkomunikasivisual@politeknikbalimahawerdhi.ac.id,Baik,2026-01-23,44 hari lagi kedaluwarsa,Desain Komunikasi Visual,Tidak,BAN-PT tabel #akreditasi,1/23/2024,desain komunikasi visual
Politeknik Bina Madani,desain media,D4,4,4407/SK/BAN-PT/Ak/STr/X/2023,2023,divdesainmedia@politeknikbinamadani.ac.id,Baik,2028-10-31,Masih Berlaku,Desain Media,Ya,BAN-PT tabel #akreditasi,10/31/2023,desain media
Politeknik Dewantara ,arsitektur bangunan gedung,D4,9,,2025,d4arsitekturbangunangedung@politeknikdewantara.ac.id,Terakreditasi Sementara,2030-08-25,,ARSITEKTUR BANGUNAN GEDUNG,Ya,BAN-PT tabel #akreditasi,8/25/2025,arsitektur bangunan gedung
Politeknik Harapan Bersama,desain komunikasi visual,D3,6,5327/SK/BAN-PT/Ak/D3/VIII/2022,2022,diiidesainkomunikasivisual@politeknikharapanbersama.ac.id,Baik,2027-08-09,Masih Berlaku,Desain Komunikasi Visual,Ya,BAN-PT tabel #akreditasi,8/9/2022,desain komunikasi visual
Politeknik Industri Furnitur Dan Pengolahan Kayu,desain furnitur,D3,PTKL,358/SK/BAN-PT/Akred/Dipl-III/I/2021,2021,diiidesainfurnitur@politeknikindustrifurniturdanpengolahankayu.ac.id,Baik,2030-12-16,13 hari lagi kedaluwarsa,Desain Furnitur,Ya,BAN-PT tabel #akreditasi,12/16/2025,desain furnitur
Politeknik Kreatif Indonesia,desain mode,D4,3,6733/SK/BAN-PT/Ak/STr/VI/2025,2025,divdesainmode@politeknikkreatifindonesia.ac.id,Baik,2030-06-04,Masih Berlaku,Desain Mode,Ya,BAN-PT tabel #akreditasi,6/4/2025,desain mode
Politeknik Muhammadiyah Tegal,desain produk,D3,6,8752/SK/BAN-PT/Akred/Dipl-III/VI/2021,2021,diiidesainproduk@politeknikmuhammadiyahtegal.ac.id,Baik,2026-06-15,Masih Berlaku,Desain Produk,Ya,BAN-PT tabel #akreditasi,6/15/2021,desain produk
Politeknik Negeri Ambon,manajemen sumberdaya perairan k banda naira,D4,PTN,9080/SK/BAN-PT/Ak/STr/XI/2022,2022,divmanajemensumberdayaperairankbandanaira@politekniknegeriambon.ac.id,Baik,2027-11-08,Masih Berlaku,"Manajemen Sumberdaya Perairan, K. Banda Naira",Ya,BAN-PT tabel #akreditasi,11/8/2022,manajemen sumberdaya perairan k banda naira
Politeknik Negeri Jakarta,desain grafis,D4,PTN,898/SK/BAN-PT/Ak/STr/III/2024,2024,divdesaingrafis@politekniknegerijakarta.ac.id,Baik,2029-03-19,Masih Berlaku,Desain Grafis,Ya,BAN-PT tabel #akreditasi,3/19/2024,desain grafis
Politeknik Negeri Lampung,teknik sumberdaya lahan dan lingkungan,D3,PTN,0344/SK/LAM Teknik/VD3/VIII/2024,2024,diiitekniksumberdayalahandanlingkungan@politekniknegerilampung.ac.id,Baik Sekali,2029-08-20,Masih Berlaku,Teknik Sumberdaya Lahan Dan Lingkungan,Ya,BAN-PT tabel #akreditasi,8/21/2024,teknik sumberdaya lahan dan lingkungan
Politeknik Negeri Lampung,teknik sumberdaya lahan dan lingkungan,D3,,,2025,,Baik Sekali,2029-08-20,,TEKNIK SUMBERDAYA LAHAN DAN LINGKUNGAN,Ya,BAN-PT tabel #akreditasi,8/21/2024,teknik sumberdaya lahan dan lingkungan
Politeknik Negeri Media Kreatif,desain grafis kampus kota medan,D3,,,,,Baik,2031-03-31,,DESAIN GRAFIS (KAMPUS KOTA MEDAN),Ya,BAN-PT tabel #akreditasi,3/31/2026,desain grafis kampus kota medan
Politeknik Negeri Media Kreatif,desain grafis kampus makassar,D3,PTN,8915/SK/BAN-PT/Akred/Dipl-III/VI/2021,2021,diiidesaingrafiskampusmakassar@politekniknegerimediakreatif.ac.id,Baik,2026-06-22,Masih Berlaku,Desain Grafis (Kampus Makassar),Ya,BAN-PT tabel #akreditasi,6/22/2021,desain grafis kampus makassar
Politeknik Negeri Media Kreatif,desain grafis,D3,PTN,14023/SK/BAN-PT/Ak-PPJ/Dipl-III/XII/2021,2021,diiidesaingrafis@politekniknegerimediakreatif.ac.id,B,2027-01-11,Masih Berlaku,Desain Grafis,Ya,BAN-PT tabel #akreditasi,12/29/2021,desain grafis
Politeknik Negeri Media Kreatif,desain mode,D4,PTN,5471/SK/BAN-PT/Ak/STr/VIII/2022,2022,divdesainmode@politekniknegerimediakreatif.ac.id,Baik,2027-08-16,Masih Berlaku,Desain Mode,Ya,BAN-PT tabel #akreditasi,8/16/2022,desain mode
Politeknik Negeri Pontianak,arsitektur bangunan gedung,D4,PTN,3038/SK/BAN-PT/Akred/ST/V/2021,2021,divarsitekturbangunangedung@politekniknegeripontianak.ac.id,Baik,2026-05-18,159 hari lagi kedaluwarsa,Arsitektur Bangunan Gedung,Ya,BAN-PT tabel #akreditasi,5/18/2021,arsitektur bangunan gedung
Politeknik Negeri Pontianak,arsitektur bangunan gedung,D4,,,2025,,Baik,2026-05-18,,ARSITEKTUR BANGUNAN GEDUNG,Ya,BAN-PT tabel #akreditasi,5/18/2021,arsitektur bangunan gedung
Politeknik Negeri Pontianak,arsitektur,D3,PTN,7796/SK/BAN-PT/Ak.S/D3/X/2025,2025,diiiarsitektur@politekniknegeripontianak.ac.id,B,9999-01-01,Masih Berlaku,Arsitektur,Ya,BAN-PT tabel #akreditasi,10/1/2025,arsitektur
Politeknik Negeri Pontianak,desain kawasan binaan,D4,PTN,2878/SK/BAN-PT/Akred/ST/V/2021,2021,divdesainkawasanbinaan@politekniknegeripontianak.ac.id,Baik,2026-05-11,152 hari lagi kedaluwarsa,Desain Kawasan Binaan,Ya,BAN-PT tabel #akreditasi,5/11/2021,desain kawasan binaan
Politeknik Negeri Pontianak,desain kawasan binaan,D4,,,2025,,Baik,2026-05-11,,DESAIN KAWASAN BINAAN,Ya,BAN-PT tabel #akreditasi,5/11/2021,desain kawasan binaan
Politeknik Negeri Samarinda,arsitektur bangunan gedung,D4,PTN,6028/SK/BAN-PT/Ak/STr/IX/2024,2024,divarsitekturbangunangedung@politekniknegerisamarinda.ac.id,Baik,2029-09-24,Masih Berlaku,Arsitektur Bangunan Gedung,Ya,BAN-PT tabel #akreditasi,9/24/2024,arsitektur bangunan gedung
Politeknik Negeri Samarinda,arsitektur,D3,PTN,5306/SK/BAN-PT/PEPA-Ppj/D3/XII/2023,2023,diiiarsitektur@politekniknegerisamarinda.ac.id,Baik,2028-12-07,Masih Berlaku,Arsitektur,Ya,BAN-PT tabel #akreditasi,12/21/2023,arsitektur
Politeknik Negeri Samarinda,desain produk kayu dan serat,D4,PTN,5626/SK/BAN-PT/Ak/STr/VIII/2024,2024,divdesainprodukkayudanserat@politekniknegerisamarinda.ac.id,Baik,2029-08-27,Masih Berlaku,Desain Produk Kayu Dan Serat,Ya,BAN-PT tabel #akreditasi,8/27/2024,desain produk kayu dan serat
Politeknik Negeri Samarinda,desain produk,D1,,,,,B,2025-04-07,,DESAIN PRODUK,Tidak,BAN-PT tabel #akreditasi,4/8/2020,desain produk
Politeknik Negeri Samarinda,desain produk,D3,,,,,B,2025-04-07,,DESAIN PRODUK,Tidak,BAN-PT tabel #akreditasi,4/8/2020,desain produk
Politeknik Negeri Sriwijaya,arsitektur bangunan gedung,D4,PTN,141/SK/BAN-PT/Ak.P/STr/I/2025,2025,divarsitekturbangunangedung@politekniknegerisriwijaya.ac.id,Terakreditasi Sementara,2030-01-21,Masih Berlaku,Arsitektur Bangunan Gedung,Ya,BAN-PT tabel #akreditasi,1/21/2025,arsitektur bangunan gedung
Politeknik Palcomtech,desain komunikasi visual,D3,,,,,Baik Sekali,2022-12-27,,DESAIN KOMUNIKASI VISUAL,Tidak,BAN-PT tabel #akreditasi,8/9/2022,desain komunikasi visual
Politeknik Pertanian Negeri Samarinda,pengelolaan lingkungan,D3,PTN,13352/SK/BAN-PT/Akred/Dipl-III/XII/2021,2021,diiipengelolaanlingkungan@politeknikpertaniannegerisamarinda.ac.id,Baik,2026-12-15,Masih Berlaku,Pengelolaan Lingkungan,Ya,BAN-PT tabel #akreditasi,12/15/2021,pengelolaan lingkungan
Politeknik Sains Seni Rekakreasi,desain komunikasi visual,D3,4,9918/SK/BAN-PT/Ak/D3/XI/2022,2022,diiidesainkomunikasivisual@politekniksainssenirekakreasi.ac.id,Baik,2027-11-29,Masih Berlaku,Desain Komunikasi Visual,Ya,BAN-PT tabel #akreditasi,11/29/2022,desain komunikasi visual
Politeknik Seni Yogyakarta,desain komunikasi visual,D3,5,7120/SK/BAN-PT/Ak.P/D3/VIII/2025,2025,diiidesainkomunikasivisual@politeknikseniyogyakarta.ac.id,Baik,2027-08-05,Masih Berlaku,Desain Komunikasi Visual,Ya,BAN-PT tabel #akreditasi,8/5/2025,desain komunikasi visual
Politeknik Tempo,desain media,D4,3,7415/SK/BAN-PT/Ak/STr/IX/2025,2025,divdesainmedia@politekniktempo.ac.id,Baik,2030-09-02,Masih Berlaku,Desain Media,Ya,BAN-PT tabel #akreditasi,9/2/2025,desain media
Sekolah Tinggi Arsitektur YKPN Yogyakarta,arsitektur,S1,5,,2025,s1arsitektur@sekolahtinggiarsitekturykpnyogyakarta.ac.id,Baik,2029-03-05,,ARSITEKTUR,Ya,BAN-PT tabel #akreditasi,3/5/2024,arsitektur
Sekolah Tinggi Arsitektur Ykpn Yogyakarta,gambar arsitektur,D3,5,6199/SK/BAN-PT/PEPA-Ppj/D3/IV/2025,2025,diiigambararsitektur@sekolahtinggiarsitekturykpnyogyakarta.ac.id,Baik,2030-04-14,Masih Berlaku,Gambar Arsitektur,Ya,BAN-PT tabel #akreditasi,4/14/2025,gambar arsitektur
Sekolah Tinggi Desain Bali,desain interior,D3,,,,,B,2024-07-09,,DESAIN INTERIOR,Tidak,BAN-PT tabel #akreditasi,7/9/2019,desain interior
Sekolah Tinggi Desain Bali,desain interior,S1,,,,,B,2024-07-09,,DESAIN INTERIOR,Tidak,BAN-PT tabel #akreditasi,7/9/2019,desain interior
Sekolah Tinggi Desain Bali,desain komunikasi visual,S1,,,,,B,2023-03-13,,DESAIN KOMUNIKASI VISUAL,Tidak,BAN-PT tabel #akreditasi,3/13/2018,desain komunikasi visual
Sekolah Tinggi Desain Indonesia Bandung,desain interior,S1,4,,2025,s1desaininterior@sekolahtinggidesainindonesiabandung.ac.id,Baik,2029-04-02,,DESAIN INTERIOR,Ya,BAN-PT tabel #akreditasi,4/2/2024,desain interior
Sekolah Tinggi Desain Indonesia Bandung,desain komunikasi visual,S1,4,,2025,s1desainkomunikasivisual@sekolahtinggidesainindonesiabandung.ac.id,Baik,2029-11-19,,DESAIN KOMUNIKASI VISUAL,Ya,BAN-PT tabel #akreditasi,11/19/2024,desain komunikasi visual
Sekolah Tinggi Desain Interstudi,desain interior,S1,3,,2025,s1desaininterior@sekolahtinggidesaininterstudi.ac.id,Baik,2026-12-28,,DESAIN INTERIOR,Ya,BAN-PT tabel #akreditasi,9/14/2022,desain interior
Sekolah Tinggi Desain Interstudi,desain komunikasi visual,S1,3,,2025,s1desainkomunikasivisual@sekolahtinggidesaininterstudi.ac.id,B,2026-11-25,,DESAIN KOMUNIKASI VISUAL,Ya,BAN-PT tabel #akreditasi,12/14/2021,desain komunikasi visual
Sekolah Tinggi Desain Interstudi,desain produk,S1,3,,2024,s1desainproduk@sekolahtinggidesaininterstudi.ac.id,B,2026-11-25,,DESAIN PRODUK,Ya,BAN-PT tabel #akreditasi,12/14/2021,desain produk
Sekolah Tinggi Desain LaSalle,desain interior,S1,3,,2025,s1desaininterior@sekolahtinggidesainlasalle.ac.id,Baik,2028-06-27,,DESAIN INTERIOR,Ya,BAN-PT tabel #akreditasi,6/27/2023,desain interior
Sekolah Tinggi Desain Lasalle,fashion desain,D4,3,4095/SK/BAN-PT/PEPA-Ppj/STr/V/2024,2024,divfashiondesain@sekolahtinggidesainlasalle.ac.id,Baik,2029-05-15,Masih Berlaku,Fashion Desain,Ya,BAN-PT tabel #akreditasi,5/14/2024,fashion desain
Sekolah Tinggi Elektronika & Komputer (STEKOM),desain grafis,S1,,,,,B,2022-09-12,,DESAIN GRAFIS,Tidak,BAN-PT tabel #akreditasi,9/12/2017,desain grafis
Sekolah Tinggi Ilmu Teknik Trisula,arsitektur,S1,2,5912/SK/BAN-PT/Ak/S/IX/2022,2022,s1arsitektur@sekolahtinggiilmutekniktrisula.ac.id,Baik,2027-09-06,Masih Berlaku,Arsitektur,Ya,BAN-PT tabel #akreditasi,9/6/2022,arsitektur
Sekolah Tinggi Media Komunikasi Trisakti,desain komunikasi visual,S1,3,6618/SK/BAN-PT/Ak.KP/S/IX/2022,2022,s1desainkomunikasivisual@sekolahtinggimediakomunikasitrisakti.ac.id,Baik,2027-07-19,Masih Berlaku,Desain Komunikasi Visual,Ya,BAN-PT tabel #akreditasi,9/28/2022,desain komunikasi visual
Sekolah Tinggi Perikanan,teknologi pengelolaan sumberdaya perairan,D4,,,,,B,2025-05-03,,TEKNOLOGI PENGELOLAAN SUMBERDAYA PERAIRAN,Tidak,BAN-PT tabel #akreditasi,5/5/2020,teknologi pengelolaan sumberdaya perairan
Sekolah Tinggi Seni Rupa Dan Desain Visi Indonesia,desain komunikasi visual,D3,5,442/SK/BAN-PT/Ak-PPJ/Dipl-III/I/2022,2022,diiidesainkomunikasivisual@sekolahtinggisenirupadandesainvisiindonesia.ac.id,B,2027-08-02,Masih Berlaku,Desain Komunikasi Visual,Ya,BAN-PT tabel #akreditasi,11/28/2023,desain komunikasi visual
Sekolah Tinggi Seni Rupa Dan Desain Visi Indonesia,desain komunikasi visual,S1,5,,2025,s1desainkomunikasivisual@sekolahtinggisenirupadandesainvisiindonesia.ac.id,B,2027-08-02,,DESAIN KOMUNIKASI VISUAL,Ya,BAN-PT tabel #akreditasi,11/28/2023,desain komunikasi visual
Sekolah Tinggi Teknik Lingkungan,ilmu lingkungan,S2,,,,,B,2019-05-27,,ILMU LINGKUNGAN,Tidak,BAN-PT tabel #akreditasi,5/27/2014,ilmu lingkungan
Sekolah Tinggi Teknik Malang,arsitektur,S1,7,,2025,s1arsitektur@sekolahtinggiteknikmalang.ac.id,B,2020-01-09,,ARSITEKTUR,Tidak,BAN-PT tabel #akreditasi,1/9/2015,arsitektur
Sekolah Tinggi Teknik Multimedia Internasional Malang,arsitektur,S1,7,,,s1arsitektur@sekolahtinggiteknikmultimediainternasionalmalang.ac.id,Baik,2028-11-14,,ARSITEKTUR,Ya,BAN-PT tabel #akreditasi,3/26/2024,arsitektur
Sekolah Tinggi Teknik Musi,arsitektur,S1,,,,,B,2018-06-29,,ARSITEKTUR,Tidak,BAN-PT tabel #akreditasi,6/29/2013,arsitektur
Sekolah Tinggi Teknik Surabaya,desain komunikasi visual,S1,,,,,B,2023-10-09,,DESAIN KOMUNIKASI VISUAL,Tidak,BAN-PT tabel #akreditasi,10/9/2018,desain komunikasi visual
Sekolah Tinggi Teknik Surabaya,desain produk,S1,,,,,Tidak Terakreditasi,,,DESAIN PRODUK,Tidak,BAN-PT tabel #akreditasi,2/6/2020,desain produk
Sekolah Tinggi Teknologi & Desain Nahdlatul Ulama,desain produk,S1,,,,,B,2016-05-13,,DESAIN PRODUK,Tidak,BAN-PT tabel #akreditasi,5/13/2011,desain produk
Sekolah Tinggi Teknologi Bandung,desain komunikasi visual,S1,4,8311/SK/BAN-PT/Akred/S/XII/2020,2020,s1desainkomunikasivisual@sekolahtinggiteknologibandung.ac.id,Baik,2025-12-15,5 hari lagi kedaluwarsa,Desain Komunikasi Visual,Tidak,BAN-PT tabel #akreditasi,12/15/2020,desain komunikasi visual
Sekolah Tinggi Teknologi Cirebon,arsitektur,S1,4,2682/SK/BAN-PT/Ak/S/VII/2023,2023,s1arsitektur@sekolahtinggiteknologicirebon.ac.id,Baik,2028-07-11,Masih Berlaku,Arsitektur,Ya,BAN-PT tabel #akreditasi,7/11/2023,arsitektur
Sekolah Tinggi Teknologi Kelautan Balik Diwa,pemanfaatan sumberdaya perairan,S3,9,8284/SK/BAN-PT/Ak-PPJ/S/XII/2020,2020,s1pemanfaatansumberdayaperairan@sekolahtinggiteknologikelautanbalikdiwa.ac.id,C,2016-02-04,3 hari lagi kedaluwarsa,Pemanfaatan Sumberdaya Perairan,Tidak,BAN-PT tabel #akreditasi,2/4/2011,pemanfaatan sumberdaya perairan
Sekolah Tinggi Teknologi Muhammadiyah Ar Fachruddin,desain komunikasi visual,S1,7,8009/SK/BAN-PT/Ak/S/X/2025,2025,s1desainkomunikasivisual@sekolahtinggiteknologimuhammadiyaharfachruddin.ac.id,Baik,2030-10-15,Masih Berlaku,Desain Komunikasi Visual,Ya,BAN-PT tabel #akreditasi,10/15/2025,desain komunikasi visual
Sekolah Tinggi Teknologi Nasional,perencanaan wilayah dan kota,S1,,,,,B,2020-01-09,,PERENCANAAN WILAYAH DAN KOTA,Tidak,BAN-PT tabel #akreditasi,1/9/2015,perencanaan wilayah dan kota
Stiki Malang,desain komunikasi visual,S1,7,10632/SK/BAN-PT/Akred/S/IX/2021,2021,s1desainkomunikasivisual@stikimalang.ac.id,Baik Sekali,2026-09-07,Masih Berlaku,Desain Komunikasi Visual,Ya,BAN-PT tabel #akreditasi,9/7/2021,desain komunikasi visual
STKIP Pangeran Antasari,pendidikan vokasional desain fashion,S1,1,,2025,s1pendidikanvokasionaldesainfashion@stkippangeranantasari.ac.id,Baik,2026-11-03,,PENDIDIKAN VOKASIONAL DESAIN FASHION,Ya,BAN-PT tabel #akreditasi,11/3/2021,pendidikan vokasional desain fashion
Stmik Amik Bandung,desain komunikasi visual,S1,4,4629/SK/BAN-PT/Ak.P/S/VI/2024,2024,s1desainkomunikasivisual@stmikamikbandung.ac.id,Terakreditasi Sementara,2029-06-11,Masih Berlaku,Desain Komunikasi Visual,Ya,BAN-PT tabel #akreditasi,6/11/2024,desain komunikasi visual
STMIK Bumi Gora,desain komunikasi visual,S1,,,,,C,2023-11-21,,DESAIN KOMUNIKASI VISUAL,Tidak,BAN-PT tabel #akreditasi,11/21/2018,desain komunikasi visual
Universitas 17 Agustus 1945 Samarinda,arsitektur,S1,11,1141/SK/BAN-PT/Ak/S/IV/2024,2024,s1arsitektur@universitas17agustus1945samarinda.ac.id,Baik,2029-04-02,Masih Berlaku,Arsitektur,Ya,BAN-PT tabel #akreditasi,4/2/2024,arsitektur
Universitas 17 Agustus 1945 Samarinda,perencanaan wilayah dan kota,S1,11,,2025,s1perencanaanwilayahdankota@universitas17agustus1945samarinda.ac.id,Terakreditasi Sementara,2029-01-23,,PERENCANAAN WILAYAH DAN KOTA,Ya,BAN-PT tabel #akreditasi,1/23/2024,perencanaan wilayah dan kota
Universitas 17 Agustus 1945 Semarang,arsitektur,D4,6,8712/SK/BAN-PT/Ak-PPJ/S/VI/2021,2021,s1arsitektur@universitas17agustus1945semarang.ac.id,B,2026-06-11,Masih Berlaku,Arsitektur,Ya,BAN-PT tabel #akreditasi,6/15/2021,arsitektur
Universitas 17 Agustus 1945 Surabaya,arsitektur,S1,7,7908/SK/BAN-PT/PEPA-Ppj/S/X/2025,2025,s1arsitektur@universitas17agustus1945surabaya.ac.id,Baik Sekali,2030-10-07,Masih Berlaku,Arsitektur,Ya,BAN-PT tabel #akreditasi,10/7/2025,arsitektur
Universitas 45 Makassar,arsitektur,S1,,,,,B,2017-01-06,,ARSITEKTUR,Tidak,BAN-PT tabel #akreditasi,1/6/2012,arsitektur
Universitas 45 Makassar,perencanaan wilayah dan kota,S1,,,,,B,2016-12-29,,PERENCANAAN WILAYAH DAN KOTA,Tidak,BAN-PT tabel #akreditasi,12/29/2011,perencanaan wilayah dan kota
Universitas 45 Makassar,perencanaan wilayah dan kota,S2,,,,,B,2016-12-29,,PERENCANAAN WILAYAH DAN KOTA,Tidak,BAN-PT tabel #akreditasi,12/29/2011,perencanaan wilayah dan kota
Universitas Adhirajasa Reswara Sanjaya,desain komunikasi visual,S1,4,1605/SK/BAN-PT/Akred/S/III/2021,2021,s1desainkomunikasivisual@universitasadhirajasareswarasanjaya.ac.id,Baik,2026-03-23,103 hari lagi kedaluwarsa,Desain Komunikasi Visual,Tidak,BAN-PT tabel #akreditasi,3/23/2021,desain komunikasi visual
Universitas Adiwangsa Jambi,arsitektur,S1,10,3221/SK/BAN-PT/Ak/S/VIII/2023,2023,s1arsitektur@universitasadiwangsajambi.ac.id,Baik,2028-08-15,Masih Berlaku,Arsitektur,Ya,BAN-PT tabel #akreditasi,8/15/2023,arsitektur
Universitas Adzkia,desain komunikasi visual,S1,10,,2025,s1desainkomunikasivisual@universitasadzkia.ac.id,Terakreditasi Sementara,2029-10-03,,DESAIN KOMUNIKASI VISUAL,Ya,BAN-PT tabel #akreditasi,10/3/2024,desain komunikasi visual
Universitas Agung Podomoro,arsitektur,S1,3,11782/SK/BAN-PT/Akred/S/X/2021,2021,s1arsitektur@universitasagungpodomoro.ac.id,Baik Sekali,2026-10-19,Masih Berlaku,Arsitektur,Ya,BAN-PT tabel #akreditasi,10/19/2021,arsitektur
Universitas Agung Podomoro,desain produk,S1,3,,2025,s1desainproduk@universitasagungpodomoro.ac.id,Baik Sekali,2029-03-13,,DESAIN PRODUK,Ya,BAN-PT tabel #akreditasi,3/13/2024,desain produk
Universitas Agung Podomoro,perencanaan wilayah dan kota,S1,3,,2025,s1perencanaanwilayahdankota@universitasagungpodomoro.ac.id,Baik Sekali,2029-06-04,,PERENCANAAN WILAYAH DAN KOTA,Ya,BAN-PT tabel #akreditasi,6/4/2024,perencanaan wilayah dan kota
Universitas Aisyiyah Yogyakarta,arsitektur,D3,5,1214/SK/BAN-PT/Ak.Ppj/S/IV/2024,2024,s1arsitektur@universitasaisyiyahyogyakarta.ac.id,B,2029-04-10,Masih Berlaku,Arsitektur,Ya,BAN-PT tabel #akreditasi,4/2/2024,arsitektur
Universitas Al Hikmah Jepara,desain komunikasi visual,D4,6,204/SK/BAN-PT/Ak.P/S/I/2024,2024,s1desainkomunikasivisual@universitasalhikmahjepara.ac.id,Baik,2026-01-23,44 hari lagi kedaluwarsa,Desain Komunikasi Visual,Tidak,BAN-PT tabel #akreditasi,1/23/2024,desain komunikasi visual
Universitas Al Washliyah Darussalam Banda Aceh,arsitektur,S1,13,78/SK/BAN-PT/Ak.P/S/I/2025,2025,s1arsitektur@universitasalwashliyahdarussalambandaaceh.ac.id,Terakreditasi Sementara,2030-01-14,Masih Berlaku,Arsitektur,Ya,BAN-PT tabel #akreditasi,1/14/2025,arsitektur
Universitas Al-Azhar Indonesia,pengelolaan sumber daya alam,S2,3,,2025,s2pengelolaansumberdayaalam@universitasalazharindonesia.ac.id,Baik,2027-10-01,,PENGELOLAAN SUMBER DAYA ALAM,Ya,BAN-PT tabel #akreditasi,10/1/2025,pengelolaan sumber daya alam
Universitas Al-Muslim,ilmu lingkungan,S1,13,7472/SK/BAN-PT/Ak.P/S/IX/2025,2025,s1ilmulingkungan@universitasalmuslim.ac.id,Baik,2027-09-02,Masih Berlaku,Ilmu Lingkungan,Ya,BAN-PT tabel #akreditasi,9/2/2025,ilmu lingkungan
Universitas Al-Muslim,pengelolaan sumberdaya alam dan lingkungan,S2,13,6950/SK/BAN-PT/Ak.P/M/XII/2024,2024,s2pengelolaansumberdayaalamdanlingkungan@universitasalmuslim.ac.id,Baik Sekali,2030-12-16,Masih Berlaku,Pengelolaan Sumberdaya Alam Dan Lingkungan,Ya,BAN-PT tabel #akreditasi,12/16/2025,pengelolaan sumberdaya alam dan lingkungan
Universitas Almuslim,arsitektur,S1,13,,2025,s1arsitektur@universitasalmuslim.ac.id,Baik,2029-08-21,,ARSITEKTUR,Ya,BAN-PT tabel #akreditasi,8/13/2024,arsitektur
Universitas Almuslim,ilmu lingkungan,S1,,,2025,,Baik,2027-09-02,,ILMU LINGKUNGAN,Ya,BAN-PT tabel #akreditasi,9/2/2025,ilmu lingkungan
Universitas Almuslim,pengelolaan sumberdaya alam dan lingkungan,S2,,,2025,,Baik,2026-04-05,,PENGELOLAAN SUMBERDAYA ALAM DAN LINGKUNGAN,Tidak,BAN-PT tabel #akreditasi,11/8/2023,pengelolaan sumberdaya alam dan lingkungan
Universitas Amal Ilmiah Yapis Wamena,pengelolaan sumber daya lahan,S1,,,,,Baik,2027-10-11,,Pengelolaan Sumber Daya Lahan,Ya,BAN-PT tabel #akreditasi,10/11/2022,pengelolaan sumber daya lahan
Universitas Amal Ilmiah Yapis Wamena,perencanaan wilayah dan kota,S1,14,8437/SK/BAN-PT/Ak/S/X/2022,2022,s1perencanaanwilayahdankota@universitasamalilmiahyapiswamena.ac.id,Baik,2027-10-25,Masih Berlaku,Perencanaan Wilayah Dan Kota,Ya,BAN-PT tabel #akreditasi,10/25/2022,perencanaan wilayah dan kota
Universitas Amikom Yogyakarta,arsitektur,D3,5,5498/SK/BAN-PT/Ak/S/VIII/2024,2024,s1arsitektur@universitasamikomyogyakarta.ac.id,Baik Sekali,2029-08-19,Masih Berlaku,Arsitektur,Ya,BAN-PT tabel #akreditasi,8/19/2024,arsitektur
Universitas Amikom Yogyakarta,perencanaan wilayah dan kota,S1,5,,2025,s1perencanaanwilayahdankota@universitasamikomyogyakarta.ac.id,Baik,2029-06-12,,PERENCANAAN WILAYAH DAN KOTA,Ya,BAN-PT tabel #akreditasi,6/12/2024,perencanaan wilayah dan kota
Universitas Atma Jaya Yogyakarta,arsitektur,D3,5,6078/SK/BAN-PT/Ak.Ppj/S/X/2024,2024,s1arsitektur@universitasatmajayayogyakarta.ac.id,A,2030-12-31,Masih Berlaku,Arsitektur,Ya,BAN-PT tabel #akreditasi,12/23/2025,arsitektur
Universitas Atma Jaya Yogyakarta,pendidikan arsitek,Profesi,,,,,Terakreditasi Sementara,2029-09-03,,Pendidikan Profesi Arsitek,Ya,BAN-PT tabel #akreditasi,9/3/2024,pendidikan arsitek
Universitas Aufa Royhan,pendidikan vokasional desain fashion,S1,1,,2025,s1pendidikanvokasionaldesainfashion@universitasaufaroyhan.ac.id,Baik,2027-11-07,,PENDIDIKAN VOKASIONAL DESAIN FASHION,Ya,BAN-PT tabel #akreditasi,8/22/2023,pendidikan vokasional desain fashion
Universitas Awal Bros,desain komunikasi visual,S1,17,181/SK/BAN-PT/Ak.P/S/I/2024,2024,s1desainkomunikasivisual@universitasawalbros.ac.id,Baik,2026-01-23,44 hari lagi kedaluwarsa,DESAIN KOMUNIKASI VISUAL,Tidak,BAN-PT tabel #akreditasi,1/23/2024,desain komunikasi visual
Universitas Balikpapan,arsitektur,S1,11,,2025,s1arsitektur@universitasbalikpapan.ac.id,Baik,2026-06-01,,ARSITEKTUR,Ya,BAN-PT tabel #akreditasi,2/12/2022,arsitektur
Universitas Bandar Lampung,arsitektur,S1,2,4930/SK/BAN-PT/Ak.KP/S/XI/2023,2023,s1arsitektur@universitasbandarlampung.ac.id,Baik Sekali,2028-03-28,Masih Berlaku,Arsitektur,Ya,BAN-PT tabel #akreditasi,11/28/2023,arsitektur
Universitas Bangka Belitung,arsitektur,S1,PTN,4938/SK/BAN-PT/Ak/S/VII/2024,2024,s1arsitektur@universitasbangkabelitung.ac.id,Baik,2029-07-15,Masih Berlaku,Arsitektur,Ya,BAN-PT tabel #akreditasi,7/15/2024,arsitektur
Universitas Bangka Belitung,perencanaan wilayah dan kota,S1,PTN,,2025,s1perencanaanwilayahdankota@universitasbangkabelitung.ac.id,Baik,9999-01-01,,PERENCANAAN WILAYAH DAN KOTA,Ya,BAN-PT tabel #akreditasi,6/14/2025,perencanaan wilayah dan kota
Universitas Batam,perencanaan wilayah,S2,17,,2025,s2perencanaanwilayah@universitasbatam.ac.id,Baik,2027-07-20,,PERENCANAAN WILAYAH,Ya,BAN-PT tabel #akreditasi,7/20/2022,perencanaan wilayah
Universitas Bengkulu,arsitektur,S1,PTN,,2025,s1arsitektur@universitasbengkulu.ac.id,B,2029-08-07,,ARSITEKTUR,Ya,BAN-PT tabel #akreditasi,7/23/2024,arsitektur
Universitas Bengkulu,ilmu lingkungan,S1,PTN,,2025,s1ilmulingkungan@universitasbengkulu.ac.id,Terakreditasi Sementara,2029-04-16,,ILMU LINGKUNGAN,Ya,BAN-PT tabel #akreditasi,4/16/2024,ilmu lingkungan
Universitas Bengkulu,pengelolaan sumber daya alam,S2,PTN,,2025,s2pengelolaansumberdayaalam@universitasbengkulu.ac.id,Baik Sekali,2026-04-27,,PENGELOLAAN SUMBER DAYA ALAM,Ya,BAN-PT tabel #akreditasi,4/27/2021,pengelolaan sumber daya alam
Universitas Bengkulu,pengelolaan sumber daya alam,S3,PTN,,2025,s3pengelolaansumberdayaalam@universitasbengkulu.ac.id,Baik Sekali,2026-04-27,,PENGELOLAAN SUMBER DAYA ALAM,Ya,BAN-PT tabel #akreditasi,4/27/2021,pengelolaan sumber daya alam
Universitas Bengkulu,perencanaan pembangunan,S2,,,,,B,2016-09-23,,Perencanaan Pembangunan,Tidak,BAN-PT tabel #akreditasi,9/23/2011,perencanaan pembangunan
Universitas Bhinneka Nusantara,desain komunikasi visual,S1,7,,2025,s1desainkomunikasivisual@universitasbhinnekanusantara.ac.id,Baik Sekali,2026-09-07,,DESAIN KOMUNIKASI VISUAL,Ya,BAN-PT tabel #akreditasi,8/26/2025,desain komunikasi visual
Universitas Bhinneka PGRI,arsitektur,S1,7,,2025,s1arsitektur@universitasbhinnekapgri.ac.id,Baik,2026-12-01,,ARSITEKTUR,Ya,BAN-PT tabel #akreditasi,12/1/2021,arsitektur
Universitas Bina Insani,desain komunikasi visual,S1,4,,2025,s1desainkomunikasivisual@universitasbinainsani.ac.id,Terakreditasi Sementara,2030-09-23,,DESAIN KOMUNIKASI VISUAL,Ya,BAN-PT tabel #akreditasi,9/23/2025,desain komunikasi visual
Universitas Bina Mandiri Gorontalo,ilmu lingkungan,S1,,,,,Baik,2025-11-14,,ILMU LINGKUNGAN,Tidak,BAN-PT tabel #akreditasi,11/14/2023,ilmu lingkungan
Universitas Bina Nusantara,arsitektur,S1,3,2300/SK/BAN-PT/Ak-PPJ/S/IV/2021,2021,s1arsitektur@universitasbinanusantara.ac.id,Unggul,2031-04-23,133 hari lagi kedaluwarsa,Arsitektur,Ya,BAN-PT tabel #akreditasi,4/9/2026,arsitektur
Universitas Bina Nusantara,desain interior kampus kota bandung,S1,3,,2025,s1desaininteriorkampuskotabandung@universitasbinanusantara.ac.id,Baik,2026-04-27,,DESAIN INTERIOR (KAMPUS KOTA BANDUNG),Ya,BAN-PT tabel #akreditasi,4/27/2021,desain interior kampus kota bandung
Universitas Bina Nusantara,desain interior kampus kota malang,S1,3,,2025,s1desaininteriorkampuskotamalang@universitasbinanusantara.ac.id,Baik,2031-05-05,,DESAIN INTERIOR (KAMPUS KOTA MALANG),Ya,BAN-PT tabel #akreditasi,4/21/2026,desain interior kampus kota malang
Universitas Bina Nusantara,desain interior,S1,3,,2025,s1desaininterior@universitasbinanusantara.ac.id,B,2028-11-02,,DESAIN INTERIOR,Ya,BAN-PT tabel #akreditasi,11/9/2023,desain interior
Universitas Bina Nusantara,desain komunikasi visual kampus kota bandung,S1,3,2441/SK/BAN-PT/Akred/S/IV/2021,2021,s1desainkomunikasivisualkampuskotabandung@universitasbinanusantara.ac.id,Baik,2026-04-27,138 hari lagi kedaluwarsa,Desain Komunikasi Visual (Kampus Kota Bandung),Ya,BAN-PT tabel #akreditasi,4/27/2021,desain komunikasi visual kampus kota bandung
Universitas Bina Nusantara,desain komunikasi visual kampus kota malang,S1,3,3288/SK/BAN-PT/Akred/S/V/2021,2021,s1desainkomunikasivisualkampuskotamalang@universitasbinanusantara.ac.id,Baik,2026-05-25,166 hari lagi kedaluwarsa,Desain Komunikasi Visual (Kampus Kota Malang),Ya,BAN-PT tabel #akreditasi,5/25/2021,desain komunikasi visual kampus kota malang
Universitas Bina Nusantara,desain komunikasi visual kampus kota medan,S1,3,2423/SK/BAN-PT/Ak.P/S1/V/2025,2025,s1desainkomunikasivisualkampuskotamedan@universitasbinanusantara.ac.id,Terakreditasi Sementara,2030-05-14,Masih Berlaku,Desain Komunikasi Visual (Kampus Kota Medan),Ya,BAN-PT tabel #akreditasi,5/14/2025,desain komunikasi visual kampus kota medan
Universitas Bina Nusantara,desain komunikasi visual kampus kota semarang,S1,3,6274/SK/BAN-PT/Ak.P/S/IV/2025,2025,s1desainkomunikasivisualkampuskotasemarang@universitasbinanusantara.ac.id,Baik,2031-01-13,Masih Berlaku,Desain Komunikasi Visual (Kampus Kota Semarang),Ya,BAN-PT tabel #akreditasi,1/13/2026,desain komunikasi visual kampus kota semarang
Universitas Bina Nusantara,desain komunikasi visual,S1,3,,2025,s1desainkomunikasivisual@universitasbinanusantara.ac.id,Unggul,2027-03-02,,DESAIN KOMUNIKASI VISUAL,Ya,BAN-PT tabel #akreditasi,3/2/2022,desain komunikasi visual
Universitas Bina Nusantara,desain produk,S1,3,,2025,s1desainproduk@universitasbinanusantara.ac.id,B,2029-05-04,,DESAIN PRODUK,Ya,BAN-PT tabel #akreditasi,5/7/2024,desain produk
Universitas Bina Nusantara,desain,S2,3,,2025,s2desain@universitasbinanusantara.ac.id,Terakreditasi Sementara,2029-07-09,,DESAIN,Ya,BAN-PT tabel #akreditasi,7/9/2024,desain
Universitas Bina Nusantara,pendidikan arsitek,Profesi,,,,,Terakreditasi Sementara,2030-08-25,,Pendidikan Profesi Arsitek,Ya,BAN-PT tabel #akreditasi,8/25/2025,pendidikan arsitek
Universitas Bina Taruna Gorontalo,arsitektur,S1,16,7309/SK/BAN-PT/Ak.KP/S/X/2022,2022,s1arsitektur@universitasbinatarunagorontalo.ac.id,Baik,2026-06-18,Masih Berlaku,Arsitektur,Ya,BAN-PT tabel #akreditasi,10/11/2022,arsitektur
Universitas Bina Taruna Gorontalo,perencanaan wilayah,S1,16,,2025,s1perencanaanwilayah@universitasbinatarunagorontalo.ac.id,Baik,2028-03-21,,PERENCANAAN WILAYAH,Ya,BAN-PT tabel #akreditasi,3/21/2023,perencanaan wilayah
Universitas Bojonegoro,ilmu lingkungan,S1,7,,2025,s1ilmulingkungan@universitasbojonegoro.ac.id,Baik,2027-06-21,,ILMU LINGKUNGAN,Ya,BAN-PT tabel #akreditasi,6/21/2022,ilmu lingkungan
Universitas Borobudur,arsitektur,S1,3,,2025,s1arsitektur@universitasborobudur.ac.id,Baik Sekali,2031-03-10,,ARSITEKTUR,Ya,BAN-PT tabel #akreditasi,3/10/2026,arsitektur
Universitas Bosowa,arsitektur,S1,9,,2025,s1arsitektur@universitasbosowa.ac.id,B,2027-09-13,,ARSITEKTUR,Ya,BAN-PT tabel #akreditasi,2/14/2023,arsitektur
Universitas Bosowa,perencanaan wilayah dan kota,S1,9,,2025,s1perencanaanwilayahdankota@universitasbosowa.ac.id,Unggul,2027-12-13,,PERENCANAAN WILAYAH DAN KOTA,Ya,BAN-PT tabel #akreditasi,2/14/2023,perencanaan wilayah dan kota
Universitas Bosowa,perencanaan wilayah dan kota,S2,9,,2025,s2perencanaanwilayahdankota@universitasbosowa.ac.id,Unggul,2027-12-13,,PERENCANAAN WILAYAH DAN KOTA,Ya,BAN-PT tabel #akreditasi,2/14/2023,perencanaan wilayah dan kota
Universitas Bosowa,perencanaan wilayah dan kota,S3,9,,2025,s3perencanaanwilayahdankota@universitasbosowa.ac.id,Unggul,2027-12-13,,PERENCANAAN WILAYAH DAN KOTA,Ya,BAN-PT tabel #akreditasi,2/14/2023,perencanaan wilayah dan kota
Universitas Brawijaya,arsitektur lingkungan binaan,S2,PTN,,2025,s2arsitekturlingkunganbinaan@universitasbrawijaya.ac.id,Unggul,2028-03-28,,ARSITEKTUR LINGKUNGAN BINAAN,Ya,BAN-PT tabel #akreditasi,3/14/2023,arsitektur lingkungan binaan
Universitas Brawijaya,arsitektur,S1,PTN,,2025,s1arsitektur@universitasbrawijaya.ac.id,Unggul,2030-03-16,,ARSITEKTUR,Ya,BAN-PT tabel #akreditasi,3/19/2025,arsitektur
Universitas Brawijaya,desain grafis,D4,PTN,4649/SK/BAN-PT/Ak/STr/VI/2024,2024,divdesaingrafis@universitasbrawijaya.ac.id,Baik Sekali,2029-06-11,Masih Berlaku,Desain Grafis,Ya,BAN-PT tabel #akreditasi,6/11/2024,desain grafis
Universitas Brawijaya,ilmu lingkungan,S3,PTN,,2025,s3ilmulingkungan@universitasbrawijaya.ac.id,Unggul,2029-03-13,,ILMU LINGKUNGAN,Ya,BAN-PT tabel #akreditasi,3/13/2024,ilmu lingkungan
Universitas Brawijaya,pendidikan arsitek,Profesi,,,,,Baik,2030-02-11,,Pendidikan Profesi Arsitek,Ya,BAN-PT tabel #akreditasi,2/11/2025,pendidikan arsitek
Universitas Brawijaya,pengelolaan sumberdaya lingkungan dan pembangunan,S2,PTN,,2025,s2pengelolaansumberdayalingkungandanpembangunan@universitasbrawijaya.ac.id,Unggul,2027-12-28,,PENGELOLAAN SUMBERDAYA LINGKUNGAN DAN PEMBANGUNAN,Ya,BAN-PT tabel #akreditasi,12/13/2022,pengelolaan sumberdaya lingkungan dan pembangunan
Universitas Brawijaya,perencanaan wilayah dan kota,S1,PTN,,2025,s1perencanaanwilayahdankota@universitasbrawijaya.ac.id,Unggul,2030-04-02,,PERENCANAAN WILAYAH DAN KOTA,Ya,BAN-PT tabel #akreditasi,3/25/2025,perencanaan wilayah dan kota
Universitas Brawijaya,perencanaan wilayah dan kota,S2,PTN,,2025,s2perencanaanwilayahdankota@universitasbrawijaya.ac.id,Unggul,2030-04-02,,PERENCANAAN WILAYAH DAN KOTA,Ya,BAN-PT tabel #akreditasi,3/25/2025,perencanaan wilayah dan kota
Universitas Brawijaya,perencanaan wilayah dan kota,S3,PTN,,2025,s3perencanaanwilayahdankota@universitasbrawijaya.ac.id,Unggul,2030-04-02,,PERENCANAAN WILAYAH DAN KOTA,Ya,BAN-PT tabel #akreditasi,3/25/2025,perencanaan wilayah dan kota
Universitas BSI,desain komunikasi visual,S1,,,,,Tidak Terakreditasi,,,DESAIN KOMUNIKASI VISUAL,Tidak,BAN-PT tabel #akreditasi,9/3/2019,desain komunikasi visual
Universitas Budi Luhur,arsitektur,S1,3,5613/SK/BAN-PT/Ak.KP/S/VIII/2024,2024,s1arsitektur@universitasbudiluhur.ac.id,Baik Sekali,2026-04-29,140 hari lagi kedaluwarsa,Arsitektur,Ya,BAN-PT tabel #akreditasi,8/27/2024,arsitektur
Universitas Budi Luhur,desain komunikasi visual,S1,3,,2025,s1desainkomunikasivisual@universitasbudiluhur.ac.id,Baik,2026-07-13,,DESAIN KOMUNIKASI VISUAL,Ya,BAN-PT tabel #akreditasi,7/13/2021,desain komunikasi visual
Universitas Bumi Hijrah Tidore,arsitektur,S1,12,3137/SK/BAN-PT/Ak/S/VIII/2023,2023,s1arsitektur@universitasbumihijrahtidore.ac.id,Baik,2028-08-08,Masih Berlaku,Arsitektur,Ya,BAN-PT tabel #akreditasi,8/8/2023,arsitektur
Universitas Bumigora,desain komunikasi visual,S1,8,,2025,s1desainkomunikasivisual@universitasbumigora.ac.id,Baik,2029-07-02,,DESAIN KOMUNIKASI VISUAL,Ya,BAN-PT tabel #akreditasi,7/2/2024,desain komunikasi visual
Universitas Bunda Mulia,desain komunikasi visual,S1,3,,2025,s1desainkomunikasivisual@universitasbundamulia.ac.id,Unggul,2027-05-10,,DESAIN KOMUNIKASI VISUAL,Ya,BAN-PT tabel #akreditasi,4/16/2024,desain komunikasi visual
Universitas Bung Hatta,arsitektur,S1,10,4215/SK/BAN-PT/Ak.KP/S/V/2024,2024,s1arsitektur@universitasbunghatta.ac.id,Baik Sekali,2028-07-25,Masih Berlaku,Arsitektur,Ya,BAN-PT tabel #akreditasi,5/21/2024,arsitektur
Universitas Bung Hatta,perencanaan wilayah dan kota,S1,10,,2025,s1perencanaanwilayahdankota@universitasbunghatta.ac.id,B,2028-05-31,,PERENCANAAN WILAYAH DAN KOTA,Ya,BAN-PT tabel #akreditasi,5/16/2023,perencanaan wilayah dan kota
Universitas Bung Karno,arsitektur,S1,3,1037/SK/BAN-PT/Ak.Ppj/S/III/2023,2023,s1arsitektur@universitasbungkarno.ac.id,B,2028-04-04,Masih Berlaku,Arsitektur,Ya,BAN-PT tabel #akreditasi,3/21/2023,arsitektur
Universitas Caritas Indonesia,ilmu lingkungan,S1,14,,2025,s1ilmulingkungan@universitascaritasindonesia.ac.id,Terakreditasi Sementara,2029-09-03,,ILMU LINGKUNGAN,Ya,BAN-PT tabel #akreditasi,9/3/2024,ilmu lingkungan
Universitas Catur Insan Cendekia,desain komunikasi visual,S1,4,,2025,s1desainkomunikasivisual@universitascaturinsancendekia.ac.id,Baik,2029-08-01,,DESAIN KOMUNIKASI VISUAL,Ya,BAN-PT tabel #akreditasi,7/23/2024,desain komunikasi visual
Universitas Cendekia Mitra Indonesia,desain komunikasi visual,D3,5,6063/SK/BAN-PT/Ak.P/S/III/2025,2025,s1desainkomunikasivisual@universitascendekiamitraindonesia.ac.id,Baik,2027-03-25,Masih Berlaku,Desain Komunikasi Visual,Ya,BAN-PT tabel #akreditasi,3/25/2025,desain komunikasi visual
Universitas Cenderawasih,pengelolaan sumberdaya alam dan lingkungan,S2,PTN,,2025,s2pengelolaansumberdayaalamdanlingkungan@universitascenderawasih.ac.id,B,2027-05-24,,PENGELOLAAN SUMBERDAYA ALAM DAN LINGKUNGAN,Ya,BAN-PT tabel #akreditasi,5/17/2022,pengelolaan sumberdaya alam dan lingkungan
Universitas Cenderawasih,perencanaan wilayah dan kota,S2,PTN,,2025,s2perencanaanwilayahdankota@universitascenderawasih.ac.id,Baik,2027-07-27,,PERENCANAAN WILAYAH DAN KOTA,Ya,BAN-PT tabel #akreditasi,7/27/2022,perencanaan wilayah dan kota
Universitas Ciputra Surabaya,arsitektur,S1,7,4275/SK/BAN-PT/Ak.Ppj/S/X/2023,2023,s1arsitektur@universitasciputrasurabaya.ac.id,Baik Sekali,2028-10-31,Masih Berlaku,Arsitektur,Ya,BAN-PT tabel #akreditasi,10/17/2023,arsitektur
Universitas Ciputra Surabaya,desain komunikasi visual kampus kota makassar,S1,7,4831/SK/BAN-PT/Ak/S/VII/2024,2024,s1desainkomunikasivisualkampuskotamakassar@universitasciputrasurabaya.ac.id,Baik,2029-07-02,Masih Berlaku,Desain Komunikasi Visual (Kampus Kota Makassar),Ya,BAN-PT tabel #akreditasi,7/2/2024,desain komunikasi visual kampus kota makassar
Universitas Ciputra Surabaya,desain komunikasi visual,S1,7,,2025,s1desainkomunikasivisual@universitasciputrasurabaya.ac.id,Unggul,2030-12-14,,DESAIN KOMUNIKASI VISUAL,Ya,BAN-PT tabel #akreditasi,12/23/2025,desain komunikasi visual
Universitas Ciputra Surabaya,desain mode,S1,7,,2025,s1desainmode@universitasciputrasurabaya.ac.id,Baik,2026-07-06,,DESAIN MODE,Ya,BAN-PT tabel #akreditasi,11/11/2025,desain mode
Universitas Ciputra Surabaya,desain produk,S1,7,,,s1desainproduk@universitasciputrasurabaya.ac.id,Baik,2026-07-06,,DESAIN PRODUK,Ya,BAN-PT tabel #akreditasi,7/6/2021,desain produk
Universitas Citra Bangsa,arsitektur,S1,15,4821/SK/BAN-PT/Ak/S/XI/2023,2023,s1arsitektur@universitascitrabangsa.ac.id,Baik,2028-11-21,Masih Berlaku,Arsitektur,Ya,BAN-PT tabel #akreditasi,11/21/2023,arsitektur
Universitas Dinamika,desain komunikasi visual,S1,7,,2025,s1desainkomunikasivisual@universitasdinamika.ac.id,Unggul,2030-07-29,,DESAIN KOMUNIKASI VISUAL,Ya,BAN-PT tabel #akreditasi,7/29/2025,desain komunikasi visual
Universitas Dinamika,desain produk,S1,,,,,Baik Sekali,2025-11-24,,DESAIN PRODUK,Tidak,BAN-PT tabel #akreditasi,12/21/2021,desain produk
Universitas Diponegoro,arsitektur,S1,PTN,,2025,s1arsitektur@universitasdiponegoro.ac.id,Unggul,2027-09-30,,ARSITEKTUR,Ya,BAN-PT tabel #akreditasi,7/18/2023,arsitektur
Universitas Diponegoro,arsitektur,S2,PTN,,2025,s2arsitektur@universitasdiponegoro.ac.id,Unggul,2027-09-30,,ARSITEKTUR,Ya,BAN-PT tabel #akreditasi,7/18/2023,arsitektur
Universitas Diponegoro,ilmu arsitektur dan perkotaan,S3,PTN,,,s3ilmuarsitekturdanperkotaan@universitasdiponegoro.ac.id,Unggul,2027-09-30,,Ilmu Arsitektur dan Perkotaan,Ya,BAN-PT tabel #akreditasi,5/31/2022,ilmu arsitektur dan perkotaan
Universitas Diponegoro,ilmu lingkungan,S2,PTN,,2025,s2ilmulingkungan@universitasdiponegoro.ac.id,Unggul,2030-09-05,,ILMU LINGKUNGAN,Ya,BAN-PT tabel #akreditasi,9/2/2025,ilmu lingkungan
Universitas Diponegoro,ilmu lingkungan,S3,PTN,,2025,s3ilmulingkungan@universitasdiponegoro.ac.id,Unggul,2030-09-05,,ILMU LINGKUNGAN,Ya,BAN-PT tabel #akreditasi,9/2/2025,ilmu lingkungan
Universitas Diponegoro,manajemen sumberdaya perairan,S2,PTN,,2025,s2manajemensumberdayaperairan@universitasdiponegoro.ac.id,A,2016-01-14,,MANAJEMEN SUMBERDAYA PERAIRAN,Tidak,BAN-PT tabel #akreditasi,1/14/2011,manajemen sumberdaya perairan
Universitas Diponegoro,manajemen sumberdaya perairan,S3,PTN,,2025,s3manajemensumberdayaperairan@universitasdiponegoro.ac.id,A,2016-01-14,,MANAJEMEN SUMBERDAYA PERAIRAN,Tidak,BAN-PT tabel #akreditasi,1/14/2011,manajemen sumberdaya perairan
Universitas Diponegoro,pendidikan arsitek,Profesi,,,,,Terakreditasi Sementara,2030-08-25,,Pendidikan Profesi Arsitek,Ya,BAN-PT tabel #akreditasi,8/25/2025,pendidikan arsitek
Universitas Diponegoro,perencanaan tata ruang dan pertanahan,D4,PTN,1327/SK/BAN-PT/Akred/ST/III/2022,2022,divperencanaantataruangdanpertanahan@universitasdiponegoro.ac.id,Baik,2027-03-01,Masih Berlaku,Perencanaan Tata Ruang Dan Pertanahan,Ya,BAN-PT tabel #akreditasi,3/1/2022,perencanaan tata ruang dan pertanahan
Universitas Diponegoro,perencanaan tata ruang dan pertanahan,D4,,,2025,,Baik,2027-03-01,,PERENCANAAN TATA RUANG DAN PERTANAHAN,Ya,BAN-PT tabel #akreditasi,3/1/2022,perencanaan tata ruang dan pertanahan
Universitas Diponegoro,perencanaan tata ruang wilayah dan kota k pekalongan,D3,PTN,12068/SK/BAN-PT/Akred/Dipl-III/XI/2021,2021,diiiperencanaantataruangwilayahdankotakpekalongan@universitasdiponegoro.ac.id,Baik,2026-11-02,Masih Berlaku,Perencanaan Tata Ruang Wilayah Dan Kota K. Pekalongan,Ya,BAN-PT tabel #akreditasi,11/2/2021,perencanaan tata ruang wilayah dan kota k pekalongan
Universitas Diponegoro,perencanaan wilayah dan kota,D3,PTN,708/SK/BAN-PT/Ak-PPJ/Dipl-III/II/2021,2021,diiiperencanaanwilayahdankota@universitasdiponegoro.ac.id,Unggul,2027-05-31,57 hari lagi kedaluwarsa,Perencanaan Wilayah Dan Kota,Ya,BAN-PT tabel #akreditasi,5/31/2022,perencanaan wilayah dan kota
Universitas Diponegoro,perencanaan wilayah dan kota,S1,PTN,,2025,s1perencanaanwilayahdankota@universitasdiponegoro.ac.id,Unggul,2027-05-31,,PERENCANAAN WILAYAH DAN KOTA,Ya,BAN-PT tabel #akreditasi,5/31/2022,perencanaan wilayah dan kota
Universitas Diponegoro,perencanaan wilayah dan kota,S2,PTN,,2025,s2perencanaanwilayahdankota@universitasdiponegoro.ac.id,Unggul,2027-05-31,,PERENCANAAN WILAYAH DAN KOTA,Ya,BAN-PT tabel #akreditasi,5/31/2022,perencanaan wilayah dan kota
Universitas Diponegoro,perencanaan wilayah dan kota,S3,PTN,,2025,s3perencanaanwilayahdankota@universitasdiponegoro.ac.id,Unggul,2027-05-31,,PERENCANAAN WILAYAH DAN KOTA,Ya,BAN-PT tabel #akreditasi,5/31/2022,perencanaan wilayah dan kota
Universitas Diponegoro,teknik infrastruktur sipil dan perancangan arsitektur,D4,PTN,0647/SK/LAM Teknik/VST/VIII/2025,2025,divteknikinfrastruktursipildanperancanganarsitektur@universitasdiponegoro.ac.id,Unggul,2030-08-20,Masih Berlaku,Teknik Infrastruktur Sipil Dan Perancangan Arsitektur,Ya,BAN-PT tabel #akreditasi,8/14/2025,teknik infrastruktur sipil dan perancangan arsitektur
Universitas Diponegoro,teknik infrastruktur sipil dan perancangan arsitektur,D4,,,2025,,Unggul,2030-08-20,,TEKNIK INFRASTRUKTUR SIPIL DAN PERANCANGAN ARSITEKTUR,Ya,BAN-PT tabel #akreditasi,8/14/2025,teknik infrastruktur sipil dan perancangan arsitektur
Universitas Dumoga Kotamobagu,ilmu lingkungan,S1,16,,2025,s1ilmulingkungan@universitasdumogakotamobagu.ac.id,Baik,2027-08-13,,ILMU LINGKUNGAN,Ya,BAN-PT tabel #akreditasi,8/13/2025,ilmu lingkungan
Universitas Dwijendra,arsitektur,S1,8,,2025,s1arsitektur@universitasdwijendra.ac.id,Baik Sekali,2028-01-04,,ARSITEKTUR,Ya,BAN-PT tabel #akreditasi,10/17/2023,arsitektur
Universitas Ekasakti,arsitektur,S1,10,,2025,s1arsitektur@universitasekasakti.ac.id,B,2026-12-28,,ARSITEKTUR,Ya,BAN-PT tabel #akreditasi,12/28/2021,arsitektur
Universitas Esa Unggul,desain interior,S1,3,,2025,s1desaininterior@universitasesaunggul.ac.id,Baik,2028-08-28,,DESAIN INTERIOR,Ya,BAN-PT tabel #akreditasi,2/13/2024,desain interior
Universitas Esa Unggul,desain komunikasi visual,S1,3,,2025,s1desainkomunikasivisual@universitasesaunggul.ac.id,B,2026-11-04,,DESAIN KOMUNIKASI VISUAL,Ya,BAN-PT tabel #akreditasi,11/23/2021,desain komunikasi visual
Universitas Esa Unggul,desain produk,S1,3,,2025,s1desainproduk@universitasesaunggul.ac.id,Unggul,2030-05-06,,DESAIN PRODUK,Ya,BAN-PT tabel #akreditasi,12/2/2025,desain produk
Universitas Esa Unggul,perencanaan wilayah dan kota,S1,3,,2025,s1perencanaanwilayahdankota@universitasesaunggul.ac.id,B,2021-12-20,,PERENCANAAN WILAYAH DAN KOTA,Tidak,BAN-PT tabel #akreditasi,12/20/2016,perencanaan wilayah dan kota
Universitas Fajar,arsitektur,S1,9,,2025,s1arsitektur@universitasfajar.ac.id,Baik,2027-04-05,,ARSITEKTUR,Ya,BAN-PT tabel #akreditasi,4/5/2022,arsitektur
Universitas Faletehan,arsitektur kampus kota bandung,S1,4,7074/SK/BAN-PT/Ak.S/S1/VII/2025,2025,s1arsitekturkampuskotabandung@universitasfaletehan.ac.id,Baik,9999-01-01,Masih Berlaku,Arsitektur (Kampus Kota Bandung),Ya,BAN-PT tabel #akreditasi,7/29/2025,arsitektur kampus kota bandung
Universitas Faletehan,arsitektur kampus kota bandung,S1,,,,,Baik,9999-01-01,,ARSITEKTUR,Ya,BAN-PT tabel #akreditasi,7/29/2025,arsitektur kampus kota bandung
Universitas Flores,arsitektur,S1,15,,2025,s1arsitektur@universitasflores.ac.id,B,2026-08-19,,ARSITEKTUR,Ya,BAN-PT tabel #akreditasi,3/8/2022,arsitektur
Universitas Fort De Kock,desain komunikasi visual,S1,10,7182/SK/BAN-PT/Ak.P/2.0/S1/IX/2025,2025,s1desainkomunikasivisual@universitasfortdekock.ac.id,Terakreditasi Sementara,2030-09-09,Masih Berlaku,Desain Komunikasi Visual,Ya,BAN-PT tabel #akreditasi,9/9/2025,desain komunikasi visual
Universitas Gadjah Mada,arsitektur,S1,PTN,,2025,s1arsitektur@universitasgadjahmada.ac.id,Unggul,2028-01-31,,ARSITEKTUR,Ya,BAN-PT tabel #akreditasi,3/6/2023,arsitektur
Universitas Gadjah Mada,arsitektur,S3,PTN,,2025,s3doktorarsitektur@universitasgadjahmada.ac.id,Unggul,2027-07-05,,DOKTOR ARSITEKTUR,Ya,BAN-PT tabel #akreditasi,5/21/2024,arsitektur
Universitas Gadjah Mada,ilmu lingkungan,S3,PTN,,2025,s3doktorilmulingkungan@universitasgadjahmada.ac.id,Unggul,2030-06-29,,DOKTOR ILMU LINGKUNGAN,Ya,BAN-PT tabel #akreditasi,6/24/2025,ilmu lingkungan
Universitas Gadjah Mada,perencanaan wilayah dan kota,S3,PTN,,2025,s3doktorperencanaanwilayahdankota@universitasgadjahmada.ac.id,Baik Sekali,2029-06-25,,DOKTOR PERENCANAAN WILAYAH DAN KOTA,Ya,BAN-PT tabel #akreditasi,6/25/2024,perencanaan wilayah dan kota
Universitas Gadjah Mada,geografi lingkungan,S1,,,,,Unggul,2029-05-26,,Geografi Lingkungan,Ya,BAN-PT tabel #akreditasi,5/27/2024,geografi lingkungan
Universitas Gadjah Mada,arsitektur,S2,PTN,,2025,s2magisterarsitektur@universitasgadjahmada.ac.id,Unggul,2027-06-20,,MAGISTER ARSITEKTUR,Ya,BAN-PT tabel #akreditasi,9/10/2024,arsitektur
Universitas Gadjah Mada,ilmu lingkungan,S2,PTN,,2025,s2magisterilmulingkungan@universitasgadjahmada.ac.id,Unggul,2026-09-30,,MAGISTER ILMU LINGKUNGAN,Ya,BAN-PT tabel #akreditasi,5/10/2022,ilmu lingkungan
Universitas Gadjah Mada,perencanaan wilayah dan kota,S2,PTN,,2025,s2magisterperencanaanwilayahdankota@universitasgadjahmada.ac.id,Unggul,2026-08-18,,MAGISTER PERENCANAAN WILAYAH DAN KOTA,Ya,BAN-PT tabel #akreditasi,8/18/2021,perencanaan wilayah dan kota
Universitas Gadjah Mada,rancang kota,S2,PTN,,2025,s2magisterrancangkota@universitasgadjahmada.ac.id,Baik,2029-02-13,,MAGISTER RANCANG KOTA,Ya,BAN-PT tabel #akreditasi,2/13/2024,rancang kota
Universitas Gadjah Mada,pembangunan wilayah,S1,,,,,Unggul,2029-10-01,,Pembangunan Wilayah,Ya,BAN-PT tabel #akreditasi,10/17/2024,pembangunan wilayah
Universitas Gadjah Mada,pendidikan arsitek,Profesi,,,,,Baik Sekali,2029-02-01,,Pendidikan Profesi Arsitek,Ya,BAN-PT tabel #akreditasi,2/13/2024,pendidikan arsitek
Universitas Gadjah Mada,perencanaan wilayah dan kota,S1,PTN,,2025,s1perencanaanwilayahdankota@universitasgadjahmada.ac.id,Unggul,2026-08-18,,PERENCANAAN WILAYAH DAN KOTA,Ya,BAN-PT tabel #akreditasi,8/18/2021,perencanaan wilayah dan kota
Universitas Gorontalo,arsitektur,S1,16,,2025,s1arsitektur@universitasgorontalo.ac.id,Baik,2029-07-09,,ARSITEKTUR,Ya,BAN-PT tabel #akreditasi,7/9/2024,arsitektur
Universitas Gunadarma,arsitektur kampus kabupaten penajam paser utara,S1,3,7128/SK/BAN-PT/Ak.P/S/VIII/2025,2025,s1arsitekturkampuskabupatenpenajampaserutara@universitasgunadarma.ac.id,Baik,2027-08-05,Masih Berlaku,Arsitektur (Kampus Kabupaten Penajam Paser Utara),Ya,BAN-PT tabel #akreditasi,8/5/2025,arsitektur kampus kabupaten penajam paser utara
Universitas Gunadarma,arsitektur,S1,3,,2025,s1arsitektur@universitasgunadarma.ac.id,Unggul,2026-06-18,,ARSITEKTUR,Ya,BAN-PT tabel #akreditasi,12/21/2021,arsitektur
Universitas Gunadarma,arsitektur,S2,3,,2025,s2arsitektur@universitasgunadarma.ac.id,Unggul,2026-06-18,,ARSITEKTUR,Ya,BAN-PT tabel #akreditasi,12/21/2021,arsitektur
Universitas Gunadarma,desain interior,S1,3,,2025,s1desaininterior@universitasgunadarma.ac.id,B,2029-07-31,,DESAIN INTERIOR,Ya,BAN-PT tabel #akreditasi,7/23/2024,desain interior
Universitas Halmahera,manajemen sumberdaya perairan,S1,12,,2025,s1manajemensumberdayaperairan@universitashalmahera.ac.id,Baik,2028-08-08,,MANAJEMEN SUMBERDAYA PERAIRAN,Ya,BAN-PT tabel #akreditasi,8/8/2023,manajemen sumberdaya perairan
Universitas Halu Oleo,arsitektur,S1,PTN,,2025,s1arsitektur@universitashaluoleo.ac.id,Baik Sekali,2027-08-16,,ARSITEKTUR,Ya,BAN-PT tabel #akreditasi,12/10/2025,arsitektur
Universitas Halu Oleo,ilmu lingkungan,S1,PTN,,2025,s1ilmulingkungan@universitashaluoleo.ac.id,Baik Sekali,9999-01-01,,ILMU LINGKUNGAN,Ya,BAN-PT tabel #akreditasi,9/2/2025,ilmu lingkungan
Universitas Halu Oleo,perencanaan dan pengembangan wilayah,S2,PTN,,2025,s2perencanaandanpengembanganwilayah@universitashaluoleo.ac.id,Baik Sekali,2031-03-03,,PERENCANAAN DAN PENGEMBANGAN WILAYAH,Ya,BAN-PT tabel #akreditasi,3/3/2026,perencanaan dan pengembangan wilayah
Universitas Halu Oleo,teknik arsitektur,D3,PTN,3800/SK/BAN-PT/Ak/D3/IV/2024,2024,diiiteknikarsitektur@universitashaluoleo.ac.id,C,2012-12-29,Masih Berlaku,Teknik Arsitektur,Tidak,BAN-PT tabel #akreditasi,12/29/2007,teknik arsitektur
Universitas Hasanuddin,arsitektur,S1,PTN,,2025,s1arsitektur@universitashasanuddin.ac.id,B,2027-09-13,,ARSITEKTUR,Ya,BAN-PT tabel #akreditasi,8/30/2022,arsitektur
Universitas Hasanuddin,arsitektur,S2,PTN,,2025,s2arsitektur@universitashasanuddin.ac.id,B,2027-09-13,,ARSITEKTUR,Ya,BAN-PT tabel #akreditasi,8/30/2022,arsitektur
Universitas Hasanuddin,ilmu arsitektur,S3,PTN,,,s3ilmuarsitektur@universitashasanuddin.ac.id,A,2030-07-22,,Ilmu Arsitektur,Ya,BAN-PT tabel #akreditasi,8/6/2025,ilmu arsitektur
Universitas Hasanuddin,ilmu lingkungan,S3,PTN,,2025,s3ilmulingkungan@universitashasanuddin.ac.id,Baik Sekali,2030-08-05,,ILMU LINGKUNGAN,Tidak,BAN-PT tabel #akreditasi,8/5/2025,ilmu lingkungan
Universitas Hasanuddin,pendidikan arsitek,Profesi,,,,,Baik,2030-08-06,,Pendidikan Profesi Arsitek,Ya,BAN-PT tabel #akreditasi,8/6/2025,pendidikan arsitek
Universitas Hasanuddin,pengelolaan lingkungan hidup,S2,PTN,,2025,s2pengelolaanlingkunganhidup@universitashasanuddin.ac.id,Unggul,2029-05-29,,PENGELOLAAN LINGKUNGAN HIDUP,Ya,BAN-PT tabel #akreditasi,5/14/2024,pengelolaan lingkungan hidup
Universitas Hasanuddin,pengelolaan sumberdaya pesisir terpadu,S2,PTN,,2025,s2pengelolaansumberdayapesisirterpadu@universitashasanuddin.ac.id,Baik Sekali,2027-03-08,,PENGELOLAAN SUMBERDAYA PESISIR TERPADU,Ya,BAN-PT tabel #akreditasi,3/8/2022,pengelolaan sumberdaya pesisir terpadu
Universitas Hasanuddin,perencanaan dan pengembangan wilayah,S2,PTN,,2025,s2perencanaandanpengembanganwilayah@universitashasanuddin.ac.id,Unggul,2028-01-10,,PERENCANAAN DAN PENGEMBANGAN WILAYAH,Ya,BAN-PT tabel #akreditasi,1/10/2023,perencanaan dan pengembangan wilayah
Universitas Hasanuddin,perencanaan wilayah dan kota,S1,PTN,,2025,s1perencanaanwilayahdankota@universitashasanuddin.ac.id,Unggul,2027-09-30,,PERENCANAAN WILAYAH DAN KOTA,Ya,BAN-PT tabel #akreditasi,6/13/2023,perencanaan wilayah dan kota
Universitas Hasanuddin,perencanaan wilayah dan kota,S2,PTN,,2025,s2perencanaanwilayahdankota@universitashasanuddin.ac.id,Unggul,2027-09-30,,PERENCANAAN WILAYAH DAN KOTA,Ya,BAN-PT tabel #akreditasi,6/13/2023,perencanaan wilayah dan kota
Universitas Hayam Wuruk Perbanas,desain komunikasi visual,S1,7,1086/SK/BAN-PT/Ak/S/IV/2024,2024,s1desainkomunikasivisual@universitashayamwurukperbanas.ac.id,Baik,2029-04-02,Masih Berlaku,Desain Komunikasi Visual,Ya,BAN-PT tabel #akreditasi,4/2/2024,desain komunikasi visual
Universitas Hindu Indonesia,perencanaan wilayah dan kota,S1,8,,2025,s1perencanaanwilayahdankota@universitashinduindonesia.ac.id,B,2029-01-24,,PERENCANAAN WILAYAH DAN KOTA,Ya,BAN-PT tabel #akreditasi,1/23/2024,perencanaan wilayah dan kota
Universitas Hindu Negeri I Gusti Bagus Sugriwa Denpasar,desain komunikasi visual,S1,PTAN,7094/SK/BAN-PT/Ak.P/S/XII/2024,2024,s1desainkomunikasivisual@universitashindunegeriigustibagussugriwadenpasar.ac.id,Terakreditasi Sementara,2029-12-11,Masih Berlaku,Desain Komunikasi Visual,Ya,BAN-PT tabel #akreditasi,12/11/2024,desain komunikasi visual
Universitas HKBP Nommensen Pematangsiantar,manajemen pengelolaan sumberdaya perairan,S1,1,,2025,s1manajemenpengelolaansumberdayaperairan@universitashkbpnommensenpematangsiantar.ac.id,Baik,2027-06-07,,MANAJEMEN PENGELOLAAN SUMBERDAYA PERAIRAN,Ya,BAN-PT tabel #akreditasi,6/7/2022,manajemen pengelolaan sumberdaya perairan
Universitas Ibn Khaldun Bogor,ilmu lingkungan,S1,,,2025,,Baik,2030-12-16,,ILMU LINGKUNGAN,Ya,BAN-PT tabel #akreditasi,12/16/2025,ilmu lingkungan
Universitas Ibn Khaldun Bogor,pendidikan vokasional desain fashion,S1,4,,2025,s1pendidikanvokasionaldesainfashion@universitasibnkhaldunbogor.ac.id,Baik,2030-07-25,,PENDIDIKAN VOKASIONAL DESAIN FASHION,Ya,BAN-PT tabel #akreditasi,10/2/2025,pendidikan vokasional desain fashion
Universitas Ibn Khaldun,ilmu lingkungan,S1,4,361/SK/BAN-PT/Ak.P/S/III/2025,2025,s1ilmulingkungan@universitasibnkhaldun.ac.id,Baik,2030-12-16,Masih Berlaku,Ilmu Lingkungan,Ya,BAN-PT tabel #akreditasi,12/16/2025,ilmu lingkungan
Universitas Ibrahimy ,arsitektur,S1,7,,2025,s1arsitektur@universitasibrahimy.ac.id,Baik,2026-07-21,,ARSITEKTUR,Ya,BAN-PT tabel #akreditasi,7/21/2021,arsitektur
Universitas Ichsan Sidenreng Rappang,arsitektur,S3,9,1589/SK/BAN-PT/PB-PS/S/III/2022,2022,s1arsitektur@universitasichsansidenrengrappang.ac.id,Baik,2026-12-28,Masih Berlaku,Arsitektur,Ya,BAN-PT tabel #akreditasi,3/14/2022,arsitektur
Universitas Indo Global Mandiri,arsitektur,S1,2,6955/SK/BAN-PT/Ak/S1/VII/2025,2025,s1arsitektur@universitasindoglobalmandiri.ac.id,Baik Sekali,2030-07-08,Masih Berlaku,Arsitektur,Ya,BAN-PT tabel #akreditasi,7/8/2025,arsitektur
Universitas Indo Global Mandiri,desain komunikasi visual,S1,2,1958/SK/BAN-PT/Ak.Ppj/S/V/2023,2023,s1desainkomunikasivisual@universitasindoglobalmandiri.ac.id,B,2027-09-13,Masih Berlaku,Desain Komunikasi Visual,Ya,BAN-PT tabel #akreditasi,5/23/2023,desain komunikasi visual
Universitas Indo Global Mandiri,perencanaan wilayah dan kota,S1,2,,2025,s1perencanaanwilayahdankota@universitasindoglobalmandiri.ac.id,B,2027-10-11,,PERENCANAAN WILAYAH DAN KOTA,Ya,BAN-PT tabel #akreditasi,9/27/2022,perencanaan wilayah dan kota
Universitas Indonesia Mandiri,desain komunikasi visual,S1,2,,2025,s1desainkomunikasivisual@universitasindonesiamandiri.ac.id,Baik,2026-06-25,,DESAIN KOMUNIKASI VISUAL,Ya,BAN-PT tabel #akreditasi,10/12/2021,desain komunikasi visual
Universitas Indonesia,arsitektur interior,S1,PTN,,2025,s1arsitekturinterior@universitasindonesia.ac.id,Unggul,2028-07-11,,ARSITEKTUR INTERIOR,Ya,BAN-PT tabel #akreditasi,6/27/2023,arsitektur interior
Universitas Indonesia,arsitektur,S1,PTN,,2025,s1arsitektur@universitasindonesia.ac.id,Unggul,2026-09-03,,ARSITEKTUR,Ya,BAN-PT tabel #akreditasi,10/19/2021,arsitektur
Universitas Indonesia,arsitektur,S2,PTN,,2025,s2arsitektur@universitasindonesia.ac.id,Unggul,2026-09-03,,ARSITEKTUR,Ya,BAN-PT tabel #akreditasi,10/19/2021,arsitektur
Universitas Indonesia,arsitektur,S3,PTN,,2025,s3arsitektur@universitasindonesia.ac.id,Unggul,2026-09-03,,ARSITEKTUR,Ya,BAN-PT tabel #akreditasi,10/19/2021,arsitektur
Universitas Indonesia,ilmu lingkungan,S2,PTN,,2025,s2ilmulingkungan@universitasindonesia.ac.id,Unggul,2030-12-31,,ILMU LINGKUNGAN,Ya,BAN-PT tabel #akreditasi,12/23/2025,ilmu lingkungan
Universitas Indonesia,ilmu lingkungan,S3,PTN,,2025,s3ilmulingkungan@universitasindonesia.ac.id,Unggul,2030-12-31,,ILMU LINGKUNGAN,Ya,BAN-PT tabel #akreditasi,12/23/2025,ilmu lingkungan
Universitas Indonesia,kajian pengembangan perkotaan,S2,PTN,,2025,s2kajianpengembanganperkotaan@universitasindonesia.ac.id,Unggul,2029-11-20,,KAJIAN PENGEMBANGAN PERKOTAAN,Ya,BAN-PT tabel #akreditasi,5/14/2025,kajian pengembangan perkotaan
Universitas Indonesia,perencanaan wilayah dan kota,S2,PTN,,2025,s2perencanaanwilayahdankota@universitasindonesia.ac.id,Baik Sekali,2028-12-05,,PERENCANAAN WILAYAH DAN KOTA,Ya,BAN-PT tabel #akreditasi,12/5/2023,perencanaan wilayah dan kota
Universitas Indraprasta Pgri,arsitektur,S1,3,5503/SK/BAN-PT/Ak/S/VIII/2024,2024,s1arsitektur@universitasindraprastapgri.ac.id,Baik,2029-08-19,Masih Berlaku,Arsitektur,Ya,BAN-PT tabel #akreditasi,8/19/2024,arsitektur
Universitas Indraprasta PGRI,desain komunikasi visual,S1,3,,2025,s1desainkomunikasivisual@universitasindraprastapgri.ac.id,B,2029-03-01,,DESAIN KOMUNIKASI VISUAL,Ya,BAN-PT tabel #akreditasi,2/28/2024,desain komunikasi visual
Universitas Informatika Dan Bisnis Indonesia,desain komunikasi visual,S1,4,6407/SK/BAN-PT/Ak.Ppj/S/V/2025,2025,s1desainkomunikasivisual@universitasinformatikadanbisnisindonesia.ac.id,B,2030-05-06,Masih Berlaku,Desain Komunikasi Visual,Ya,BAN-PT tabel #akreditasi,5/6/2025,desain komunikasi visual
Universitas Internasional Batam,arsitektur,S1,17,,2025,s1arsitektur@universitasinternasionalbatam.ac.id,Baik,9999-01-01,,ARSITEKTUR,Ya,BAN-PT tabel #akreditasi,3/9/2026,arsitektur
Universitas Internasional Jakarta,desain komunikasi visual,S1,4,,2025,s1desainkomunikasivisual@universitasinternasionaljakarta.ac.id,Baik,2030-12-16,,DESAIN KOMUNIKASI VISUAL,Ya,BAN-PT tabel #akreditasi,12/16/2025,desain komunikasi visual
Universitas Internasional Semen Indonesia,desain komunikasi visual,S1,7,3678/SK/BAN-PT/Ak.KP/S/IV/2024,2024,s1desainkomunikasivisual@universitasinternasionalsemenindonesia.ac.id,Baik Sekali,2028-07-25,Masih Berlaku,Desain Komunikasi Visual,Ya,BAN-PT tabel #akreditasi,4/16/2024,desain komunikasi visual
Universitas Islam Bandung,perencanaan wilayah dan kota,S1,4,,2025,s1perencanaanwilayahdankota@universitasislambandung.ac.id,Unggul,2027-08-02,,PERENCANAAN WILAYAH DAN KOTA,Ya,BAN-PT tabel #akreditasi,7/26/2022,perencanaan wilayah dan kota
Universitas Islam Bandung,perencanaan wilayah dan kota,S2,4,,2025,s2perencanaanwilayahdankota@universitasislambandung.ac.id,Unggul,2027-08-02,,PERENCANAAN WILAYAH DAN KOTA,Ya,BAN-PT tabel #akreditasi,7/26/2022,perencanaan wilayah dan kota
Universitas Islam Indonesia,arsitektur,D3,5,6762/SK/BAN-PT/Ak.Ppj/S/VI/2025,2025,s1arsitektur@universitasislamindonesia.ac.id,Unggul,2030-06-17,Masih Berlaku,Arsitektur,Ya,BAN-PT tabel #akreditasi,6/14/2025,arsitektur
Universitas Islam Indonesia,arsitek,Profesi,,,,,Baik Sekali,2031-03-17,,Profesi Arsitek,Ya,BAN-PT tabel #akreditasi,3/17/2026,arsitek
Universitas Islam Kuantan Singingi,perencanaan wilayah dan kota,S1,17,,2025,s1perencanaanwilayahdankota@universitasislamkuantansingingi.ac.id,Baik,2026-09-30,,PERENCANAAN WILAYAH DAN KOTA,Ya,BAN-PT tabel #akreditasi,1/27/2022,perencanaan wilayah dan kota
Universitas Islam Nahdlatul Ulama Jepara,desain komunikasi visual,D4,6,8568/SK/BAN-PT/Akred/S/XII/2020,2020,s1desainkomunikasivisual@universitasislamnahdlatululamajepara.ac.id,B,2030-12-23,12 hari lagi kedaluwarsa,Desain Komunikasi Visual,Ya,BAN-PT tabel #akreditasi,12/23/2025,desain komunikasi visual
Universitas Islam Nahdlatul Ulama Jepara,desain produk,S1,6,,2025,s1desainproduk@universitasislamnahdlatululamajepara.ac.id,B,2026-09-09,,DESAIN PRODUK,Ya,BAN-PT tabel #akreditasi,1/18/2022,desain produk
Universitas Islam Negeri Alauddin Makassar,pendidikan arsitek,Profesi,,,,,Terakreditasi Pertama,2028-03-31,,Pendidikan Profesi Arsitek,Ya,BAN-PT tabel #akreditasi,3/31/2026,pendidikan arsitek
Universitas Islam Negeri Alauddin Makassar,teknik arsitektur,S1,PTAN,,2025,s1teknikarsitektur@universitasislamnegerialauddinmakassar.ac.id,A,2030-10-28,,TEKNIK ARSITEKTUR,Ya,BAN-PT tabel #akreditasi,11/3/2025,teknik arsitektur
Universitas Islam Negeri Alauddin Makassar,teknik perencanaan wilayah dan kota,S1,PTAN,,2025,s1teknikperencanaanwilayahdankota@universitasislamnegerialauddinmakassar.ac.id,Baik Sekali,2028-03-21,,TEKNIK PERENCANAAN WILAYAH DAN KOTA,Ya,BAN-PT tabel #akreditasi,11/12/2024,teknik perencanaan wilayah dan kota
Universitas Islam Negeri Antasari Banjarmasin,ilmu lingkungan,S1,PTAN,,2025,s1ilmulingkungan@universitasislamnegeriantasaribanjarmasin.ac.id,Terakreditasi Sementara,2030-09-09,,ILMU LINGKUNGAN,Ya,BAN-PT tabel #akreditasi,9/9/2025,ilmu lingkungan
Universitas Islam Negeri Ar-Raniry Banda Aceh,arsitektur,S1,PTAN,5599/SK/BAN-PT/Ak.KP/S/VIII/2024,2024,s1arsitektur@universitasislamnegeriarranirybandaaceh.ac.id,Baik Sekali,9999-01-01,5 hari lagi kedaluwarsa,Arsitektur,Ya,BAN-PT tabel #akreditasi,1/6/2026,arsitektur
Universitas Islam Negeri Datokarama Palu,arsitektur,S1,PTAN,6597/SK/BAN-PT/Ak.P/S/V/2025,2025,s1arsitektur@universitasislamnegeridatokaramapalu.ac.id,Baik,2027-05-15,Masih Berlaku,Arsitektur,Ya,BAN-PT tabel #akreditasi,5/15/2025,arsitektur
Universitas Islam Negeri Maulana Malik Ibrahim Malang,teknik arsitektur,S1,PTAN,1716/SK/BAN-PT/Ak-PPJ/S/III/2022,2022,s1teknikarsitektur@universitasislamnegerimaulanamalikibrahimmalang.ac.id,B,2027-03-30,Masih Berlaku,Teknik Arsitektur,Ya,BAN-PT tabel #akreditasi,3/15/2022,teknik arsitektur
Universitas Islam Negeri Maulana Malik Ibrahim,teknik arsitektur,S1,,,2025,,B,2027-03-30,,TEKNIK ARSITEKTUR,Ya,BAN-PT tabel #akreditasi,3/15/2022,teknik arsitektur
Universitas Islam Negeri Profesor Kiai Haji Saifuddin Zuhri Purwokerto,arsitektur,S1,PTAN,844/SK/BAN-PT/Ak.P/S/III/2024,2024,s1arsitektur@universitasislamnegeriprofesorkiaihajisaifuddinzuhripurwokerto.ac.id,Baik,2026-03-13,93 hari lagi kedaluwarsa,Arsitektur,Tidak,BAN-PT tabel #akreditasi,3/13/2024,arsitektur
Universitas Islam Negeri Profesor Kiai Haji Saifuddin Zuhri Purwokerto,ilmu lingkungan,S1,PTAN,,2025,s1ilmulingkungan@universitasislamnegeriprofesorkiaihajisaifuddinzuhripurwokerto.ac.id,Baik,2026-03-19,,ILMU LINGKUNGAN,Tidak,BAN-PT tabel #akreditasi,3/19/2024,ilmu lingkungan
Universitas Islam Negeri Raden Mas Said Surakarta ,ilmu lingkungan,S1,PTAN,475/SK/BAN-PT/Ak.P/S/II/2024,2024,s1ilmulingkungan@universitasislamnegeriradenmassaidsurakarta.ac.id,Baik,2026-02-21,73 hari lagi kedaluwarsa,ILMU LINGKUNGAN,Tidak,BAN-PT tabel #akreditasi,2/21/2024,ilmu lingkungan
Universitas Islam Negeri Sulthan Thaha Saifuddin Jambi,arsitektur,S1,PTAN,7464/SK/BAN-PT/Ak.P/S/IX/2025,2025,s1arsitektur@universitasislamnegerisulthanthahasaifuddinjambi.ac.id,Baik,2027-09-02,Masih Berlaku,Arsitektur,Ya,BAN-PT tabel #akreditasi,9/2/2025,arsitektur
Universitas Islam Negeri Sunan Ampel ,pengelolaan sumberdaya alam dan lingkungan,S2,,,,,Terakreditasi Pertama,2028-03-31,,PENGELOLAAN SUMBERDAYA ALAM DAN LINGKUNGAN,Ya,BAN-PT tabel #akreditasi,3/31/2026,pengelolaan sumberdaya alam dan lingkungan
Universitas Islam Negeri Sunan Kalijaga,arsitektur,S1,PTAN,7746/SK/BAN-PT/Ak.S/S/X/2025,2025,s1arsitektur@universitasislamnegerisunankalijaga.ac.id,Baik,9999-01-01,Masih Berlaku,Arsitektur,Ya,BAN-PT tabel #akreditasi,10/1/2025,arsitektur
Universitas Islam Negeri Syekh Aii Hasan Ahmad Addary Padangsidimpuan,desain komunikasi visual,S1,PTAN,6111/SK/BAN-PT/Ak.P/S/X/2024,2024,s1desainkomunikasivisual@universitasislamnegerisyekhaiihasanahmadaddarypadangsidimpuan.ac.id,Terakreditasi Sementara,2029-10-03,Masih Berlaku,Desain Komunikasi Visual,Ya,BAN-PT tabel #akreditasi,10/3/2024,desain komunikasi visual
Universitas Islam Negeri Walisongo Semarang,ilmu seni dan arsitektur islam,S1,PTAN,,2025,s1ilmusenidanarsitekturislam@universitasislamnegeriwalisongosemarang.ac.id,Baik Sekali,2031-03-10,,ILMU SENI DAN ARSITEKTUR ISLAM,Ya,BAN-PT tabel #akreditasi,3/10/2026,ilmu seni dan arsitektur islam
Universitas Islam Sultan Agung,perencanaan wilayah dan kota,S1,6,,2025,s1perencanaanwilayahdankota@universitasislamsultanagung.ac.id,Unggul,2030-10-28,,PERENCANAAN WILAYAH DAN KOTA,Ya,BAN-PT tabel #akreditasi,11/3/2025,perencanaan wilayah dan kota
Universitas Islam Sultan Agung,perencanaan wilayah dan kota,S2,6,,2025,s2perencanaanwilayahdankota@universitasislamsultanagung.ac.id,Unggul,2030-10-28,,PERENCANAAN WILAYAH DAN KOTA,Ya,BAN-PT tabel #akreditasi,11/3/2025,perencanaan wilayah dan kota
Universitas Islam Zainul Hasan Genggong Probolinggo,ilmu seni dan arsitektur islam,S1,PTAS,,2025,s1ilmusenidanarsitekturislam@universitasislamzainulhasangenggongprobolinggo.ac.id,Baik,2026-04-29,,ILMU SENI DAN ARSITEKTUR ISLAM,Ya,BAN-PT tabel #akreditasi,4/29/2024,ilmu seni dan arsitektur islam
Universitas Ivet ,ilmu lingkungan,S1,6,,2025,s1ilmulingkungan@universitasivet.ac.id,Baik,2027-03-01,,ILMU LINGKUNGAN,Ya,BAN-PT tabel #akreditasi,3/1/2022,ilmu lingkungan
Universitas Jakarta,arsitektur,S1,,,,,Baik,2025-10-13,,ARSITEKTUR,Tidak,BAN-PT tabel #akreditasi,10/5/2022,arsitektur
Universitas Jambi,ilmu lingkungan,S1,,,,,B,2027-01-11,,ILMU LINGKUNGAN,Ya,BAN-PT tabel #akreditasi,12/28/2021,ilmu lingkungan
Universitas Jambi,ilmu lingkungan,S2,PTN,,2025,s2ilmulingkungan@universitasjambi.ac.id,B,2027-01-11,,ILMU LINGKUNGAN,Ya,BAN-PT tabel #akreditasi,12/28/2021,ilmu lingkungan
Universitas Jayabaya,arsitektur,S1,3,7516/SK/BAN-PT/Ak.S/S/IX/2025,2025,s1arsitektur@universitasjayabaya.ac.id,B,9999-01-01,Masih Berlaku,Arsitektur,Ya,BAN-PT tabel #akreditasi,9/2/2025,arsitektur
Universitas Jember,pengelolaan sumberdaya air pertanian,S2,PTN,9676/SK/BAN-PT/Ak/M/XI/2022,2022,s2pengelolaansumberdayaairpertanian@universitasjember.ac.id,Baik Sekali,2027-11-22,Masih Berlaku,Pengelolaan Sumberdaya Air Pertanian,Ya,BAN-PT tabel #akreditasi,11/22/2022,pengelolaan sumberdaya air pertanian
Universitas Jember,perencanaan wilayah dan kota,S1,PTN,,2025,s1perencanaanwilayahdankota@universitasjember.ac.id,Baik Sekali,2029-05-15,,PERENCANAAN WILAYAH DAN KOTA,Ya,BAN-PT tabel #akreditasi,5/14/2025,perencanaan wilayah dan kota
Universitas Jenderal Soedirman,ilmu lingkungan,S2,PTN,,2025,s2ilmulingkungan@universitasjenderalsoedirman.ac.id,Baik Sekali,2027-06-21,,ILMU LINGKUNGAN,Ya,BAN-PT tabel #akreditasi,6/21/2022,ilmu lingkungan
Universitas Kalbis,desain komunikasi visual,S1,3,,2025,s1desainkomunikasivisual@universitaskalbis.ac.id,Baik Sekali,2029-02-27,,DESAIN KOMUNIKASI VISUAL,Ya,BAN-PT tabel #akreditasi,4/3/2024,desain komunikasi visual
Universitas Kaltara,arsitektur,S1,11,,2025,s1arsitektur@universitaskaltara.ac.id,Baik,2029-10-19,,ARSITEKTUR,Ya,BAN-PT tabel #akreditasi,10/19/2024,arsitektur
Universitas Karimun,perencanaan wilayah dan kota,S1,17,,2025,s1perencanaanwilayahdankota@universitaskarimun.ac.id,Baik,2026-03-30,,PERENCANAAN WILAYAH DAN KOTA,Tidak,BAN-PT tabel #akreditasi,3/30/2021,perencanaan wilayah dan kota
Universitas Karyadarma Kupang,perencanaan wilayah dan kota,S1,15,8339/SK/BAN-PT/Akred/S/XII/2020,2020,s1perencanaanwilayahdankota@universitaskaryadarmakupang.ac.id,Baik,2025-12-15,5 hari lagi kedaluwarsa,PERENCANAAN WILAYAH DAN KOTA,Tidak,BAN-PT tabel #akreditasi,12/15/2020,perencanaan wilayah dan kota
Universitas Katolik Darma Cendika,arsitektur,S1,7,7491/SK/BAN-PT/Ak.Ppj/S/IX/2025,2025,s1arsitektur@universitaskatolikdarmacendika.ac.id,Tidak Terakreditasi,0000-00-00,Masih Berlaku,Arsitektur,Tidak,BAN-PT tabel #akreditasi,6/25/2015,arsitektur
Universitas Katolik Musi Charitas,arsitektur,S1,2,4080/SK/BAN-PT/Ak-PNB/S/V/2024,2024,s1arsitektur@universitaskatolikmusicharitas.ac.id,Baik,2029-04-16,Masih Berlaku,Arsitektur,Ya,BAN-PT tabel #akreditasi,5/9/2024,arsitektur
Universitas Katolik Musi Charitas,teknik arsitektur,S1,,,,,Baik,2029-04-16,,TEKNIK ARSITEKTUR,Tidak,BAN-PT tabel #akreditasi,4/16/2024,teknik arsitektur
Universitas Katolik Parahyangan,arsitektur,S1,4,,2025,s1arsitektur@universitaskatolikparahyangan.ac.id,Unggul,2029-11-13,,ARSITEKTUR,Ya,BAN-PT tabel #akreditasi,10/29/2024,arsitektur
Universitas Katolik Parahyangan,arsitektur,S2,4,,2025,s2arsitektur@universitaskatolikparahyangan.ac.id,Unggul,2029-11-13,,ARSITEKTUR,Ya,BAN-PT tabel #akreditasi,10/29/2024,arsitektur
Universitas Katolik Parahyangan,ilmu arsitektur,S3,4,,,s3ilmuarsitektur@universitaskatolikparahyangan.ac.id,Baik Sekali,2030-03-30,,Ilmu Arsitektur,Ya,BAN-PT tabel #akreditasi,3/19/2025,ilmu arsitektur
Universitas Katolik Parahyangan,pendidikan arsitek,Profesi,,,,,Terakreditasi Sementara,2029-06-06,,Pendidikan Profesi Arsitek,Ya,BAN-PT tabel #akreditasi,6/6/2024,pendidikan arsitek
Universitas Katolik Santo Thomas,arsitektur,S1,1,944/SK/BAN-PT/Ak.Ppj/S/III/2024,2024,s1arsitektur@universitaskatoliksantothomas.ac.id,B,2029-03-14,Masih Berlaku,Arsitektur,Ya,BAN-PT tabel #akreditasi,3/19/2024,arsitektur
Universitas Katolik Soegijapranata,arsitektur,D4,6,4762/SK/BAN-PT/Ak.Ppj/S/VI/2024,2024,s1arsitektur@universitaskatoliksoegijapranata.ac.id,Unggul,2029-07-10,Masih Berlaku,Arsitektur,Ya,BAN-PT tabel #akreditasi,6/25/2024,arsitektur
Universitas Katolik Soegijapranata,desain komunikasi visual,S1,6,,2025,s1desainkomunikasivisual@universitaskatoliksoegijapranata.ac.id,Baik Sekali,2026-06-18,,DESAIN KOMUNIKASI VISUAL,Ya,BAN-PT tabel #akreditasi,4/29/2025,desain komunikasi visual
Universitas Katolik Soegijapranata,ilmu lingkungan,S3,6,,2025,s3ilmulingkungan@universitaskatoliksoegijapranata.ac.id,Baik,2026-06-22,,ILMU LINGKUNGAN,Ya,BAN-PT tabel #akreditasi,6/22/2021,ilmu lingkungan
Universitas Katolik Soegijapranata,lingkungan dan perkotaan,S2,,,,,Baik Sekali,2029-03-13,,Lingkungan dan Perkotaan,Ya,BAN-PT tabel #akreditasi,3/13/2024,lingkungan dan perkotaan
Universitas Katolik Widya Mandira Kupang,arsitektur,S1,15,6536/SK/BAN-PT/Ak/S/XI/2024,2024,s1arsitektur@universitaskatolikwidyamandirakupang.ac.id,Baik,2029-11-05,Masih Berlaku,Arsitektur,Ya,BAN-PT tabel #akreditasi,11/5/2024,arsitektur
Universitas Kebangsaan Republik Indonesia,arsitektur,S1,4,3204/SK/BAN-PT/Ak/S/VIII/2023,2023,s1arsitektur@universitaskebangsaanrepublikindonesia.ac.id,Baik Sekali,2028-08-15,Masih Berlaku,Arsitektur,Ya,BAN-PT tabel #akreditasi,8/15/2023,arsitektur
Universitas Kebangsaan,arsitektur,S1,,,,,B,2022-05-09,,ARSITEKTUR,Tidak,BAN-PT tabel #akreditasi,5/9/2017,arsitektur
Universitas Khairun,arsitektur,S1,PTN,1101/SK/BAN-PT/Ak/S/IV/2024,2024,s1arsitektur@universitaskhairun.ac.id,Baik Sekali,2029-04-02,Masih Berlaku,Arsitektur,Ya,BAN-PT tabel #akreditasi,4/2/2024,arsitektur
Universitas Klabat,arsitektur,S1,16,,2025,s1arsitektur@universitasklabat.ac.id,Terakreditasi Sementara,2030-09-09,,ARSITEKTUR,Ya,BAN-PT tabel #akreditasi,9/9/2025,arsitektur
Universitas Komputer Indonesia,desain grafis,D3,4,5686/SK/BAN-PT/PEPA-Ppj/D3/VIII/2024,2024,diiidesaingrafis@universitaskomputerindonesia.ac.id,Baik,2029-08-27,Masih Berlaku,Desain Grafis,Ya,BAN-PT tabel #akreditasi,8/27/2024,desain grafis
Universitas Komputer Indonesia,desain interior,S1,4,,2025,s1desaininterior@universitaskomputerindonesia.ac.id,Unggul,2031-04-09,,DESAIN INTERIOR,Ya,BAN-PT tabel #akreditasi,4/9/2026,desain interior
Universitas Komputer Indonesia,desain komunikasi visual,S1,4,,2025,s1desainkomunikasivisual@universitaskomputerindonesia.ac.id,B,2028-09-14,,DESAIN KOMUNIKASI VISUAL,Ya,BAN-PT tabel #akreditasi,9/5/2023,desain komunikasi visual
Universitas Komputer Indonesia,desain,S2,4,,2025,s2desain@universitaskomputerindonesia.ac.id,Baik Sekali,2027-01-27,,DESAIN,Ya,BAN-PT tabel #akreditasi,5/14/2025,desain
Universitas Komputer Indonesia,teknik arsitektur,S1,4,,2025,s1teknikarsitektur@universitaskomputerindonesia.ac.id,Baik Sekali,2030-10-28,,TEKNIK ARSITEKTUR,Ya,BAN-PT tabel #akreditasi,10/28/2025,teknik arsitektur
Universitas Komputer Indonesia,teknik perencanaan wilayah dan kota,S1,4,,2025,s1teknikperencanaanwilayahdankota@universitaskomputerindonesia.ac.id,Baik Sekali,2031-04-09,,TEKNIK PERENCANAAN WILAYAH DAN KOTA,Ya,BAN-PT tabel #akreditasi,4/9/2026,teknik perencanaan wilayah dan kota
Universitas Krisnadwipayana,arsitektur,S1,3,,2025,s1arsitektur@universitaskrisnadwipayana.ac.id,Baik Sekali,2031-03-10,,ARSITEKTUR,Ya,BAN-PT tabel #akreditasi,3/10/2026,arsitektur
Universitas Krisnadwipayana,kajian pembangunan perkotaan dan wilayah,S2,,,,,Baik Sekali,2029-11-19,,Kajian Pembangunan Perkotaan & Wilayah,Ya,BAN-PT tabel #akreditasi,11/19/2024,kajian pembangunan perkotaan dan wilayah
Universitas Krisnadwipayana,perencanaan wilayah dan kota,S1,3,,2025,s1perencanaanwilayahdankota@universitaskrisnadwipayana.ac.id,Baik Sekali,2031-01-13,,PERENCANAAN WILAYAH DAN KOTA,Ya,BAN-PT tabel #akreditasi,1/13/2026,perencanaan wilayah dan kota
Universitas Kristen Duta Wacana,arsitektur,D3,5,302/SK/BAN-PT/Ak/M/II/2025,2025,s2arsitektur@universitaskristendutawacana.ac.id,Unggul,2030-12-31,Masih Berlaku,Arsitektur,Ya,BAN-PT tabel #akreditasi,12/23/2025,arsitektur
Universitas Kristen Duta Wacana,arsitektur,S1,5,,2025,s1arsitektur@universitaskristendutawacana.ac.id,Unggul,2030-12-31,,ARSITEKTUR,Ya,BAN-PT tabel #akreditasi,12/23/2025,arsitektur
Universitas Kristen Duta Wacana,desain produk,S1,5,,2025,s1desainproduk@universitaskristendutawacana.ac.id,B,2030-11-02,,DESAIN PRODUK,Ya,BAN-PT tabel #akreditasi,11/3/2025,desain produk
Universitas Kristen Indonesia Tomohon,arsitektur,S1,16,7610/SK/BAN-PT/Ak/S/IX/2025,2025,s1arsitektur@universitaskristenindonesiatomohon.ac.id,Baik,2030-09-16,Masih Berlaku,Arsitektur,Ya,BAN-PT tabel #akreditasi,9/16/2025,arsitektur
Universitas Kristen Indonesia,arsitektur,S2,3,5135/SK/BAN-PT/Ak.Ppj/M/XII/2023,2023,s2arsitektur@universitaskristenindonesia.ac.id,Unggul,2026-02-05,Masih Berlaku,Arsitektur,Tidak,BAN-PT tabel #akreditasi,4/13/2021,arsitektur
Universitas Kristen Maranatha,arsitektur,S1,4,2682/SK/BAN-PT/Akred/S/V/2021,2021,s1arsitektur@universitaskristenmaranatha.ac.id,Baik,2026-05-04,145 hari lagi kedaluwarsa,Arsitektur,Ya,BAN-PT tabel #akreditasi,5/4/2021,arsitektur
Universitas Kristen Maranatha,desain interior,S1,4,,2025,s1desaininterior@universitaskristenmaranatha.ac.id,A,2029-05-29,,DESAIN INTERIOR,Ya,BAN-PT tabel #akreditasi,5/21/2024,desain interior
Universitas Kristen Maranatha,desain komunikasi visual,S1,4,,2025,s1desainkomunikasivisual@universitaskristenmaranatha.ac.id,Baik Sekali,2030-11-04,,DESAIN KOMUNIKASI VISUAL,Ya,BAN-PT tabel #akreditasi,11/3/2025,desain komunikasi visual
Universitas Kristen Maranatha,desain mode,S1,,,2025,,Terakreditasi Pertama,2028-02-24,,DESAIN MODE,Ya,BAN-PT tabel #akreditasi,2/24/2026,desain mode
Universitas Kristen Petra,arsitektur,S1,7,7469/SK/BAN-PT/Ak.Ppj/S/IX/2025,2025,s1arsitektur@universitaskristenpetra.ac.id,Tidak Terakreditasi,0000-00-00,Masih Berlaku,Arsitektur,Tidak,BAN-PT tabel #akreditasi,6/25/2015,arsitektur
Universitas Kristen Petra,desain interior,S1,7,,2025,s1desaininterior@universitaskristenpetra.ac.id,Unggul,2029-10-16,,DESAIN INTERIOR,Ya,BAN-PT tabel #akreditasi,5/6/2025,desain interior
Universitas Kristen Petra,desain komunikasi visual,S1,7,6246/SK/BAN-PT/Ak.KP/S/IV/2025,2025,s1desainkomunikasivisual@universitaskristenpetra.ac.id,Unggul,2030-04-08,Masih Berlaku,Desain Komunikasi Visual,Ya,BAN-PT tabel #akreditasi,4/22/2025,desain komunikasi visual
Universitas Kristen Petra,desain,S2,7,7142/SK/BAN-PT/Ak.P/S2/VIII/2025,2025,s2desain@universitaskristenpetra.ac.id,Terakreditasi Sementara,2030-08-25,Masih Berlaku,Desain,Ya,BAN-PT tabel #akreditasi,8/25/2025,desain
Universitas Kristen Satya Wacana,desain komunikasi visual,D4,6,9109/SK/BAN-PT/Ak.Ppj/S/XI/2022,2022,s1desainkomunikasivisual@universitaskristensatyawacana.ac.id,A,2027-11-22,Masih Berlaku,Desain Komunikasi Visual,Ya,BAN-PT tabel #akreditasi,11/8/2022,desain komunikasi visual
Universitas Kuningan,desain komunikasi visual,S1,4,,2025,s1desainkomunikasivisual@universitaskuningan.ac.id,Baik,2031-04-14,,DESAIN KOMUNIKASI VISUAL,Ya,BAN-PT tabel #akreditasi,3/31/2026,desain komunikasi visual
Universitas Kuningan,ilmu lingkungan,S1,4,,2025,s1ilmulingkungan@universitaskuningan.ac.id,Baik,2027-07-05,,ILMU LINGKUNGAN,Ya,BAN-PT tabel #akreditasi,7/5/2022,ilmu lingkungan
Universitas Lakidende Unaaha,perencanaan wilayah dan kota,S1,,,2025,,Baik,2026-03-23,,PERENCANAAN WILAYAH DAN KOTA,Tidak,BAN-PT tabel #akreditasi,3/23/2021,perencanaan wilayah dan kota
Universitas Lakidende Unahaa,perencanaan wilayah dan kota,S3,9,1623/SK/BAN-PT/Akred/S/III/2021,2021,s1perencanaanwilayahdankota@universitaslakidendeunahaa.ac.id,Baik,2026-03-23,103 hari lagi kedaluwarsa,Perencanaan Wilayah Dan Kota,Tidak,BAN-PT tabel #akreditasi,3/23/2021,perencanaan wilayah dan kota
Universitas Lambung Mangkurat,arsitektur,S1,PTN,6700/SK/BAN-PT/Ak/S/XI/2024,2024,s1arsitektur@universitaslambungmangkurat.ac.id,Baik Sekali,2029-11-12,Masih Berlaku,Arsitektur,Ya,BAN-PT tabel #akreditasi,11/12/2024,arsitektur
Universitas Lambung Mangkurat,arsitektur,S2,PTN,2403/SK/BAN-PT/Ak.P/S2/IV/2025,2025,s2arsitektur@universitaslambungmangkurat.ac.id,Baik Sekali,2029-11-12,Masih Berlaku,Arsitektur,Ya,BAN-PT tabel #akreditasi,11/12/2024,arsitektur
Universitas Lambung Mangkurat,ilmu lingkungan,S1,PTN,,2025,s1ilmulingkungan@universitaslambungmangkurat.ac.id,Baik Sekali,2029-02-27,,ILMU LINGKUNGAN,Ya,BAN-PT tabel #akreditasi,2/27/2024,ilmu lingkungan
Universitas Lambung Mangkurat,ilmu lingkungan,S3,PTN,,2025,s3ilmulingkungan@universitaslambungmangkurat.ac.id,Baik Sekali,2029-02-27,,ILMU LINGKUNGAN,Ya,BAN-PT tabel #akreditasi,2/27/2024,ilmu lingkungan
Universitas Lambung Mangkurat,pengelolaan sumberdaya alam dan lingkungan,S2,PTN,,2025,s2pengelolaansumberdayaalamlingkungan@universitaslambungmangkurat.ac.id,Baik Sekali,2026-05-11,,PENGELOLAAN SUMBERDAYA ALAM & LINGKUNGAN,Ya,BAN-PT tabel #akreditasi,5/11/2021,pengelolaan sumberdaya alam dan lingkungan
Universitas Lampung,arsitektur,S1,PTN,,2025,s1arsitektur@universitaslampung.ac.id,Baik Sekali,2030-09-02,,ARSITEKTUR,Ya,BAN-PT tabel #akreditasi,9/2/2025,arsitektur
Universitas Lampung,ilmu lingkungan,S2,PTN,,2025,s2ilmulingkungan@universitaslampung.ac.id,Unggul,2030-05-06,,ILMU LINGKUNGAN,Ya,BAN-PT tabel #akreditasi,5/6/2025,ilmu lingkungan
Universitas Lampung,ilmu lingkungan,S3,PTN,,2025,s3ilmulingkungan@universitaslampung.ac.id,Unggul,2030-05-06,,ILMU LINGKUNGAN,Ya,BAN-PT tabel #akreditasi,5/6/2025,ilmu lingkungan
Universitas Lampung,perencanaan wilayah dan kota,S2,PTN,,2025,s2perencanaanwilayahdankota@universitaslampung.ac.id,Baik Sekali,2031-03-03,,PERENCANAAN WILAYAH DAN KOTA,Ya,BAN-PT tabel #akreditasi,3/3/2026,perencanaan wilayah dan kota
Universitas Lancang Kuning,arsitektur,S1,17,13847/SK/BAN-PT/Ak-PPJ/S/XII/2021,2021,s1arsitektur@universitaslancangkuning.ac.id,B,2026-12-28,Masih Berlaku,Arsitektur,Ya,BAN-PT tabel #akreditasi,12/29/2021,arsitektur
Universitas Lancang Kuning,desain interior,S1,17,,2025,s1desaininterior@universitaslancangkuning.ac.id,Baik,2029-12-11,,DESAIN INTERIOR,Ya,BAN-PT tabel #akreditasi,12/11/2024,desain interior
Universitas Lancang Kuning,ilmu lingkungan,S2,17,,2025,s2ilmulingkungan@universitaslancangkuning.ac.id,Baik,2029-10-22,,ILMU LINGKUNGAN,Ya,BAN-PT tabel #akreditasi,10/22/2024,ilmu lingkungan
Universitas Langlang Buana,arsitektur,S1,4,,2025,s1arsitektur@universitaslanglangbuana.ac.id,Baik Sekali,2031-03-31,,ARSITEKTUR,Ya,BAN-PT tabel #akreditasi,3/31/2026,arsitektur
Universitas LIA,desain komunikasi visual,S1,3,,2025,s1desainkomunikasivisual@universitaslia.ac.id,Terakreditasi Sementara,2029-09-03,,DESAIN KOMUNIKASI VISUAL,Ya,BAN-PT tabel #akreditasi,9/3/2024,desain komunikasi visual
Universitas Ma Chung,desain komunikasi visual -,S1,7,,2025,s1desainkomunikasivisual@universitasmachung.ac.id,Baik,2029-04-29,,DESAIN KOMUNIKASI VISUAL -,Ya,BAN-PT tabel #akreditasi,4/29/2024,desain komunikasi visual -
Universitas Maarif Hasyim Latif,desain komunikasi visual,S1,7,593/SK/BAN-PT/Ak/S/II/2024,2024,s1desainkomunikasivisual@universitasmaarifhasyimlatif.ac.id,Baik Sekali,2029-02-27,Masih Berlaku,Desain Komunikasi Visual,Ya,BAN-PT tabel #akreditasi,2/27/2024,desain komunikasi visual
Universitas Madako Tolitoli,arsitektur,S1,16,7078/SK/BAN-PT/Ak.Ppj/S1/VII/2025,2025,s1arsitektur@universitasmadakotolitoli.ac.id,Baik,2030-07-22,Masih Berlaku,Arsitektur,Ya,BAN-PT tabel #akreditasi,7/29/2025,arsitektur
Universitas Madani,arsitektur,S1,5,,2025,s1arsitektur@universitasmadani.ac.id,Terakreditasi Sementara,2030-01-14,,ARSITEKTUR,Ya,BAN-PT tabel #akreditasi,1/14/2025,arsitektur
Universitas Mahakarya Asia,arsitektur,D3,5,4370/SK/BAN-PT/Ak/S/V/2024,2024,s1arsitektur@universitasmahakaryaasia.ac.id,Baik,2029-05-21,Masih Berlaku,Arsitektur,Ya,BAN-PT tabel #akreditasi,5/21/2024,arsitektur
Universitas Mahasaraswati Denpasar,perencanaan pembangunan wilayah dan pengelolaan lingkungan,S2,,,,,A,2025-09-29,,Perencanaan Pembangunan Wilayah dan Pengelolaan Lingkungan,Tidak,BAN-PT tabel #akreditasi,9/29/2020,perencanaan pembangunan wilayah dan pengelolaan lingkungan
Universitas Mahasaraswati Denpasar,perencanaan wilayah dan perdesaan,S2,8,,2025,s2perencanaanwilayahdanperdesaan@universitasmahasaraswatidenpasar.ac.id,Unggul,2030-09-30,,PERENCANAAN WILAYAH DAN PERDESAAN,Ya,BAN-PT tabel #akreditasi,11/25/2025,perencanaan wilayah dan perdesaan
Universitas Malikussaleh,arsitektur,S1,PTN,,2025,s1arsitektur@universitasmalikussaleh.ac.id,Baik Sekali,2027-04-26,,ARSITEKTUR,Ya,BAN-PT tabel #akreditasi,6/7/2022,arsitektur
Universitas Maritim Raja Ali Haji (UMRAH),ilmu lingkungan,S2,PTN,,2025,s2ilmulingkungan@universitasmaritimrajaalihajiumrah.ac.id,Baik,2028-04-04,,ILMU LINGKUNGAN,Ya,BAN-PT tabel #akreditasi,4/4/2023,ilmu lingkungan
Universitas Maritim Raja Ali Haji (UMRAH),manajemen sumber daya perairan,S1,,,2025,,B,2026-07-22,,MANAJEMEN SUMBERDAYA PERAIRAN,Ya,BAN-PT tabel #akreditasi,7/21/2021,manajemen sumber daya perairan
Universitas Maritim Raja Ali Haji (Umrah),perencanaan wilayah dan kota,S1,PTN,038/SK/BAN-PT/Ak.P/2.0/S1/X/2025,2025,s1perencanaanwilayahdankota@universitasmaritimrajaalihajiumrah.ac.id,Terakreditasi Sementara,2030-10-28,Masih Berlaku,Perencanaan Wilayah Dan Kota,Ya,BAN-PT tabel #akreditasi,10/28/2025,perencanaan wilayah dan kota
Universitas Matana,arsitektur,S1,4,,2025,s1arsitektur@universitasmatana.ac.id,C,2024-06-12,,ARSITEKTUR,Tidak,BAN-PT tabel #akreditasi,6/12/2019,arsitektur
Universitas Matana,desain komunikasi visual,S1,4,,2025,s1desainkomunikasivisual@universitasmatana.ac.id,C,2024-05-28,,DESAIN KOMUNIKASI VISUAL,Tidak,BAN-PT tabel #akreditasi,5/28/2019,desain komunikasi visual
Universitas Medan Area,arsitektur,S1,1,6695/SK/BAN-PT/Ak.Ppj/S/V/2025,2025,s1arsitektur@universitasmedanarea.ac.id,Baik Sekali,2030-05-06,Masih Berlaku,Arsitektur,Ya,BAN-PT tabel #akreditasi,5/27/2025,arsitektur
Universitas Mercu Buana,arsitektur,S1,3,4723/SK/BAN-PT/Ak/S/VI/2024,2024,s1arsitektur@universitasmercubuana.ac.id,Baik Sekali,2029-06-25,Masih Berlaku,Arsitektur,Ya,BAN-PT tabel #akreditasi,6/25/2024,arsitektur
Universitas Mercu Buana,desain interior,S1,3,,2025,s1desaininterior@universitasmercubuana.ac.id,Baik Sekali,2028-06-20,,DESAIN INTERIOR,Ya,BAN-PT tabel #akreditasi,6/20/2023,desain interior
Universitas Mercu Buana,desain komunikasi visual,S1,3,,2025,s1desainkomunikasivisual@universitasmercubuana.ac.id,B,2029-03-27,,DESAIN KOMUNIKASI VISUAL,Ya,BAN-PT tabel #akreditasi,3/13/2024,desain komunikasi visual
Universitas Mercu Buana,desain produk,S1,3,,2025,s1desainproduk@universitasmercubuana.ac.id,B,2028-11-02,,DESAIN PRODUK,Ya,BAN-PT tabel #akreditasi,12/21/2023,desain produk
Universitas Mercu Buana,pendidikan arsitek,Profesi,,,,,Terakreditasi Sementara,2030-05-14,,Pendidikan Profesi Arsitek,Ya,BAN-PT tabel #akreditasi,5/14/2025,pendidikan arsitek
Universitas Merdeka Malang,arsitektur,S1,7,6362/SK/BAN-PT/Ak.KP/S/V/2025,2025,s1arsitektur@universitasmerdekamalang.ac.id,Baik Sekali,2030-03-19,Masih Berlaku,Arsitektur,Ya,BAN-PT tabel #akreditasi,5/6/2025,arsitektur
Universitas Merdeka Surabaya,arsitektur,S1,7,,2025,s1arsitektur@universitasmerdekasurabaya.ac.id,Baik,2026-04-29,,ARSITEKTUR,Ya,BAN-PT tabel #akreditasi,4/26/2022,arsitektur
Universitas Metamedia,desain komunikasi visual,S1,10,481/SK/BAN-PT/Ak.P/S/II/2024,2024,s1desainkomunikasivisual@universitasmetamedia.ac.id,Baik,2026-02-21,73 hari lagi kedaluwarsa,DESAIN KOMUNIKASI VISUAL,Tidak,BAN-PT tabel #akreditasi,2/21/2024,desain komunikasi visual
Universitas Muhammadiyah Aceh,arsitektur,S1,13,6190/SK/BAN-PT/PEPA-Ppj/S/IV/2025,2025,s1arsitektur@universitasmuhammadiyahaceh.ac.id,Baik,2031-03-03,Masih Berlaku,Arsitektur,Ya,BAN-PT tabel #akreditasi,3/3/2026,arsitektur
Universitas Muhammadiyah Banjarmasin,arsitektur,S1,11,6928/SK/BAN-PT/Ak.Ppj/S/XI/2024,2024,s1arsitektur@universitasmuhammadiyahbanjarmasin.ac.id,B,2029-08-14,Masih Berlaku,Arsitektur,Ya,BAN-PT tabel #akreditasi,11/26/2024,arsitektur
Universitas Muhammadiyah Banjarmasin,perencanaan wilayah dan kota,S1,11,,2025,s1perencanaanwilayahdankota@universitasmuhammadiyahbanjarmasin.ac.id,B,2030-07-29,,PERENCANAAN WILAYAH DAN KOTA,Ya,BAN-PT tabel #akreditasi,8/5/2025,perencanaan wilayah dan kota
Universitas Muhammadiyah Barru,perencanaan wilayah dan kota,S1,9,,2025,s1perencanaanwilayahdankota@universitasmuhammadiyahbarru.ac.id,Terakreditasi Sementara,2030-06-24,,PERENCANAAN WILAYAH DAN KOTA,Ya,BAN-PT tabel #akreditasi,6/24/2025,perencanaan wilayah dan kota
Universitas Muhammadiyah Bengkulu,arsitektur,S1,2,6270/SK/BAN-PT/Ak.P/S/IV/2025,2025,s1arsitektur@universitasmuhammadiyahbengkulu.ac.id,Baik,2027-04-29,Masih Berlaku,Arsitektur,Ya,BAN-PT tabel #akreditasi,4/29/2025,arsitektur
Universitas Muhammadiyah Berau,perencanaan wilayah dan kota,S1,11,,2025,s1perencanaanwilayahdankota@universitasmuhammadiyahberau.ac.id,Baik,2028-06-20,,PERENCANAAN WILAYAH DAN KOTA,Ya,BAN-PT tabel #akreditasi,6/20/2023,perencanaan wilayah dan kota
Universitas Muhammadiyah Bulukumba,perencanaan wilayah dan kota,S1,9,,2025,s1perencanaanwilayahdankota@universitasmuhammadiyahbulukumba.ac.id,Baik,2027-03-08,,PERENCANAAN WILAYAH DAN KOTA,Ya,BAN-PT tabel #akreditasi,3/8/2022,perencanaan wilayah dan kota
Universitas Muhammadiyah Jakarta,arsitektur,S1,3,6406/SK/BAN-PT/PEPA-Ppj/S/X/2024,2024,s1arsitektur@universitasmuhammadiyahjakarta.ac.id,Baik Sekali,2029-10-19,Masih Berlaku,Arsitektur,Ya,BAN-PT tabel #akreditasi,10/19/2024,arsitektur
Universitas Muhammadiyah Jambi,perencanaan wilayah dan kota,S1,10,,2025,s1perencanaanwilayahdankota@universitasmuhammadiyahjambi.ac.id,Terakreditasi Sementara,2030-01-14,,PERENCANAAN WILAYAH DAN KOTA,Ya,BAN-PT tabel #akreditasi,1/14/2025,perencanaan wilayah dan kota
Universitas Muhammadiyah Kendari,arsitektur,S3,9,7824/SK/BAN-PT/PEPA-Ppj/S/X/2025,2025,s1arsitektur@universitasmuhammadiyahkendari.ac.id,Baik,2030-10-06,Masih Berlaku,Arsitektur,Ya,BAN-PT tabel #akreditasi,10/6/2025,arsitektur
Universitas Muhammadiyah Kendari,desain komunikasi visual,S1,9,,2025,s1desainkomunikasivisual@universitasmuhammadiyahkendari.ac.id,Terakreditasi Pertama,2027-12-02,,DESAIN KOMUNIKASI VISUAL,Ya,BAN-PT tabel #akreditasi,12/2/2025,desain komunikasi visual
Universitas Muhammadiyah Madiun,ilmu lingkungan,S1,7,,2025,s1ilmulingkungan@universitasmuhammadiyahmadiun.ac.id,Baik,2028-06-06,,ILMU LINGKUNGAN,Ya,BAN-PT tabel #akreditasi,6/6/2023,ilmu lingkungan
Universitas Muhammadiyah Makassar,arsitektur,S3,9,1839/SK/BAN-PT/Ak/S/V/2023,2023,s1arsitektur@universitasmuhammadiyahmakassar.ac.id,Unggul,2028-05-17,Masih Berlaku,Arsitektur,Ya,BAN-PT tabel #akreditasi,5/17/2023,arsitektur
Universitas Muhammadiyah Makassar,perencanaan wilayah dan kota,S1,9,,2025,s1perencanaanwilayahdankota@universitasmuhammadiyahmakassar.ac.id,Baik,2028-06-06,,PERENCANAAN WILAYAH DAN KOTA,Ya,BAN-PT tabel #akreditasi,6/6/2023,perencanaan wilayah dan kota
Universitas Muhammadiyah Mataram,ilmu lingkungan,S2,8,,2025,s2ilmulingkungan@universitasmuhammadiyahmataram.ac.id,Baik Sekali,2029-03-05,,ILMU LINGKUNGAN,Ya,BAN-PT tabel #akreditasi,3/5/2024,ilmu lingkungan
Universitas Muhammadiyah Mataram,perencanaan wilayah dan kota,S1,8,,2025,s1perencanaanwilayahdankota@universitasmuhammadiyahmataram.ac.id,Baik Sekali,2030-08-27,,PERENCANAAN WILAYAH DAN KOTA,Ya,BAN-PT tabel #akreditasi,8/27/2025,perencanaan wilayah dan kota
Universitas Muhammadiyah Palembang,arsitektur,S1,2,4022/SK/BAN-PT/Ak.Ppj/S/V/2024,2024,s1arsitektur@universitasmuhammadiyahpalembang.ac.id,B,2029-05-15,Masih Berlaku,Arsitektur,Ya,BAN-PT tabel #akreditasi,5/7/2024,arsitektur
Universitas Muhammadiyah Palopo,perencanaan wilayah dan kota,S1,9,,2025,s1perencanaanwilayahdankota@universitasmuhammadiyahpalopo.ac.id,Baik,2027-04-29,,PERENCANAAN WILAYAH DAN KOTA,Ya,BAN-PT tabel #akreditasi,4/29/2025,perencanaan wilayah dan kota
Universitas Muhammadiyah Papua ,ilmu lingkungan,S1,14,,2025,s1ilmulingkungan@universitasmuhammadiyahpapua.ac.id,Baik,2030-05-06,,ILMU LINGKUNGAN,Ya,BAN-PT tabel #akreditasi,5/6/2025,ilmu lingkungan
Universitas Muhammadiyah Pare-pare,perencanaan wilayah dan kota,S1,9,,2025,s1perencanaanwilayahdankota@universitasmuhammadiyahparepare.ac.id,Baik,2027-05-15,,PERENCANAAN WILAYAH DAN KOTA,Ya,BAN-PT tabel #akreditasi,5/15/2025,perencanaan wilayah dan kota
Universitas Muhammadiyah Purwokerto,desain komunikasi visual,S1,6,,2025,s1desainkomunikasivisual@universitasmuhammadiyahpurwokerto.ac.id,Terakreditasi Sementara,2029-03-26,,DESAIN KOMUNIKASI VISUAL,Ya,BAN-PT tabel #akreditasi,3/26/2024,desain komunikasi visual
Universitas Muhammadiyah Semarang,arsitektur,D4,6,8340/SK/BAN-PT/Ak/S/XI/2025,2025,s1arsitektur@universitasmuhammadiyahsemarang.ac.id,Baik,2030-11-18,Masih Berlaku,Arsitektur,Ya,BAN-PT tabel #akreditasi,11/18/2025,arsitektur
Universitas Muhammadiyah Sinjai,perencanaan wilayah dan kota,S1,9,,2025,s1perencanaanwilayahdankota@universitasmuhammadiyahsinjai.ac.id,Baik,2026-11-05,,PERENCANAAN WILAYAH DAN KOTA,Ya,BAN-PT tabel #akreditasi,11/5/2024,perencanaan wilayah dan kota
Universitas Muhammadiyah Sorong,perencanaan wilayah dan kota,S1,14,,2025,s1perencanaanwilayahdankota@universitasmuhammadiyahsorong.ac.id,Baik,2030-06-24,,PERENCANAAN WILAYAH DAN KOTA,Ya,BAN-PT tabel #akreditasi,6/24/2025,perencanaan wilayah dan kota
Universitas Muhammadiyah Surabaya,arsitektur,S1,7,740/SK/BAN-PT/Ak/S/III/2024,2024,s1arsitektur@universitasmuhammadiyahsurabaya.ac.id,Baik Sekali,2029-03-13,Masih Berlaku,Arsitektur,Ya,BAN-PT tabel #akreditasi,3/13/2024,arsitektur
Universitas Muhammadiyah Surabaya,desain komunikasi visual,S1,7,,2025,s1desainkomunikasivisual@universitasmuhammadiyahsurabaya.ac.id,Baik,2031-02-03,,DESAIN KOMUNIKASI VISUAL,Ya,BAN-PT tabel #akreditasi,2/3/2026,desain komunikasi visual
Universitas Muhammadiyah Surakarta,arsitektur,D4,6,13456/SK/BAN-PT/AK-ISK/S/XII/2021,2021,s1arsitektur@universitasmuhammadiyahsurakarta.ac.id,A,2026-09-30,Masih Berlaku,Arsitektur,Tidak,BAN-PT tabel #akreditasi,1/18/2022,arsitektur
Universitas Muhammadiyah Surakarta,pendidikan arsitek,Profesi,,,,,Terakreditasi Pertama,2028-01-26,,Pendidikan Profesi Arsitek,Ya,BAN-PT tabel #akreditasi,1/26/2026,pendidikan arsitek
Universitas Muhammadiyah Tangerang,desain komunikasi visual,S1,4,,2025,s1desainkomunikasivisual@universitasmuhammadiyahtangerang.ac.id,Baik,2027-08-09,,DESAIN KOMUNIKASI VISUAL,Ya,BAN-PT tabel #akreditasi,8/9/2022,desain komunikasi visual
Universitas Muhammadiyah Tegal,desain produk,D3,6,53/SK/BAN-PT/Ak.P/D3/I/2025,2025,diiidesainproduk@universitasmuhammadiyahtegal.ac.id,Terakreditasi Sementara,2030-01-14,Masih Berlaku,Desain Produk,Ya,BAN-PT tabel #akreditasi,1/14/2025,desain produk
Universitas Mulawarman,arsitektur,S1,PTN,,2025,s1arsitektur@universitasmulawarman.ac.id,Baik,2028-10-17,,ARSITEKTUR,Ya,BAN-PT tabel #akreditasi,10/17/2023,arsitektur
Universitas Mulawarman,ilmu lingkungan,S1,PTN,,2025,s1ilmulingkungan@universitasmulawarman.ac.id,B,2026-08-05,,ILMU LINGKUNGAN,Ya,BAN-PT tabel #akreditasi,1/18/2022,ilmu lingkungan
Universitas Mulawarman,ilmu lingkungan,S2,PTN,,2025,s2ilmulingkungan@universitasmulawarman.ac.id,B,2026-08-05,,ILMU LINGKUNGAN,Ya,BAN-PT tabel #akreditasi,1/18/2022,ilmu lingkungan
Universitas Mulawarman,ilmu lingkungan,S3,PTN,,2025,s3ilmulingkungan@universitasmulawarman.ac.id,B,2026-08-05,,ILMU LINGKUNGAN,Ya,BAN-PT tabel #akreditasi,1/18/2022,ilmu lingkungan
Universitas Mulawarman,pengelolaan sumberdaya perikanan,S1,PTN,,2025,s1pengelolaansumberdayaperikanan@universitasmulawarman.ac.id,A,2029-02-27,,PENGELOLAAN SUMBERDAYA PERIKANAN,Ya,BAN-PT tabel #akreditasi,2/27/2024,pengelolaan sumberdaya perikanan
Universitas Mulia,desain komunikasi visual,S1,11,,2025,s1desainkomunikasivisual@universitasmulia.ac.id,Terakreditasi Sementara,2030-08-25,,DESAIN KOMUNIKASI VISUAL,Ya,BAN-PT tabel #akreditasi,8/25/2025,desain komunikasi visual
Universitas Multi Data Palembang,desain komunikasi visual,S1,2,071/SK/BAN-PT/Ak.P/2.0/S1/XII/2025,2025,s1desainkomunikasivisual@universitasmultidatapalembang.ac.id,Terakreditasi Pertama,2027-12-02,Masih Berlaku,Desain Komunikasi Visual,Ya,BAN-PT tabel #akreditasi,12/2/2025,desain komunikasi visual
Universitas Multimedia Nusantara Jakarta,arsitektur,S1,3,7318/SK/BAN-PT/Ak/S/VIII/2025,2025,s1arsitektur@universitasmultimedianusantarajakarta.ac.id,B,2028-05-31,Masih Berlaku,Arsitektur,Ya,BAN-PT tabel #akreditasi,12/22/2025,arsitektur
Universitas Multimedia Nusantara Jakarta,desain,S2,3,,2025,s2desain@universitasmultimedianusantarajakarta.ac.id,Terakreditasi Sementara,2030-11-18,,DESAIN,Ya,BAN-PT tabel #akreditasi,11/18/2025,desain
Universitas Multimedia Nusantara Jakarta,pendidikan arsitek,Profesi,,,,,Baik,2030-10-22,,Pendidikan Profesi Arsitek,Ya,BAN-PT tabel #akreditasi,10/22/2025,pendidikan arsitek
Universitas Multimedia Nusantara,desain komunikasi visual,S1,3,13626/SK/BAN-PT/Ak-PPJ/S/XII/2021,2021,s1desainkomunikasivisual@universitasmultimedianusantara.ac.id,A,2026-12-28,Masih Berlaku,Desain Komunikasi Visual,Ya,BAN-PT tabel #akreditasi,12/23/2021,desain komunikasi visual
Universitas Musamus Merauke,arsitektur,S1,PTN,4700/SK/BAN-PT/Ak/S/XI/2023,2023,s1arsitektur@universitasmusamusmerauke.ac.id,Baik Sekali,2028-11-14,Masih Berlaku,ARSITEKTUR,Ya,BAN-PT tabel #akreditasi,11/14/2023,arsitektur
Universitas Musamus Merauke,manajemen sumberdaya perairan,S1,PTN,,2025,s1manajemensumberdayaperairan@universitasmusamusmerauke.ac.id,Baik Sekali,2029-02-13,,MANAJEMEN SUMBERDAYA PERAIRAN,Ya,BAN-PT tabel #akreditasi,2/13/2024,manajemen sumberdaya perairan
Universitas Musi Rawas,ilmu lingkungan,S1,2,,2025,s1ilmulingkungan@universitasmusirawas.ac.id,Baik,2030-03-04,,ILMU LINGKUNGAN,Ya,BAN-PT tabel #akreditasi,3/4/2025,ilmu lingkungan
Universitas Musi Rawas,ilmu lingkungan,S2,2,,2025,s2ilmulingkungan@universitasmusirawas.ac.id,Baik,2030-03-04,,ILMU LINGKUNGAN,Ya,BAN-PT tabel #akreditasi,3/4/2025,ilmu lingkungan
Universitas Muslim Indonesia,arsitektur,S3,9,305/SK/BAN-PT/PEPA-Ppj/S/I/2024,2024,s1arsitektur@universitasmuslimindonesia.ac.id,Baik,2028-09-14,Masih Berlaku,Arsitektur,Ya,BAN-PT tabel #akreditasi,1/30/2024,arsitektur
Universitas Nahdlatul Ulama Gorontalo,arsitektur,S1,16,7982/SK/BAN-PT/Ak/S/X/2022,2022,s1arsitektur@universitasnahdlatululamagorontalo.ac.id,Baik,2027-10-18,Masih Berlaku,Arsitektur,Ya,BAN-PT tabel #akreditasi,10/18/2022,arsitektur
Universitas Nahdlatul Ulama Kalimantan Selatan,perencanaan wilayah dan kota,S1,11,3907/SK/BAN-PT/Ak/S/IV/2024,2024,s1perencanaanwilayahdankota@universitasnahdlatululamakalimantanselatan.ac.id,Baik,2029-04-29,Masih Berlaku,Perencanaan Wilayah Dan Kota,Ya,BAN-PT tabel #akreditasi,4/29/2024,perencanaan wilayah dan kota
Universitas Nahdlatul Ulama Kalimantan Selatan,teknik arsitektur,S1,11,,2025,s1teknikarsitektur@universitasnahdlatululamakalimantanselatan.ac.id,Baik,2027-09-07,,TEKNIK ARSITEKTUR,Ya,BAN-PT tabel #akreditasi,9/7/2022,teknik arsitektur
Universitas Nahdlatul Ulama Kalimantan Timur,arsitektur,S1,11,9678/SK/BAN-PT/Ak/S/XI/2022,2022,s1arsitektur@universitasnahdlatululamakalimantantimur.ac.id,Baik,2027-11-22,Masih Berlaku,Arsitektur,Ya,BAN-PT tabel #akreditasi,11/22/2022,arsitektur
Universitas Nahdlatul Ulama Kalimantan Timur,desain interior,S1,11,,2025,s1desaininterior@universitasnahdlatululamakalimantantimur.ac.id,Baik,2026-05-19,,DESAIN INTERIOR,Ya,BAN-PT tabel #akreditasi,5/19/2021,desain interior
Universitas Nahdlatul Ulama Maluku Utara,perencanaan wilayah dan kota,S1,12,147/SK/BAN-PT/Ak.P/S/I/2025,2025,s1perencanaanwilayahdankota@universitasnahdlatululamamalukuutara.ac.id,Baik,2027-01-21,Masih Berlaku,Perencanaan Wilayah Dan Kota,Ya,BAN-PT tabel #akreditasi,1/21/2025,perencanaan wilayah dan kota
Universitas Nahdlatul Ulama Pasuruan,desain komunikasi visual,S1,7,4416/SK/BAN-PT/Ak-PNB/S/V/2024,2024,s1desainkomunikasivisual@universitasnahdlatululamapasuruan.ac.id,Baik,2026-03-02,82 hari lagi kedaluwarsa,Desain Komunikasi Visual,Tidak,BAN-PT tabel #akreditasi,5/24/2024,desain komunikasi visual
Universitas Nahdlatul Ulama Sidoarjo,desain komunikasi visual,S1,7,704/SK/BAN-PT/Ak/S/III/2023,2023,s1desainkomunikasivisual@universitasnahdlatululamasidoarjo.ac.id,Baik,2028-03-07,Masih Berlaku,Desain Komunikasi Visual,Ya,BAN-PT tabel #akreditasi,3/7/2023,desain komunikasi visual
Universitas Nahdlatul Ulama Sulawesi Tenggara,teknik arsitektur,S1,9,,2025,s1teknikarsitektur@universitasnahdlatululamasulawesitenggara.ac.id,Baik,2030-12-18,,TEKNIK ARSITEKTUR,Ya,BAN-PT tabel #akreditasi,12/18/2025,teknik arsitektur
Universitas Negeri Gorontalo,arsitektur bangunan gedung,D4,PTN,8339/SK/BAN-PT/Ak/STr/XI/2025,2025,divarsitekturbangunangedung@universitasnegerigorontalo.ac.id,Baik,2030-11-18,Masih Berlaku,Arsitektur Bangunan Gedung,Ya,BAN-PT tabel #akreditasi,11/18/2025,arsitektur bangunan gedung
Universitas Negeri Gorontalo,ilmu lingkungan,S1,PTN,,2025,s1ilmulingkungan@universitasnegerigorontalo.ac.id,Baik,9999-01-01,,ILMU LINGKUNGAN,Ya,BAN-PT tabel #akreditasi,3/3/2026,ilmu lingkungan
Universitas Negeri Gorontalo,ilmu lingkungan,S3,PTN,,2025,s3ilmulingkungan@universitasnegerigorontalo.ac.id,Baik,9999-01-01,,ILMU LINGKUNGAN,Ya,BAN-PT tabel #akreditasi,3/3/2026,ilmu lingkungan
Universitas Negeri Gorontalo,kependudukan dan lingkungan hidup,S2,,,,,B,2026-10-07,,Kependudukan dan Lingkungan Hidup,Ya,BAN-PT tabel #akreditasi,11/15/2022,kependudukan dan lingkungan hidup
Universitas Negeri Gorontalo,perencanaan wilayah dan kota,S1,PTN,,2025,s1perencanaanwilayahdankota@universitasnegerigorontalo.ac.id,Baik,2027-10-28,,PERENCANAAN WILAYAH DAN KOTA,Ya,BAN-PT tabel #akreditasi,10/28/2025,perencanaan wilayah dan kota
Universitas Negeri Gorontalo,pendidikan biologi,S1,PTN,,2025,s1teknikarsitektur@universitasnegerigorontalo.ac.id,B,2021-03-05,,TEKNIK ARSITEKTUR,Tidak,BAN-PT tabel #akreditasi,3/5/2016,pendidikan biologi
Universitas Negeri Jakarta,desain mode,D4,PTN,7166/SK/BAN-PT/Ak.Ppj/STr/VIII/2025,2025,divdesainmode@universitasnegerijakarta.ac.id,A,2030-07-24,Masih Berlaku,Desain Mode,Ya,BAN-PT tabel #akreditasi,8/5/2025,desain mode
Universitas Negeri Jakarta,manajemen lingkungan,S2,,,,,Unggul,2028-08-31,,Manajemen Lingkungan,Ya,BAN-PT tabel #akreditasi,8/31/2023,manajemen lingkungan
Universitas Negeri Jakarta,pendidikan lingkungan,S2,,,,,Unggul,2026-12-02,,Pendidikan Lingkungan,Ya,BAN-PT tabel #akreditasi,2/9/2022,pendidikan lingkungan
Universitas Negeri Makassar,arsitektur,S1,PTN,,2025,s1arsitektur@universitasnegerimakassar.ac.id,Baik,2027-11-22,,ARSITEKTUR,Ya,BAN-PT tabel #akreditasi,11/22/2022,arsitektur
Universitas Negeri Makassar,desain komunikasi visual,S1,PTN,,2025,s1desainkomunikasivisual@universitasnegerimakassar.ac.id,Baik Sekali,2029-12-15,,DESAIN KOMUNIKASI VISUAL,Ya,BAN-PT tabel #akreditasi,12/15/2024,desain komunikasi visual
Universitas Negeri Malang,arsitektur,S1,PTN,,2025,s1arsitektur@universitasnegerimalang.ac.id,Terakreditasi Sementara,2029-07-09,,ARSITEKTUR,Ya,BAN-PT tabel #akreditasi,7/9/2024,arsitektur
Universitas Negeri Malang,desain komunikasi visual,S1,PTN,,2025,s1desainkomunikasivisual@universitasnegerimalang.ac.id,A,2027-09-06,,DESAIN KOMUNIKASI VISUAL,Ya,BAN-PT tabel #akreditasi,1/9/2024,desain komunikasi visual
Universitas Negeri Malang,desain mode,D4,PTN,5852/SK/BAN-PT/PEPA-Ppj/STr/IX/2024,2024,divdesainmode@universitasnegerimalang.ac.id,Baik,2029-09-10,Masih Berlaku,Desain Mode,Ya,BAN-PT tabel #akreditasi,9/10/2024,desain mode
Universitas Negeri Manado,arsitektur,S1,PTN,6276/SK/BAN-PT/Ak.S/S/IV/2025,2025,s1arsitektur@universitasnegerimanado.ac.id,Baik,9999-01-01,Masih Berlaku,Arsitektur,Ya,BAN-PT tabel #akreditasi,4/29/2025,arsitektur
Universitas Negeri Manado,ilmu lingkungan,S1,PTN,,2025,s1ilmulingkungan@universitasnegerimanado.ac.id,Terakreditasi Sementara,2029-11-05,,ILMU LINGKUNGAN,Ya,BAN-PT tabel #akreditasi,11/5/2024,ilmu lingkungan
Universitas Negeri Medan,arsitektur,S1,PTN,,2025,s1arsitektur@universitasnegerimedan.ac.id,Baik,2030-05-27,,ARSITEKTUR,Ya,BAN-PT tabel #akreditasi,5/27/2025,arsitektur
Universitas Negeri Padang,desain komunikasi visual,S1,PTN,1123/SK/BAN-PT/Akred/S/III/2021,2021,s1desainkomunikasivisual@universitasnegeripadang.ac.id,A,2026-03-02,82 hari lagi kedaluwarsa,DESAIN KOMUNIKASI VISUAL,Tidak,BAN-PT tabel #akreditasi,3/2/2021,desain komunikasi visual
Universitas Negeri Padang,ilmu lingkungan,S1,PTN,,2025,s1ilmulingkungan@universitasnegeripadang.ac.id,A,2029-07-31,,ILMU LINGKUNGAN,Ya,BAN-PT tabel #akreditasi,7/23/2024,ilmu lingkungan
Universitas Negeri Padang,ilmu lingkungan,S2,PTN,,2025,s2ilmulingkungan@universitasnegeripadang.ac.id,A,2029-07-31,,ILMU LINGKUNGAN,Ya,BAN-PT tabel #akreditasi,7/23/2024,ilmu lingkungan
Universitas Negeri Padang,ilmu lingkungan,S3,PTN,,2025,s3ilmulingkungan@universitasnegeripadang.ac.id,A,2029-07-31,,ILMU LINGKUNGAN,Ya,BAN-PT tabel #akreditasi,7/23/2024,ilmu lingkungan
Universitas Negeri Padang,kajian lingkungan dan pembangunan,S3,,,,,B,9999-01-01,,Kajian Lingkungan dan Pembangunan,Ya,BAN-PT tabel #akreditasi,9/16/2025,kajian lingkungan dan pembangunan
Universitas Negeri Padang,pendidikan vokasional desain fashion,S1,PTN,,2025,s1pendidikanvokasionaldesainfashion@universitasnegeripadang.ac.id,Baik,9999-01-01,,PENDIDIKAN VOKASIONAL DESAIN FASHION,Ya,BAN-PT tabel #akreditasi,6/2/2025,pendidikan vokasional desain fashion
Universitas Negeri Semarang,desain komunikasi visual,D3,PTN,5341/SK/BAN-PT/PEPA-Ppj/D3/XII/2023,2023,diiidesainkomunikasivisual@universitasnegerisemarang.ac.id,B,2028-12-29,Masih Berlaku,Desain Komunikasi Visual,Ya,BAN-PT tabel #akreditasi,12/28/2023,desain komunikasi visual
Universitas Negeri Semarang,ilmu lingkungan,S1,PTN,,2025,s1ilmulingkungan@universitasnegerisemarang.ac.id,Baik,2028-03-28,,ILMU LINGKUNGAN,Ya,BAN-PT tabel #akreditasi,3/28/2023,ilmu lingkungan
Universitas Negeri Semarang,teknik arsitektur,S1,PTN,,2025,s1teknikarsitektur@universitasnegerisemarang.ac.id,Baik Sekali,2029-02-27,,TEKNIK ARSITEKTUR,Ya,BAN-PT tabel #akreditasi,2/27/2024,teknik arsitektur
Universitas Negeri Surabaya,arsitektur bangunan gedung,D4,PTN,,2025,d4arsitekturbangunangedung@universitasnegerisurabaya.ac.id,Terakreditasi Pertama,2027-12-02,,ARSITEKTUR BANGUNAN GEDUNG,Ya,BAN-PT tabel #akreditasi,12/2/2025,arsitektur bangunan gedung
Universitas Negeri Surabaya,desain grafis,D4,PTN,1169/SK/BAN-PT/Akred/ST/II/2022,2022,divdesaingrafis@universitasnegerisurabaya.ac.id,Baik Sekali,2031-01-13,Masih Berlaku,Desain Grafis,Ya,BAN-PT tabel #akreditasi,1/13/2026,desain grafis
Universitas Negeri Surabaya,desain grafis,D4,,,2025,,Baik Sekali,2031-01-13,,DESAIN GRAFIS,Ya,BAN-PT tabel #akreditasi,1/13/2026,desain grafis
Universitas Negeri Surabaya,desain komunikasi visual,S1,PTN,,2025,s1desainkomunikasivisual@universitasnegerisurabaya.ac.id,Baik Sekali,2028-03-21,,DESAIN KOMUNIKASI VISUAL,Ya,BAN-PT tabel #akreditasi,3/21/2023,desain komunikasi visual
Universitas Negeri Surabaya,perencanaan wilayah dan kota,S1,PTN,,2025,s1perencanaanwilayahdankota@universitasnegerisurabaya.ac.id,Terakreditasi Sementara,2029-05-28,,PERENCANAAN WILAYAH DAN KOTA,Ya,BAN-PT tabel #akreditasi,5/28/2024,perencanaan wilayah dan kota
Universitas Negeri Yogyakarta,arsitektur,S1,PTN,7551/SK/BAN-PT/Ak.P/S/IX/2025,2025,s1arsitektur@universitasnegeriyogyakarta.ac.id,Baik,2027-09-09,Masih Berlaku,Arsitektur,Ya,BAN-PT tabel #akreditasi,9/9/2025,arsitektur
Universitas Negeri Yogyakarta,desain komunikasi visual,S1,PTN,,2025,s1desainkomunikasivisual@universitasnegeriyogyakarta.ac.id,Terakreditasi Sementara,2030-10-21,,DESAIN KOMUNIKASI VISUAL,Ya,BAN-PT tabel #akreditasi,10/21/2025,desain komunikasi visual
Universitas Negeri Yogyakarta,ilmu lingkungan,S2,PTN,,2025,s2ilmulingkungan@universitasnegeriyogyakarta.ac.id,Baik,2027-07-08,,ILMU LINGKUNGAN,Ya,BAN-PT tabel #akreditasi,7/8/2025,ilmu lingkungan
Universitas Ngudi Waluyo,pendidikan vokasional desain fashion,S1,6,,2025,s1pendidikanvokasionaldesainfashion@universitasngudiwaluyo.ac.id,Baik Sekali,2029-12-30,,PENDIDIKAN VOKASIONAL DESAIN FASHION,Ya,BAN-PT tabel #akreditasi,12/31/2024,pendidikan vokasional desain fashion
Universitas Ngurah Rai,arsitektur,S2,8,8109/SK/BAN-PT/Ak.S/S/X/2025,2025,s1arsitektur@universitasngurahrai.ac.id,Baik Sekali,2031-03-17,Masih Berlaku,Arsitektur,Ya,BAN-PT tabel #akreditasi,3/17/2026,arsitektur
Universitas Nusa Cendana,arsitektur,S1,PTN,,2025,s1arsitektur@universitasnusacendana.ac.id,B,2027-03-22,,ARSITEKTUR,Ya,BAN-PT tabel #akreditasi,4/5/2022,arsitektur
Universitas Nusa Cendana,ilmu lingkungan,S2,,,,,B,2025-07-21,,ILMU LINGKUNGAN,Tidak,BAN-PT tabel #akreditasi,7/21/2020,ilmu lingkungan
Universitas Nusa Cendana,ilmu lingkungan,S3,PTN,,2025,s3ilmulingkungan@universitasnusacendana.ac.id,B,2025-07-21,,ILMU LINGKUNGAN,Tidak,BAN-PT tabel #akreditasi,7/21/2020,ilmu lingkungan
Universitas Nusa Cendana,manajemen sumberdaya perairan,S1,,,2025,,Baik Sekali,2030-12-18,,MANAJEMEN SUMBERDAYA PERAIRAN,Ya,BAN-PT tabel #akreditasi,12/18/2025,manajemen sumberdaya perairan
Universitas Nusa Nipa,arsitektur,S1,15,5741/SK/BAN-PT/Ak.Ppj/S/VIII/2022,2022,s1arsitektur@universitasnusanipa.ac.id,Baik,2026-10-21,Masih Berlaku,Arsitektur,Ya,BAN-PT tabel #akreditasi,8/29/2022,arsitektur
Universitas Nusa Nipa,desain komunikasi visual,S1,15,,2025,s1desainkomunikasivisual@universitasnusanipa.ac.id,Baik,2026-04-16,,DESAIN KOMUNIKASI VISUAL,Tidak,BAN-PT tabel #akreditasi,4/16/2024,desain komunikasi visual
Universitas Nusa Nipa,manajemen sumberdaya perairan,S1,15,,2025,s1manajemensumberdayaperairan@universitasnusanipa.ac.id,Baik,2026-03-16,,MANAJEMEN SUMBERDAYA PERAIRAN,Tidak,BAN-PT tabel #akreditasi,3/16/2021,manajemen sumberdaya perairan
Universitas Nusa Putra,desain komunikasi visual,S1,4,,2025,s1desainkomunikasivisual@universitasnusaputra.ac.id,B,2027-11-08,,DESAIN KOMUNIKASI VISUAL,Ya,BAN-PT tabel #akreditasi,2/14/2023,desain komunikasi visual
Universitas Nusantara Manado,arsitektur,S1,16,,2025,s1arsitektur@universitasnusantaramanado.ac.id,Baik,2026-11-02,,ARSITEKTUR,Ya,BAN-PT tabel #akreditasi,11/2/2021,arsitektur
Universitas Padjadjaran,ilmu lingkungan,S2,PTN,,2025,s2ilmulingkungan@universitaspadjadjaran.ac.id,A,2028-05-23,,ILMU LINGKUNGAN,Ya,BAN-PT tabel #akreditasi,5/10/2023,ilmu lingkungan
Universitas Padjadjaran,ilmu lingkungan,S3,PTN,,2025,s3ilmulingkungan@universitaspadjadjaran.ac.id,A,2028-05-23,,ILMU LINGKUNGAN,Ya,BAN-PT tabel #akreditasi,5/10/2023,ilmu lingkungan
Universitas Pakuan,manajemen lingkungan,S2,,,,,Baik Sekali,2027-12-31,,Manajemen Lingkungan,Ya,BAN-PT tabel #akreditasi,1/2/2023,manajemen lingkungan
Universitas Pakuan,perencanaan wilayah dan kota,S1,4,,2025,s1perencanaanwilayahdankota@universitaspakuan.ac.id,Tidak Terakreditasi,0000-00-00,,PERENCANAAN WILAYAH DAN KOTA,Tidak,BAN-PT tabel #akreditasi,6/25/2015,perencanaan wilayah dan kota
Universitas Pakuan,pendidikan kependudukan dan lingkungan hidup,S2,4,,2025,s2perencanaanwilayahdankota@universitaspakuan.ac.id,B,2011-10-19,,PERENCANAAN WILAYAH DAN KOTA,Tidak,BAN-PT tabel #akreditasi,10/19/2006,pendidikan kependudukan dan lingkungan hidup
Universitas Palangka Raya,arsitektur,S1,PTN,,2025,s1arsitektur@universitaspalangkaraya.ac.id,Baik Sekali,2029-04-17,,ARSITEKTUR,Ya,BAN-PT tabel #akreditasi,12/2/2025,arsitektur
Universitas Palangka Raya,ilmu lingkungan,S3,PTN,,2025,s3ilmulingkungan@universitaspalangkaraya.ac.id,B,9999-01-01,,ILMU LINGKUNGAN,Ya,BAN-PT tabel #akreditasi,8/13/2025,ilmu lingkungan
Universitas Palangka Raya,pengelolaan sumberdaya alam dan lingkungan,S2,PTN,,2025,s2pengelolaansumberdayaalamlingkungan@universitaspalangkaraya.ac.id,Baik Sekali,2027-11-15,,PENGELOLAAN SUMBERDAYA ALAM & LINGKUNGAN,Ya,BAN-PT tabel #akreditasi,9/26/2023,pengelolaan sumberdaya alam dan lingkungan
Universitas Palangka Raya,perencanaan wilayah dan kota,S2,PTN,,2025,s2perencanaanwilayahdankota@universitaspalangkaraya.ac.id,Baik,9999-01-01,,PERENCANAAN WILAYAH DAN KOTA,Ya,BAN-PT tabel #akreditasi,1/6/2026,perencanaan wilayah dan kota
Universitas Pamulang,teknik elektro kampus kota serang,S1,,,,,Baik,2028-08-20,,DESAIN KOMUNIKASI VISUAL,Ya,BAN-PT tabel #akreditasi,12/26/2023,teknik elektro kampus kota serang
Universitas Panca Bhakti,pengelolaan sumberdaya alam dan lingkungan,S2,11,,2025,s2pengelolaansumberdayaalamdanlingkungan@universitaspancabhakti.ac.id,Terakreditasi Sementara,2029-10-03,,PENGELOLAAN SUMBERDAYA ALAM DAN LINGKUNGAN,Ya,BAN-PT tabel #akreditasi,10/3/2024,pengelolaan sumberdaya alam dan lingkungan
Universitas Pancasila,arsitektur,S1,3,,2025,s1arsitektur@universitaspancasila.ac.id,Unggul,2031-03-07,,ARSITEKTUR,Ya,BAN-PT tabel #akreditasi,4/21/2026,arsitektur
Universitas Pandanaran,arsitektur,S1,6,,2025,s1arsitektur@universitaspandanaran.ac.id,Baik,2027-01-11,,ARSITEKTUR,Ya,BAN-PT tabel #akreditasi,10/5/2022,arsitektur
Universitas Paramadina,desain komunikasi visual,S1,3,,2025,s1desainkomunikasivisual@universitasparamadina.ac.id,A,2027-05-31,,DESAIN KOMUNIKASI VISUAL,Ya,BAN-PT tabel #akreditasi,5/17/2022,desain komunikasi visual
Universitas Paramadina,desain produk,S1,3,,2025,s1desainproduk@universitasparamadina.ac.id,Baik,2028-11-14,,DESAIN PRODUK,Ya,BAN-PT tabel #akreditasi,11/14/2023,desain produk
Universitas Pasundan,desain komunikasi visual,S1,4,,2025,s1desainkomunikasivisual@universitaspasundan.ac.id,B,2029-08-14,,DESAIN KOMUNIKASI VISUAL,Ya,BAN-PT tabel #akreditasi,7/30/2024,desain komunikasi visual
Universitas Pasundan,perencanaan wilayah dan kota,S1,4,,2025,s1perencanaanwilayahdankota@universitaspasundan.ac.id,Unggul,2030-09-02,,PERENCANAAN WILAYAH DAN KOTA,Ya,BAN-PT tabel #akreditasi,8/19/2025,perencanaan wilayah dan kota
Universitas Pattimura,manajemen sumberdaya kelautan dan pulau-pulau kecil,S2,PTN,,2025,s2manajemensumberdayakelautandanpulaupulaukecil@universitaspattimura.ac.id,B,2029-04-10,,MANAJEMEN SUMBERDAYA KELAUTAN DAN PULAU-PULAU KECIL,Ya,BAN-PT tabel #akreditasi,4/2/2024,manajemen sumberdaya kelautan dan pulau-pulau kecil
Universitas Pattimura,perencanaan wilayah dan kota,S1,PTN,,2025,s1perencanaanwilayahdankota@universitaspattimura.ac.id,Baik,2031-04-29,,PERENCANAAN WILAYAH DAN KOTA,Ya,BAN-PT tabel #akreditasi,4/14/2026,perencanaan wilayah dan kota
Universitas Pelita Bangsa,arsitektur,S1,4,,2025,s1arsitektur@universitaspelitabangsa.ac.id,Baik,2029-08-13,,ARSITEKTUR,Ya,BAN-PT tabel #akreditasi,8/13/2024,arsitektur
Universitas Pelita Harapan,arsitektur,S1,3,6452/SK/BAN-PT/Ak/S/V/2025,2025,s1arsitektur@universitaspelitaharapan.ac.id,Baik Sekali,2030-05-14,Masih Berlaku,Arsitektur,Ya,BAN-PT tabel #akreditasi,5/14/2025,arsitektur
Universitas Pelita Harapan,desain interior,S1,3,,2025,s1desaininterior@universitaspelitaharapan.ac.id,Unggul,2030-07-01,,DESAIN INTERIOR,Ya,BAN-PT tabel #akreditasi,7/1/2025,desain interior
Universitas Pelita Harapan,desain komunikasi visual,S1,3,,2025,s1desainkomunikasivisual@universitaspelitaharapan.ac.id,Baik Sekali,2030-11-25,,DESAIN KOMUNIKASI VISUAL,Ya,BAN-PT tabel #akreditasi,11/25/2025,desain komunikasi visual
Universitas Pelita Harapan,desain produk,S1,3,,2025,s1desainproduk@universitaspelitaharapan.ac.id,Unggul,2030-10-15,,DESAIN PRODUK,Ya,BAN-PT tabel #akreditasi,10/15/2025,desain produk
Universitas Pembangunan Jaya,arsitektur,S1,4,3929/SK/BAN-PT/Ak.KP/S/X/2023,2023,s1arsitektur@universitaspembangunanjaya.ac.id,Baik Sekali,2027-12-13,Masih Berlaku,Arsitektur,Ya,BAN-PT tabel #akreditasi,10/3/2023,arsitektur
Universitas Pembangunan Jaya,desain komunikasi visual,S1,4,,2025,s1desainkomunikasivisual@universitaspembangunanjaya.ac.id,B,2028-03-14,,DESAIN KOMUNIKASI VISUAL,Ya,BAN-PT tabel #akreditasi,3/8/2023,desain komunikasi visual
Universitas Pembangunan Jaya,desain produk,S1,4,,2025,s1desainproduk@universitaspembangunanjaya.ac.id,B,2029-04-24,,DESAIN PRODUK,Ya,BAN-PT tabel #akreditasi,4/16/2024,desain produk
Universitas Pembangunan Jaya,pendidikan arsitek,Profesi,,,,,Terakreditasi Pertama,2028-03-31,,Pendidikan Profesi Arsitek,Ya,BAN-PT tabel #akreditasi,3/31/2026,pendidikan arsitek
Universitas Pembangunan Nasional Veteran Jawa Timur,arsitektur,S1,PTN,1955/SK/BAN-PT/Ak.Ppj/S/V/2023,2023,s1arsitektur@universitaspembangunannasionalveteranjawatimur.ac.id,B,2028-06-07,Masih Berlaku,Arsitektur,Ya,BAN-PT tabel #akreditasi,5/23/2023,arsitektur
Universitas Pembangunan Nasional Veteran Jawa Timur,desain interior,S1,PTN,,2025,s1desaininterior@universitaspembangunannasionalveteranjawatimur.ac.id,Baik,2030-06-14,,DESAIN INTERIOR,Ya,BAN-PT tabel #akreditasi,6/14/2025,desain interior
Universitas Pembangunan Nasional Veteran Jawa Timur,desain komunikasi visual,S1,PTN,670/SK/BAN-PT/Ak/S/II/2024,2024,s1desainkomunikasivisual@universitaspembangunannasionalveteranjawatimur.ac.id,Baik,2029-02-27,Masih Berlaku,Desain Komunikasi Visual,Ya,BAN-PT tabel #akreditasi,2/27/2024,desain komunikasi visual
Universitas Pembangunan Nasional Veteran Jawa Timur,ilmu lingkungan,S2,PTN,,2025,s2ilmulingkungan@universitaspembangunannasionalveteranjawatimur.ac.id,Baik,9999-01-01,,ILMU LINGKUNGAN,Ya,BAN-PT tabel #akreditasi,10/28/2025,ilmu lingkungan
Universitas Pembangunan Panca Budi,arsitektur,S1,1,735/SK/BAN-PT/Ak/S/III/2024,2024,s1arsitektur@universitaspembangunanpancabudi.ac.id,Baik Sekali,2029-03-13,Masih Berlaku,Arsitektur,Ya,BAN-PT tabel #akreditasi,3/13/2024,arsitektur
Universitas Pembangunan Panca Budi,perencanaan wilayah dan kota,S2,1,,2025,s2perencanaanwilayahdankota@universitaspembangunanpancabudi.ac.id,Baik Sekali,2030-08-26,,PERENCANAAN WILAYAH DAN KOTA,Ya,BAN-PT tabel #akreditasi,8/26/2025,perencanaan wilayah dan kota
Universitas Pendidikan Ganesha,desain komunikasi visual,D3,PTN,6884/SK/BAN-PT/Ak/D3/XI/2024,2024,diiidesainkomunikasivisual@universitaspendidikanganesha.ac.id,Baik Sekali,2029-11-26,Masih Berlaku,Desain Komunikasi Visual,Ya,BAN-PT tabel #akreditasi,11/26/2024,desain komunikasi visual
Universitas Pendidikan Ganesha,manajemen lingkungan,S2,,,,,Baik Sekali,2029-07-05,,Manajemen Lingkungan,Ya,BAN-PT tabel #akreditasi,7/5/2024,manajemen lingkungan
Universitas Pendidikan Indonesia,arsitektur,S1,PTN,250/SK/BAN-PT/PEPA-Ppj/S/I/2024,2024,s1arsitektur@universitaspendidikanindonesia.ac.id,Unggul,2031-02-24,Masih Berlaku,Arsitektur,Ya,BAN-PT tabel #akreditasi,2/24/2026,arsitektur
Universitas Pendidikan Indonesia,arsitektur,S2,PTN,,2025,s2arsitektur@universitaspendidikanindonesia.ac.id,Unggul,2031-02-24,,ARSITEKTUR,Ya,BAN-PT tabel #akreditasi,2/24/2026,arsitektur
Universitas Pendidikan Indonesia,desain komunikasi visual,S1,PTN,,2025,s1desainkomunikasivisual@universitaspendidikanindonesia.ac.id,Baik,2026-09-21,,DESAIN KOMUNIKASI VISUAL,Ya,BAN-PT tabel #akreditasi,9/21/2021,desain komunikasi visual
Universitas Pendidikan Indonesia,desain produk industri kampus tasikmalaya,S1,PTN,,2025,s1desainprodukindustrikampustasikmalaya@universitaspendidikanindonesia.ac.id,Baik,2029-01-30,,DESAIN PRODUK INDUSTRI KAMPUS TASIKMALAYA,Ya,BAN-PT tabel #akreditasi,1/30/2024,desain produk industri kampus tasikmalaya
Universitas Pendidikan Indonesia,pendidikan teknik arsitektur,S1,PTN,,2025,s1pendidikanteknikarsitektur@universitaspendidikanindonesia.ac.id,Unggul,2026-06-30,,PENDIDIKAN TEKNIK ARSITEKTUR,Ya,BAN-PT tabel #akreditasi,6/30/2021,pendidikan teknik arsitektur
Universitas Pendidikan Mandalika,arsitektur,D3,8,4134/SK/BAN-PT/Ak.Ppj/D3/X/2023,2023,diiiarsitektur@universitaspendidikanmandalika.ac.id,Baik,2027-07-12,Masih Berlaku,Arsitektur,Ya,BAN-PT tabel #akreditasi,10/11/2023,arsitektur
Universitas Pepabri Makassar,arsitektur,S1,,,,,Baik,2025-11-29,,ARSITEKTUR,Tidak,BAN-PT tabel #akreditasi,11/15/2022,arsitektur
Universitas Persada Indonesia Yai,arsitektur,S1,3,6547/SK/BAN-PT/Ak.KP/S/V/2025,2025,s1arsitektur@universitaspersadaindonesiayai.ac.id,Baik Sekali,2028-12-20,Masih Berlaku,Arsitektur,Tidak,BAN-PT tabel #akreditasi,5/14/2025,arsitektur
Universitas Persada Indonesia Yai,desain komunikasi visual,S1,3,7971/SK/BAN-PT/Ak.KP/S/X/2025,2025,s1desainkomunikasivisual@universitaspersadaindonesiayai.ac.id,Unggul,2029-07-17,Masih Berlaku,Desain Komunikasi Visual,Tidak,BAN-PT tabel #akreditasi,10/15/2025,desain komunikasi visual
Universitas Persatuan Guru Republik Indonesia Semarang,arsitektur,D4,6,8396/SK/BAN-PT/Ak.Ppj/S/XI/2025,2025,s1arsitektur@universitaspersatuangururepublikindonesiasemarang.ac.id,Baik Sekali,2030-11-26,Masih Berlaku,Arsitektur,Ya,BAN-PT tabel #akreditasi,11/25/2025,arsitektur
Universitas Persatuan Islam,ilmu lingkungan,S1,4,,2025,s1ilmulingkungan@universitaspersatuanislam.ac.id,Baik,2029-02-06,,ILMU LINGKUNGAN,Ya,BAN-PT tabel #akreditasi,2/6/2024,ilmu lingkungan
Universitas Pertamina,sains keberlanjutan,S2,,,,,Terakreditasi Sementara,2030-08-25,,Sains Keberlanjutan,Ya,BAN-PT tabel #akreditasi,8/25/2025,sains keberlanjutan
Universitas Pgri Adi Buana,perencanaan wilayah dan kota,S1,7,7940/SK/BAN-PT/Ak.KP/S/X/2025,2025,s1perencanaanwilayahdankota@universitaspgriadibuana.ac.id,Baik Sekali,2029-10-17,Masih Berlaku,Perencanaan Wilayah Dan Kota,Ya,BAN-PT tabel #akreditasi,10/15/2025,perencanaan wilayah dan kota
Universitas PGRI Jombang,desain komunikasi visual,S1,7,,2025,s1desainkomunikasivisual@universitaspgrijombang.ac.id,Terakreditasi Sementara,2029-04-02,,DESAIN KOMUNIKASI VISUAL,Ya,BAN-PT tabel #akreditasi,4/2/2024,desain komunikasi visual
Universitas PGRI Kalimantan,sains lingkungan,S2,,,,,Terakreditasi Sementara,2030-09-17,,Sains Lingkungan,Ya,BAN-PT tabel #akreditasi,9/17/2025,sains lingkungan
Universitas PGRI Palembang,sains lingkungan,S1,,,,,Baik,2029-03-19,,Sains Lingkungan,Ya,BAN-PT tabel #akreditasi,3/19/2024,sains lingkungan
Universitas PGRI Silampari,desain komunikasi visual,S1,2,,2025,s1desainkomunikasivisual@universitaspgrisilampari.ac.id,Baik,2030-06-14,,DESAIN KOMUNIKASI VISUAL,Ya,BAN-PT tabel #akreditasi,6/14/2025,desain komunikasi visual
Universitas PGRI Sumatera Barat,lingkungan,S2,,,,,Baik,2027-03-25,,Studi Lingkungan,Ya,BAN-PT tabel #akreditasi,3/25/2025,lingkungan
Universitas PGRI Yogyakarta,arsitektur,S1,5,,2025,s1arsitektur@universitaspgriyogyakarta.ac.id,Baik,2028-05-23,,ARSITEKTUR,Ya,BAN-PT tabel #akreditasi,5/23/2023,arsitektur
Universitas Pohuwato,arsitektur,S1,16,,2025,s1arsitektur@universitaspohuwato.ac.id,Baik,2028-06-06,,ARSITEKTUR,Ya,BAN-PT tabel #akreditasi,6/6/2023,arsitektur
Universitas Pohuwato,perencanaan wilayah,S1,16,,2025,s1perencanaanwilayah@universitaspohuwato.ac.id,Baik,2028-10-03,,PERENCANAAN WILAYAH,Ya,BAN-PT tabel #akreditasi,10/3/2023,perencanaan wilayah
Universitas Potensi Utama,desain interior,S1,1,,2025,s1desaininterior@universitaspotensiutama.ac.id,B,2029-05-22,,DESAIN INTERIOR,Ya,BAN-PT tabel #akreditasi,5/7/2024,desain interior
Universitas Potensi Utama,desain komunikasi visual,S1,1,,2025,s1desainkomunikasivisual@universitaspotensiutama.ac.id,B,2029-05-08,,DESAIN KOMUNIKASI VISUAL,Ya,BAN-PT tabel #akreditasi,4/29/2024,desain komunikasi visual
Universitas Pradita,arsitektur,S1,3,5079/SK/BAN-PT/Ak/S/VII/2024,2024,s1arsitektur@universitaspradita.ac.id,Baik,2029-07-23,Masih Berlaku,Arsitektur,Ya,BAN-PT tabel #akreditasi,7/23/2024,arsitektur
Universitas Pradita,desain interior,S1,3,,2025,s1desaininterior@universitaspradita.ac.id,Baik,2030-10-07,,DESAIN INTERIOR,Ya,BAN-PT tabel #akreditasi,10/7/2025,desain interior
Universitas Pradita,desain komunikasi visual,S1,3,,2025,s1desainkomunikasivisual@universitaspradita.ac.id,Baik,2031-02-24,,DESAIN KOMUNIKASI VISUAL,Ya,BAN-PT tabel #akreditasi,3/3/2026,desain komunikasi visual
Universitas Pradita,perencanaan wilayah dan kota,S1,3,8335/SK/BAN-PT/Akred/S/XII/2020,2020,s1perencanaanwilayahdankota@universitaspradita.ac.id,Baik,2025-12-15,5 hari lagi kedaluwarsa,PERENCANAAN WILAYAH DAN KOTA,Tidak,BAN-PT tabel #akreditasi,12/15/2020,perencanaan wilayah dan kota
Universitas Prasetiya Mulya,desain produk,S1,3,,2025,s1desainproduk@universitasprasetiyamulya.ac.id,Baik,2028-06-27,,DESAIN PRODUK,Ya,BAN-PT tabel #akreditasi,6/27/2023,desain produk
Universitas Presiden,arsitektur,S1,4,,2025,s1arsitektur@universitaspresiden.ac.id,Baik,2030-12-16,,ARSITEKTUR,Ya,BAN-PT tabel #akreditasi,12/16/2025,arsitektur
Universitas Presiden,desain interior,S1,,,,,Baik,2031-03-31,,DESAIN INTERIOR,Ya,BAN-PT tabel #akreditasi,3/31/2026,desain interior
Universitas Presiden,desain komunikasi visual,S1,4,,2025,s1desainkomunikasivisual@universitaspresiden.ac.id,B,2029-02-27,,DESAIN KOMUNIKASI VISUAL,Ya,BAN-PT tabel #akreditasi,2/27/2024,desain komunikasi visual
Universitas Prima Indonesia,arsitektur,S1,1,426/SK/BAN-PT/Ak/S/III/2025,2025,s1arsitektur@universitasprimaindonesia.ac.id,Baik,2030-03-19,Masih Berlaku,Arsitektur,Ya,BAN-PT tabel #akreditasi,3/19/2025,arsitektur
Universitas Prima Indonesia,desain komunikasi visual,S1,1,,2025,s1desainkomunikasivisual@universitasprimaindonesia.ac.id,Baik,2029-10-03,,DESAIN KOMUNIKASI VISUAL,Ya,BAN-PT tabel #akreditasi,10/3/2024,desain komunikasi visual
Universitas Primakara,desain komunikasi visual,S1,8,,2025,s1desainkomunikasivisual@universitasprimakara.ac.id,Baik,9999-01-01,,DESAIN KOMUNIKASI VISUAL,Ya,BAN-PT tabel #akreditasi,1/13/2026,desain komunikasi visual
Universitas Prisma,arsitektur,S1,16,,2025,s1arsitektur@universitasprisma.ac.id,Baik,2027-08-02,,ARSITEKTUR,Ya,BAN-PT tabel #akreditasi,8/2/2022,arsitektur
Universitas Putra Indonesia Yptk Padang,desain komunikasi visual,S1,10,5851/SK/BAN-PT/PEPA-Ppj/S/IX/2024,2024,s1desainkomunikasivisual@universitasputraindonesiayptkpadang.ac.id,B,2029-09-10,Masih Berlaku,Desain Komunikasi Visual,Ya,BAN-PT tabel #akreditasi,9/10/2024,desain komunikasi visual
Universitas Quality Berastagi,arsitektur,S1,1,12565/SK/BAN-PT/Akred/S/XI/2021,2021,s1arsitektur@universitasqualityberastagi.ac.id,Baik,2026-11-24,Masih Berlaku,Arsitektur,Ya,BAN-PT tabel #akreditasi,11/24/2021,arsitektur
Universitas Riau Kepulauan,arsitektur,S1,17,,2025,s1arsitektur@universitasriaukepulauan.ac.id,Baik,2028-10-03,,ARSITEKTUR,Ya,BAN-PT tabel #akreditasi,12/27/2023,arsitektur
Universitas Riau,arsitektur,S1,PTN,,2025,s1arsitektur@universitasriau.ac.id,Baik Sekali,2028-10-10,,ARSITEKTUR,Ya,BAN-PT tabel #akreditasi,10/10/2023,arsitektur
Universitas Riau,ilmu lingkungan,S2,PTN,,2025,s2ilmulingkungan@universitasriau.ac.id,B,2026-05-21,,ILMU LINGKUNGAN,Ya,BAN-PT tabel #akreditasi,5/25/2021,ilmu lingkungan
Universitas Riau,ilmu lingkungan,S3,PTN,,2025,s3ilmulingkungan@universitasriau.ac.id,B,2026-05-21,,ILMU LINGKUNGAN,Ya,BAN-PT tabel #akreditasi,5/25/2021,ilmu lingkungan
Universitas Riau,perencanaan wilayah dan perdesaan,S2,PTN,,2025,s2perencanaanwilayahdanperdesaan@universitasriau.ac.id,Baik,2026-07-05,,PERENCANAAN WILAYAH DAN PERDESAAN,Ya,BAN-PT tabel #akreditasi,7/3/2022,perencanaan wilayah dan perdesaan
Universitas Sahid Surakarta,desain interior,S1,6,,2025,s1desaininterior@universitassahidsurakarta.ac.id,B,2030-07-22,,DESAIN INTERIOR,Ya,BAN-PT tabel #akreditasi,8/5/2025,desain interior
Universitas Sahid Surakarta,desain komunikasi visual,D4,6,2993/SK/BAN-PT/Ak-PPJ/S/V/2021,2021,s1desainkomunikasivisual@universitassahidsurakarta.ac.id,B,2026-05-13,154 hari lagi kedaluwarsa,Desain Komunikasi Visual,Ya,BAN-PT tabel #akreditasi,5/18/2021,desain komunikasi visual
Universitas Sahid,manajemen lingkungan,S2,,,,,Baik,2029-03-04,,Manajemen Lingkungan,Ya,BAN-PT tabel #akreditasi,3/4/2024,manajemen lingkungan
Universitas Sains Alqur An,arsitektur,D4,6,3840/SK/BAN-PT/Ak.Ppj/S/IV/2024,2024,s1arsitektur@universitassainsalquran.ac.id,A,2029-04-24,Masih Berlaku,Arsitektur,Ya,BAN-PT tabel #akreditasi,4/16/2024,arsitektur
Universitas Sains Dan Teknologi Jayapura,arsitektur,S1,14,2600/SK/BAN-PT/Ak.KP/S/VII/2023,2023,s1arsitektur@universitassainsdanteknologijayapura.ac.id,Baik Sekali,2027-06-21,Masih Berlaku,Arsitektur,Ya,BAN-PT tabel #akreditasi,7/4/2023,arsitektur
Universitas Sains dan Teknologi Komputer,desain grafis,S1,,,,,B,2023-09-13,,DESAIN GRAFIS,Tidak,BAN-PT tabel #akreditasi,8/30/2022,desain grafis
Universitas Sains Dan Teknologi Komputer,desain komunikasi visual,D4,6,3878/SK/BAN-PT/PEPA-Ppj/S/IV/2024,2024,s1desainkomunikasivisual@universitassainsdanteknologikomputer.ac.id,Baik,2028-09-14,Masih Berlaku,Desain Komunikasi Visual,Ya,BAN-PT tabel #akreditasi,4/24/2024,desain komunikasi visual
Universitas Sains Indonesia,desain grafis,S1,4,,2025,s1desaingrafis@universitassainsindonesia.ac.id,Baik,2026-04-06,,DESAIN GRAFIS,Tidak,BAN-PT tabel #akreditasi,2/11/2025,desain grafis
Universitas Sali Al-Aitaam,perencanaan wilayah dan kota,S1,4,,2025,s1perencanaanwilayahdankota@universitassalialaitaam.ac.id,Baik,2026-12-07,,PERENCANAAN WILAYAH DAN KOTA,Ya,BAN-PT tabel #akreditasi,5/9/2022,perencanaan wilayah dan kota
Universitas Sam Ratulangi,arsitektur,S1,PTN,8232/SK/BAN-PT/Ak.Ppj/M/XI/2025,2025,s2arsitektur@universitassamratulangi.ac.id,Unggul,2026-10-19,Masih Berlaku,Arsitektur,Ya,BAN-PT tabel #akreditasi,10/19/2021,arsitektur
Universitas Sam Ratulangi,arsitektur,S1,PTN,,2025,s1arsitektur@universitassamratulangi.ac.id,Unggul,2026-10-19,,ARSITEKTUR,Ya,BAN-PT tabel #akreditasi,10/19/2021,arsitektur
Universitas Sam Ratulangi,ilmu perencanaan pembangunan wilayah,S2,PTN,,2025,s2ilmuperencanaanpembangunanwilayah@universitassamratulangi.ac.id,Baik Sekali,2031-04-14,,ILMU PERENCANAAN PEMBANGUNAN WILAYAH,Ya,BAN-PT tabel #akreditasi,4/14/2026,ilmu perencanaan pembangunan wilayah
Universitas Sam Ratulangi,pengelolaan sumberdaya pembangunan,S2,PTN,,2025,s2pengelolaansumberdayapembangunan@universitassamratulangi.ac.id,B,9999-01-01,,PENGELOLAAN SUMBERDAYA PEMBANGUNAN,Ya,BAN-PT tabel #akreditasi,5/15/2025,pengelolaan sumberdaya pembangunan
Universitas Sam Ratulangi,perencanaan wilayah dan kota,S1,PTN,,2025,s1perencanaanwilayahdankota@universitassamratulangi.ac.id,Unggul,2029-10-23,,PERENCANAAN WILAYAH DAN KOTA,Ya,BAN-PT tabel #akreditasi,10/8/2024,perencanaan wilayah dan kota
Universitas Sampoerna,desain komunikasi visual,S1,3,,2025,s1desainkomunikasivisual@universitassampoerna.ac.id,Baik,9999-01-01,,DESAIN KOMUNIKASI VISUAL,Ya,BAN-PT tabel #akreditasi,11/25/2025,desain komunikasi visual
Universitas Satu,desain komunikasi visual,S1,4,109/SK/BAN-PT/Ak.P/S/I/2024,2024,s1desainkomunikasivisual@universitassatu.ac.id,Baik,2026-01-17,38 hari lagi kedaluwarsa,DESAIN KOMUNIKASI VISUAL,Tidak,BAN-PT tabel #akreditasi,1/17/2024,desain komunikasi visual
Universitas Satyagama,arsitektur,S1,3,,2025,s1arsitektur@universitassatyagama.ac.id,Baik,2029-04-02,,ARSITEKTUR,Ya,BAN-PT tabel #akreditasi,4/2/2024,arsitektur
Universitas Sebelas Maret,arsitektur,S1,PTN,448/SK/BAN-PT/Ak.Ppj/S/III/2025,2025,s1arsitektur@universitassebelasmaret.ac.id,Unggul,2030-04-02,Masih Berlaku,Arsitektur,Ya,BAN-PT tabel #akreditasi,3/19/2025,arsitektur
Universitas Sebelas Maret,desain interior,S1,PTN,,2025,s1desaininterior@universitassebelasmaret.ac.id,Unggul,2027-11-15,,DESAIN INTERIOR,Ya,BAN-PT tabel #akreditasi,11/1/2022,desain interior
Universitas Sebelas Maret,desain komunikasi visual,D3,PTN,4050/SK/BAN-PT/Ak/D3/V/2024,2024,diiidesainkomunikasivisual@universitassebelasmaret.ac.id,Unggul,2027-08-16,Masih Berlaku,Desain Komunikasi Visual,Ya,BAN-PT tabel #akreditasi,8/2/2022,desain komunikasi visual
Universitas Sebelas Maret,desain komunikasi visual,S1,PTN,,2025,s1desainkomunikasivisual@universitassebelasmaret.ac.id,Unggul,2027-08-16,,DESAIN KOMUNIKASI VISUAL,Ya,BAN-PT tabel #akreditasi,8/2/2022,desain komunikasi visual
Universitas Sebelas Maret,desain media digital,D4,PTN,,2025,d4desainmediadigital@universitassebelasmaret.ac.id,Terakreditasi Sementara,2030-09-23,,DESAIN MEDIA DIGITAL,Ya,BAN-PT tabel #akreditasi,9/23/2025,desain media digital
Universitas Sebelas Maret,desain mode,S1,PTN,,2025,s1desainmode@universitassebelasmaret.ac.id,Unggul,2027-09-27,,DESAIN MODE,Ya,BAN-PT tabel #akreditasi,8/6/2025,desain mode
Universitas Sebelas Maret,ilmu lingkungan,S1,PTN,,2025,s1ilmulingkungan@universitassebelasmaret.ac.id,Unggul,2030-09-02,,ILMU LINGKUNGAN,Ya,BAN-PT tabel #akreditasi,9/2/2025,ilmu lingkungan
Universitas Sebelas Maret,ilmu lingkungan,S2,PTN,,2025,s2ilmulingkungan@universitassebelasmaret.ac.id,Unggul,2030-09-02,,ILMU LINGKUNGAN,Ya,BAN-PT tabel #akreditasi,9/2/2025,ilmu lingkungan
Universitas Sebelas Maret,ilmu lingkungan,S3,PTN,,2025,s3ilmulingkungan@universitassebelasmaret.ac.id,Unggul,2030-09-02,,ILMU LINGKUNGAN,Ya,BAN-PT tabel #akreditasi,9/2/2025,ilmu lingkungan
Universitas Sebelas Maret,perencanaan wilayah dan kota,S1,PTN,,2025,s1perencanaanwilayahdankota@universitassebelasmaret.ac.id,Unggul,2030-08-05,,PERENCANAAN WILAYAH DAN KOTA,Ya,BAN-PT tabel #akreditasi,7/29/2025,perencanaan wilayah dan kota
Universitas Sebelas Maret,perencanaan wilayah dan kota,S2,PTN,,2025,s2perencanaanwilayahdankota@universitassebelasmaret.ac.id,Unggul,2030-08-05,,PERENCANAAN WILAYAH DAN KOTA,Ya,BAN-PT tabel #akreditasi,7/29/2025,perencanaan wilayah dan kota
Universitas Sebelas Maret,arsitek,Profesi,,,,,Terakreditasi Sementara,2030-03-25,,Profesi Arsitek,Ya,BAN-PT tabel #akreditasi,3/25/2025,arsitek
Universitas Selamat Sri,arsitektur,D4,6,2740/SK/BAN-PT/Ak-TMSP/S/V/2021,2021,s1arsitektur@universitasselamatsri.ac.id,Tidak Terakreditasi,,Masih Berlaku,Arsitektur,Ya,BAN-PT tabel #akreditasi,5/5/2021,arsitektur
Universitas Selamat Sri,desain komunikasi visual,S1,6,,2025,s1desainkomunikasivisual@universitasselamatsri.ac.id,Baik,2028-10-10,,DESAIN KOMUNIKASI VISUAL,Ya,BAN-PT tabel #akreditasi,9/26/2023,desain komunikasi visual
Universitas Selamat Sri,perencanaan wilayah dan kota,S1,,,,,Baik,2023-09-12,,PERENCANAAN WILAYAH DAN KOTA,Tidak,BAN-PT tabel #akreditasi,11/23/2022,perencanaan wilayah dan kota
Universitas Semarang,perencanaan wilayah dan kota,S1,6,,2025,s1perencanaanwilayahdankota@universitassemarang.ac.id,Baik,9999-01-01,,PERENCANAAN WILAYAH DAN KOTA,Ya,BAN-PT tabel #akreditasi,3/9/2026,perencanaan wilayah dan kota
Universitas Serambi Mekkah,pengelolaan sumberdaya alam dan lingkungan,S2,13,,2025,s2pengelolaansumberdayaalamdanlingkungan@universitasserambimekkah.ac.id,Terakreditasi Sementara,2030-01-14,,PENGELOLAAN SUMBERDAYA ALAM DAN LINGKUNGAN,Ya,BAN-PT tabel #akreditasi,1/14/2025,pengelolaan sumberdaya alam dan lingkungan
Universitas Serasan,ilmu lingkungan,S1,2,,2025,s1ilmulingkungan@universitasserasan.ac.id,Baik,2027-10-28,,ILMU LINGKUNGAN,Ya,BAN-PT tabel #akreditasi,10/28/2025,ilmu lingkungan
Universitas Simalungun,perencanaan wilayah dan kota,S2,1,,2025,s2perencanaanwilayahdankota@universitassimalungun.ac.id,B,9999-01-01,,PERENCANAAN WILAYAH DAN KOTA,Ya,BAN-PT tabel #akreditasi,6/4/2025,perencanaan wilayah dan kota
Universitas Sintuwu Maroso Poso,perencanaan wilayah dan perdesaan,S2,16,,2025,s2perencanaanwilayahdanperdesaan@universitassintuwumarosoposo.ac.id,Baik,2027-04-29,,PERENCANAAN WILAYAH DAN PERDESAAN,Ya,BAN-PT tabel #akreditasi,4/29/2025,perencanaan wilayah dan perdesaan
Universitas Sriwijaya,arsitektur,S1,PTN,,2025,s1arsitektur@universitassriwijaya.ac.id,B,2028-09-26,,ARSITEKTUR,Ya,BAN-PT tabel #akreditasi,2/20/2024,arsitektur
Universitas Sriwijaya,ilmu lingkungan,S3,PTN,,2025,s3ilmulingkungan@universitassriwijaya.ac.id,Baik Sekali,2026-11-17,,ILMU LINGKUNGAN,Ya,BAN-PT tabel #akreditasi,11/17/2021,ilmu lingkungan
Universitas Sriwijaya,pengelolaan lingkungan,S2,PTN,,2025,s2pengelolaanlingkungan@universitassriwijaya.ac.id,Baik Sekali,2026-06-15,,PENGELOLAAN LINGKUNGAN,Ya,BAN-PT tabel #akreditasi,6/15/2021,pengelolaan lingkungan
Universitas Sriwijaya,teknik arsitektur,S1,,,,,A,2023-09-25,,TEKNIK ARSITEKTUR,Tidak,BAN-PT tabel #akreditasi,9/25/2018,teknik arsitektur
Universitas Subang,arsitektur,S1,4,,2025,s1arsitektur@universitassubang.ac.id,Baik,9999-01-01,,ARSITEKTUR,Ya,BAN-PT tabel #akreditasi,8/5/2025,arsitektur
Universitas Sulawesi Barat,perencanaan wilayah dan kota,S1,PTN,,2025,s1perencanaanwilayahdankota@universitassulawesibarat.ac.id,Baik,2029-02-20,,PERENCANAAN WILAYAH DAN KOTA,Ya,BAN-PT tabel #akreditasi,2/20/2024,perencanaan wilayah dan kota
Universitas Sulawesi Tenggara,perencanaan wilayah dan kota,S1,,,,,Baik,2025-07-04,,PERENCANAAN WILAYAH DAN KOTA,Tidak,BAN-PT tabel #akreditasi,7/4/2023,perencanaan wilayah dan kota
Universitas Sultan Ageng Tirtayasa,lingkungan,S2,,,,,Baik,2026-11-29,,Studi Lingkungan,Ya,BAN-PT tabel #akreditasi,3/10/2026,lingkungan
Universitas Sumatera Utara,arsitektur,S1,PTN,,2025,s1arsitektur@universitassumaterautara.ac.id,Unggul,2027-07-12,,ARSITEKTUR,Ya,BAN-PT tabel #akreditasi,7/12/2022,arsitektur
Universitas Sumatera Utara,ilmu arsitektur dan perkotaan,S3,PTN,1008/SK/BAN-PT/Akred/D/II/2021,2021,s3ilmuarsitekturdanperkotaan@universitassumaterautara.ac.id,Baik,2026-02-23,75 hari lagi kedaluwarsa,Ilmu Arsitektur dan Perkotaan,Tidak,BAN-PT tabel #akreditasi,2/23/2021,ilmu arsitektur dan perkotaan
Universitas Sumatera Utara,manajemen sumberdaya perairan kampus kabupaten nias utara,S1,PTN,,2025,s1manajemensumberdayaperairankampuskabupatenniasutara@universitassumaterautara.ac.id,Baik,2029-06-04,,MANAJEMEN SUMBERDAYA PERAIRAN KAMPUS KABUPATEN NIAS UTARA,Ya,BAN-PT tabel #akreditasi,6/4/2024,manajemen sumberdaya perairan kampus kabupaten nias utara
Universitas Sumatera Utara,pengelolaan sumber daya alam dan lingkungan,S2,PTN,,2025,s2pengelolaansumberdayaalamdanlingkungan@universitassumaterautara.ac.id,Baik Sekali,2029-06-11,,PENGELOLAAN SUMBER DAYA ALAM DAN LINGKUNGAN,Ya,BAN-PT tabel #akreditasi,6/11/2024,pengelolaan sumber daya alam dan lingkungan
Universitas Sumatera Utara,pengelolaan sumber daya alam dan lingkungan,S3,PTN,,2025,s3pengelolaansumberdayaalamdanlingkungan@universitassumaterautara.ac.id,Baik Sekali,2029-06-11,,PENGELOLAAN SUMBER DAYA ALAM DAN LINGKUNGAN,Ya,BAN-PT tabel #akreditasi,6/11/2024,pengelolaan sumber daya alam dan lingkungan
Universitas Sumatera Utara,perencanaan pembangunan wilayah dan pedesaan,S2,PTN,,2025,s2perencanaanpembangunanwilayahdanpedesaan@universitassumaterautara.ac.id,Unggul,2029-05-01,,PERENCANAAN PEMBANGUNAN WILAYAH DAN PEDESAAN,Ya,BAN-PT tabel #akreditasi,4/16/2024,perencanaan pembangunan wilayah dan pedesaan
Universitas Sumatera Utara,perencanaan wilayah dan kota,S1,PTN,,2025,s1perencanaanwilayahdankota@universitassumaterautara.ac.id,Terakreditasi Sementara,2030-09-16,,PERENCANAAN WILAYAH DAN KOTA,Ya,BAN-PT tabel #akreditasi,9/16/2025,perencanaan wilayah dan kota
Universitas Sumatera Utara,perencanaan wilayah dan kota,S2,PTN,,2025,s2perencanaanwilayahdankota@universitassumaterautara.ac.id,Terakreditasi Sementara,2030-09-16,,PERENCANAAN WILAYAH DAN KOTA,Ya,BAN-PT tabel #akreditasi,9/16/2025,perencanaan wilayah dan kota
Universitas Sumatera Utara,perencanaan wilayah,S3,PTN,,2025,s3perencanaanwilayah@universitassumaterautara.ac.id,B,2028-07-11,,PERENCANAAN WILAYAH,Ya,BAN-PT tabel #akreditasi,6/27/2023,perencanaan wilayah
Universitas Sumatera Utara,arsitek,Profesi,,,,,B,2027-12-06,,Profesi Arsitek,Ya,BAN-PT tabel #akreditasi,12/6/2022,arsitek
Universitas Sumatera Utara,teknik arsitektur,S2,PTN,,2025,s2teknikarsitektur@universitassumaterautara.ac.id,B,2011-08-24,,TEKNIK ARSITEKTUR,Tidak,BAN-PT tabel #akreditasi,8/24/2006,teknik arsitektur
Universitas Surabaya,desain komunikasi visual,S1,7,,2025,s1desainkomunikasivisual@universitassurabaya.ac.id,Terakreditasi Sementara,2029-10-08,,DESAIN KOMUNIKASI VISUAL,Ya,BAN-PT tabel #akreditasi,10/8/2024,desain komunikasi visual
Universitas Surabaya,desain produk,S1,7,,2025,s1desainproduk@universitassurabaya.ac.id,Unggul,2029-11-13,,DESAIN PRODUK,Ya,BAN-PT tabel #akreditasi,5/14/2025,desain produk
Universitas Surakarta,arsitektur,S1,6,,2025,s1arsitektur@universitassurakarta.ac.id,B,2029-04-10,,ARSITEKTUR,Ya,BAN-PT tabel #akreditasi,4/2/2024,arsitektur
Universitas Swadaya Gunung Djati,desain komunikasi visual,S1,4,6926/SK/BAN-PT/Ak.P/S/XI/2024,2024,s1desainkomunikasivisual@universitasswadayagunungdjati.ac.id,Terakreditasi Sementara,2029-11-26,Masih Berlaku,Desain Komunikasi Visual,Ya,BAN-PT tabel #akreditasi,11/26/2024,desain komunikasi visual
Universitas Swadaya Gunung Djati,perencanaan wilayah dan kota,S1,4,372/SK/BAN-PT/Ak/S/II/2024,2024,s1perencanaanwilayahdankota@universitasswadayagunungdjati.ac.id,Baik,2029-02-13,Masih Berlaku,Perencanaan Wilayah Dan Kota,Ya,BAN-PT tabel #akreditasi,2/13/2024,perencanaan wilayah dan kota
Universitas Swadaya Gunung Jati,perencanaan wilayah dan kota,S1,,,2025,,Baik,2029-02-13,,PERENCANAAN WILAYAH DAN KOTA,Ya,BAN-PT tabel #akreditasi,2/13/2024,perencanaan wilayah dan kota
Universitas Syekh Yusuf Al Makassari Gowa,desain komunikasi visual,S3,9,441/SK/BAN-PT/Ak.P/S/II/2024,2024,s1desainkomunikasivisual@universitassyekhyusufalmakassarigowa.ac.id,Baik,2026-02-20,72 hari lagi kedaluwarsa,Desain Komunikasi Visual,Tidak,BAN-PT tabel #akreditasi,2/20/2024,desain komunikasi visual
Universitas Syiah Kuala,arsitektur,S1,PTN,9424/SK/BAN-PT/Akred/M/VII/2021,2021,s2arsitektur@universitassyiahkuala.ac.id,Baik Sekali,2029-07-30,Masih Berlaku,Arsitektur,Ya,BAN-PT tabel #akreditasi,7/30/2024,arsitektur
Universitas Syiah Kuala,arsitektur,S1,PTN,,2025,s1arsitektur@universitassyiahkuala.ac.id,Baik Sekali,2029-07-30,,ARSITEKTUR,Ya,BAN-PT tabel #akreditasi,7/30/2024,arsitektur
Universitas Syiah Kuala,pengelolaan lingkungan,S2,PTN,,2025,s2pengelolaanlingkungan@universitassyiahkuala.ac.id,B,9999-01-01,,PENGELOLAAN LINGKUNGAN,Ya,BAN-PT tabel #akreditasi,10/7/2025,pengelolaan lingkungan
Universitas Syiah Kuala,pengelolaan sumber daya alam,S2,PTN,,2025,s2pengelolaansumberdayaalam@universitassyiahkuala.ac.id,B,9999-01-01,,PENGELOLAAN SUMBER DAYA ALAM,Ya,BAN-PT tabel #akreditasi,5/6/2025,pengelolaan sumber daya alam
Universitas Syiah Kuala,pengelolaan sumberdaya pesisir terpadu,S2,PTN,,2025,s2pengelolaansumberdayapesisirterpadu@universitassyiahkuala.ac.id,B,9999-01-01,,PENGELOLAAN SUMBERDAYA PESISIR TERPADU,Ya,BAN-PT tabel #akreditasi,9/16/2025,pengelolaan sumberdaya pesisir terpadu
Universitas Syiah Kuala,perencanaan wilayah dan kota,S1,PTN,,2025,s1perencanaanwilayahdankota@universitassyiahkuala.ac.id,Baik Sekali,2029-02-20,,PERENCANAAN WILAYAH DAN KOTA,Ya,BAN-PT tabel #akreditasi,2/20/2024,perencanaan wilayah dan kota
Universitas Syiah Kuala,arsitek,Profesi,,,,,Terakreditasi Sementara,2029-01-23,,Profesi Arsitek,Ya,BAN-PT tabel #akreditasi,1/23/2024,arsitek
Universitas Tadulako,arsitektur,S1,PTN,,2025,s1arsitektur@universitastadulako.ac.id,Baik Sekali,2028-06-27,,ARSITEKTUR,Ya,BAN-PT tabel #akreditasi,11/28/2023,arsitektur
Universitas Tadulako,arsitektur,S2,PTN,,2025,s2arsitektur@universitastadulako.ac.id,Baik Sekali,2028-06-27,,ARSITEKTUR,Ya,BAN-PT tabel #akreditasi,11/28/2023,arsitektur
Universitas Tadulako,konservasi sumberdaya hutan,D3,PTN,10245/SK/BAN-PT/Ak.KP/D3/XII/2022,2022,diiikonservasisumberdayahutan@universitastadulako.ac.id,Baik,9999-01-01,Masih Berlaku,Konservasi Sumberdaya Hutan,Ya,BAN-PT tabel #akreditasi,12/6/2022,konservasi sumberdaya hutan
Universitas Tadulako,perencanaan wilayah dan kota,S1,PTN,,2025,s1perencanaanwilayahdankota@universitastadulako.ac.id,Baik,2029-10-22,,PERENCANAAN WILAYAH DAN KOTA,Ya,BAN-PT tabel #akreditasi,10/22/2024,perencanaan wilayah dan kota
Universitas Tama Jagakarsa,arsitektur,S1,,,,,Baik,2025-03-18,,ARSITEKTUR,Tidak,BAN-PT tabel #akreditasi,10/12/2022,arsitektur
Universitas Tanjungpura,arsitektur,S1,PTN,,2025,s1arsitektur@universitastanjungpura.ac.id,Baik Sekali,2027-12-28,,ARSITEKTUR,Ya,BAN-PT tabel #akreditasi,10/17/2023,arsitektur
Universitas Tanjungpura,ilmu lingkungan,S2,PTN,,2025,s2ilmulingkungan@universitastanjungpura.ac.id,Baik Sekali,2029-03-19,,ILMU LINGKUNGAN,Ya,BAN-PT tabel #akreditasi,3/19/2024,ilmu lingkungan
Universitas Tanjungpura,manajemen sumberdaya perairan,S1,PTN,,2025,s1manajemensumberdayaperairan@universitastanjungpura.ac.id,Baik Sekali,2029-03-13,,MANAJEMEN SUMBERDAYA PERAIRAN,Ya,BAN-PT tabel #akreditasi,5/14/2025,manajemen sumberdaya perairan
Universitas Tanjungpura,pendidikan arsitek,Profesi,,,,,Terakreditasi Sementara,2030-08-25,,Pendidikan Profesi Arsitek,Ya,BAN-PT tabel #akreditasi,8/25/2025,pendidikan arsitek
Universitas Tanjungpura,perencanaan wilayah dan kota,S1,PTN,,2025,s1perencanaanwilayahdankota@universitastanjungpura.ac.id,Baik Sekali,2029-02-20,,PERENCANAAN WILAYAH DAN KOTA,Ya,BAN-PT tabel #akreditasi,2/20/2024,perencanaan wilayah dan kota
Universitas Tanri Abeng,arsitektur,S1,3,608/SK/BAN-PT/PEPA-Ppj/S/II/2024,2024,s1arsitektur@universitastanriabeng.ac.id,Baik,2029-02-27,Masih Berlaku,Arsitektur,Ya,BAN-PT tabel #akreditasi,2/27/2024,arsitektur
Universitas Tarumanagara,arsitektur,S1,3,,2025,s1arsitektur@universitastarumanagara.ac.id,A,2030-06-10,,ARSITEKTUR,Ya,BAN-PT tabel #akreditasi,11/3/2025,arsitektur
Universitas Tarumanagara,arsitektur,S2,3,,2025,s2arsitektur@universitastarumanagara.ac.id,A,2030-06-10,,ARSITEKTUR,Ya,BAN-PT tabel #akreditasi,11/3/2025,arsitektur
Universitas Tarumanagara,desain interior,S1,3,,2025,s1desaininterior@universitastarumanagara.ac.id,Unggul,2027-07-12,,DESAIN INTERIOR,Ya,BAN-PT tabel #akreditasi,7/12/2022,desain interior
Universitas Tarumanagara,desain komunikasi visual,S1,3,,2025,s1desainkomunikasivisual@universitastarumanagara.ac.id,Unggul,2027-03-30,,DESAIN KOMUNIKASI VISUAL,Ya,BAN-PT tabel #akreditasi,5/10/2023,desain komunikasi visual
Universitas Tarumanagara,perencanaan wilayah dan kota,S1,3,,2025,s1perencanaanwilayahdankota@universitastarumanagara.ac.id,Baik Sekali,2030-09-05,,PERENCANAAN WILAYAH DAN KOTA,Ya,BAN-PT tabel #akreditasi,11/3/2025,perencanaan wilayah dan kota
Universitas Tarumanagara,perencanaan wilayah dan kota,S2,3,,2025,s2perencanaanwilayahdankota@universitastarumanagara.ac.id,Baik Sekali,2030-09-05,,PERENCANAAN WILAYAH DAN KOTA,Ya,BAN-PT tabel #akreditasi,11/3/2025,perencanaan wilayah dan kota
Universitas Teknologi Bandung,desain komunikasi visual,S1,4,5307/SK/BAN-PT/Ak-PNB/S/VIII/2024,2024,s1desainkomunikasivisual@universitasteknologibandung.ac.id,Baik,2025-12-15,5 hari lagi kedaluwarsa,DESAIN KOMUNIKASI VISUAL,Tidak,BAN-PT tabel #akreditasi,8/6/2024,desain komunikasi visual
Universitas Teknologi Digital,desain komunikasi visual,S1,4,7129/SK/BAN-PT/Ak.P/S/VIII/2025,2025,s1desainkomunikasivisual@universitasteknologidigital.ac.id,Baik,2031-02-24,Masih Berlaku,Desain Komunikasi Visual,Ya,BAN-PT tabel #akreditasi,2/24/2026,desain komunikasi visual
Universitas Teknologi Indonesia,desain produk,S2,8,6144/SK/BAN-PT/Ak-TMSP/S/VI/2021,2021,s1desainproduk@universitasteknologiindonesia.ac.id,Tidak Terakreditasi,,Masih Berlaku,Desain Produk,Ya,BAN-PT tabel #akreditasi,6/9/2021,desain produk
Universitas Teknologi Sulawesi Utara,perencanaan wilayah dan kota,S1,16,,2025,s1perencanaanwilayahdankota@universitasteknologisulawesiutara.ac.id,Baik,2026-06-22,,PERENCANAAN WILAYAH DAN KOTA,Ya,BAN-PT tabel #akreditasi,6/22/2021,perencanaan wilayah dan kota
Universitas Teknologi Sumbawa,konservasi sumber daya alam,S1,8,,,s1konservasisumberdayaalam@universitasteknologisumbawa.ac.id,Baik,2027-02-04,,Konservasi Sumber Daya Alam,Ya,BAN-PT tabel #akreditasi,2/4/2025,konservasi sumber daya alam
Universitas Teknologi Yogyakarta,arsitektur,D3,5,3168/SK/BAN-PT/Ak-PPJ/S/V/2022,2022,s1arsitektur@universitasteknologiyogyakarta.ac.id,A,2027-06-07,Masih Berlaku,Arsitektur,Ya,BAN-PT tabel #akreditasi,5/24/2022,arsitektur
Universitas Teknologi Yogyakarta,perencanaan wilayah dan kota,S1,5,,2025,s1perencanaanwilayahdankota@universitasteknologiyogyakarta.ac.id,Baik Sekali,2030-05-20,,PERENCANAAN WILAYAH DAN KOTA,Ya,BAN-PT tabel #akreditasi,5/20/2025,perencanaan wilayah dan kota
Universitas Telkom,desain interior,S1,4,,2025,s1desaininterior@universitastelkom.ac.id,A,2028-04-11,,DESAIN INTERIOR,Ya,BAN-PT tabel #akreditasi,3/28/2023,desain interior
Universitas Telkom,desain komunikasi visual kampus jakarta,S1,4,7852/SK/BAN-PT/Ak/S/X/2025,2025,s1desainkomunikasivisualkampusjakarta@universitastelkom.ac.id,Baik,2030-10-07,Masih Berlaku,Desain Komunikasi Visual (Kampus Jakarta),Ya,BAN-PT tabel #akreditasi,10/7/2025,desain komunikasi visual kampus jakarta
Universitas Telkom,desain komunikasi visual kampus kabupaten banyumas,S1,4,6662/SK/BAN-PT/Ak-PNB/S/XI/2024,2024,s1desainkomunikasivisualkampuskabupatenbanyumas@universitastelkom.ac.id,Baik,2026-09-14,Masih Berlaku,Desain Komunikasi Visual (Kampus Kabupaten Banyumas),Ya,BAN-PT tabel #akreditasi,11/5/2024,desain komunikasi visual kampus kabupaten banyumas
Universitas Telkom,desain komunikasi visual,S1,4,,2025,s1desainkomunikasivisual@universitastelkom.ac.id,Unggul,2027-11-08,,DESAIN KOMUNIKASI VISUAL,Ya,BAN-PT tabel #akreditasi,4/29/2025,desain komunikasi visual
Universitas Telkom,desain produk kampus kabupaten banyumas,S1,4,,2025,s1desainprodukkampuskabupatenbanyumas@universitastelkom.ac.id,Baik,2029-03-05,,DESAIN PRODUK (KAMPUS KABUPATEN BANYUMAS),Ya,BAN-PT tabel #akreditasi,11/5/2024,desain produk kampus kabupaten banyumas
Universitas Telkom,desain produk,S1,4,,2025,s1desainproduk@universitastelkom.ac.id,Unggul,2028-03-28,,DESAIN PRODUK,Ya,BAN-PT tabel #akreditasi,5/6/2025,desain produk
Universitas Telkom,desain,S2,4,,2025,s2desain@universitastelkom.ac.id,Baik Sekali,2028-11-07,,DESAIN,Ya,BAN-PT tabel #akreditasi,11/7/2023,desain
Universitas Terbuka,perencanaan wilayah dan kota,S1,PTN,,2025,s1perencanaanwilayahdankota@universitasterbuka.ac.id,B,2027-03-01,,PERENCANAAN WILAYAH DAN KOTA,Ya,BAN-PT tabel #akreditasi,2/15/2022,perencanaan wilayah dan kota
Universitas Terbuka,lingkungan,S2,,,,,B,2031-01-28,,Studi Lingkungan,Ya,BAN-PT tabel #akreditasi,1/28/2026,lingkungan
Universitas Tiga Serangkai,desain komunikasi visual,D3,6,7701/SK/BAN-PT/Ak-PNB/D3/IX/2025,2025,diiidesainkomunikasivisual@universitastigaserangkai.ac.id,Baik,2026-07-22,Masih Berlaku,Desain Komunikasi Visual,Tidak,BAN-PT tabel #akreditasi,9/23/2025,desain komunikasi visual
Universitas Tiga Serangkai,desain produk tekstil,D3,6,7680/SK/BAN-PT/Ak-PNB/D3/IX/2025,2025,diiidesainproduktekstil@universitastigaserangkai.ac.id,Baik,2026-05-21,162 hari lagi kedaluwarsa,Desain Produk Tekstil,Tidak,BAN-PT tabel #akreditasi,9/23/2025,desain produk tekstil
Universitas Tomakaka,arsitektur,S3,9,11083/SK/BAN-PT/Akred/S/IX/2021,2021,s1arsitektur@universitastomakaka.ac.id,Baik,2026-09-28,Masih Berlaku,Arsitektur,Ya,BAN-PT tabel #akreditasi,9/28/2021,arsitektur
Universitas Tompotika Luwuk Banggai,arsitektur,S1,16,1168/SK/BAN-PT/Akred/S/II/2022,2022,s1arsitektur@universitastompotikaluwukbanggai.ac.id,Baik,2027-02-22,Masih Berlaku,Arsitektur,Ya,BAN-PT tabel #akreditasi,2/22/2022,arsitektur
Universitas Tribhuwana Tungga Dewi,arsitektur lanskap,S1,7,,2025,s1arsitekturlanskap@universitastribhuwanatunggadewi.ac.id,Baik Sekali,2031-02-03,,ARSITEKTUR LANSKAP,Ya,BAN-PT tabel #akreditasi,2/3/2026,arsitektur lanskap
Universitas Trilogi,desain komunikasi visual,S1,3,,2025,s1desainkomunikasivisual@universitastrilogi.ac.id,Baik Sekali,2030-12-18,,DESAIN KOMUNIKASI VISUAL,Ya,BAN-PT tabel #akreditasi,12/18/2025,desain komunikasi visual
Universitas Trilogi,desain produk,S1,3,,2025,s1desainproduk@universitastrilogi.ac.id,Baik,2029-03-19,,DESAIN PRODUK,Ya,BAN-PT tabel #akreditasi,3/19/2024,desain produk
Universitas Trisakti,arsitektur lansekap,S1,3,,2025,s1arsitekturlansekap@universitastrisakti.ac.id,Baik Sekali,2029-10-17,,ARSITEKTUR LANSEKAP,Ya,BAN-PT tabel #akreditasi,12/10/2025,arsitektur lansekap
Universitas Trisakti,arsitektur,S1,3,,2025,s1arsitektur@universitastrisakti.ac.id,Unggul,2029-09-04,,ARSITEKTUR,Ya,BAN-PT tabel #akreditasi,11/12/2024,arsitektur
Universitas Trisakti,arsitektur,S2,3,,2025,s2arsitektur@universitastrisakti.ac.id,Unggul,2029-09-04,,ARSITEKTUR,Ya,BAN-PT tabel #akreditasi,11/12/2024,arsitektur
Universitas Trisakti,arsitektur,S3,3,,2025,s3arsitektur@universitastrisakti.ac.id,Unggul,2029-09-04,,ARSITEKTUR,Ya,BAN-PT tabel #akreditasi,11/12/2024,arsitektur
Universitas Trisakti,desain interior,S1,3,,2025,s1desaininterior@universitastrisakti.ac.id,Baik Sekali,2027-01-11,,DESAIN INTERIOR,Ya,BAN-PT tabel #akreditasi,12/10/2025,desain interior
Universitas Trisakti,desain komunikasi visual,S1,3,,2025,s1desainkomunikasivisual@universitastrisakti.ac.id,A,2026-12-02,,DESAIN KOMUNIKASI VISUAL,Ya,BAN-PT tabel #akreditasi,12/8/2021,desain komunikasi visual
Universitas Trisakti,desain produk,S1,3,,2025,s1desainproduk@universitastrisakti.ac.id,Baik,2027-09-07,,DESAIN PRODUK,Ya,BAN-PT tabel #akreditasi,9/7/2022,desain produk
Universitas Trisakti,desain produk,S2,3,,2025,s2desainproduk@universitastrisakti.ac.id,Baik,2027-09-07,,DESAIN PRODUK,Ya,BAN-PT tabel #akreditasi,9/7/2022,desain produk
Universitas Trisakti,perencanaan wilayah dan kota,S1,3,,2025,s1perencanaanwilayahdankota@universitastrisakti.ac.id,Unggul,2028-10-03,,PERENCANAAN WILAYAH DAN KOTA,Ya,BAN-PT tabel #akreditasi,2/27/2024,perencanaan wilayah dan kota
Universitas Trunodjoyo Madura,manajemen sumberdaya perairan,S1,,,2025,,Baik Sekali,2028-06-20,,MANAJEMEN SUMBERDAYA PERAIRAN,Ya,BAN-PT tabel #akreditasi,6/20/2023,manajemen sumberdaya perairan
Universitas Trunodjoyo Madura,pengelolaan sumber daya alam,S2,,,2025,,Baik Sekali,2029-08-06,,PENGELOLAAN SUMBER DAYA ALAM,Ya,BAN-PT tabel #akreditasi,8/6/2024,pengelolaan sumber daya alam
Universitas Trunodjoyo Madura,pengelolaan sumber daya alam,S3,,,2025,,Baik Sekali,2029-08-06,,PENGELOLAAN SUMBER DAYA ALAM,Ya,BAN-PT tabel #akreditasi,8/6/2024,pengelolaan sumber daya alam
Universitas Trunojoyo,manajemen sumberdaya perairan,S1,PTN,2407/SK/BAN-PT/Ak/S/VI/2023,2023,s1manajemensumberdayaperairan@universitastrunojoyo.ac.id,Baik Sekali,2028-06-20,Masih Berlaku,Manajemen Sumberdaya Perairan,Ya,BAN-PT tabel #akreditasi,6/20/2023,manajemen sumberdaya perairan
Universitas Trunojoyo,pengelolaan sumber daya alam,S2,PTN,5223/SK/BAN-PT/Ak/M/VIII/2024,2024,s2pengelolaansumberdayaalam@universitastrunojoyo.ac.id,Baik Sekali,2029-08-06,Masih Berlaku,Pengelolaan Sumber Daya Alam,Ya,BAN-PT tabel #akreditasi,8/6/2024,pengelolaan sumber daya alam
Universitas Trunojoyo,pengelolaan sumber daya alam,S3,PTN,006/SK/BAN-PT/Ak.P/2.0/S3/X/2025,2025,s3pengelolaansumberdayaalam@universitastrunojoyo.ac.id,Baik Sekali,2029-08-06,Masih Berlaku,Pengelolaan Sumber Daya Alam,Ya,BAN-PT tabel #akreditasi,8/6/2024,pengelolaan sumber daya alam
Universitas Tunas Pembangunan Surakarta (Utp),arsitektur,D4,6,6311/SK/BAN-PT/Ak.Ppj/S/IV/2025,2025,s1arsitektur@universitastunaspembangunansurakartautp.ac.id,B,2030-05-04,Masih Berlaku,Arsitektur,Ya,BAN-PT tabel #akreditasi,4/29/2025,arsitektur
Universitas Ubudiyah Indonesia,arsitektur,S1,13,6809/SK/BAN-PT/Ak/S/VI/2025,2025,s1arsitektur@universitasubudiyahindonesia.ac.id,Baik,2030-06-14,Masih Berlaku,Arsitektur,Ya,BAN-PT tabel #akreditasi,6/14/2025,arsitektur
Universitas Utpadaka Swastika,desain komunikasi visual,S1,,,,,Baik,2025-06-06,,DESAIN KOMUNIKASI VISUAL,Tidak,BAN-PT tabel #akreditasi,6/6/2023,desain komunikasi visual
Universitas Wanita Internasional,desain interior,S1,4,,2025,s1desaininterior@universitaswanitainternasional.ac.id,B,2029-10-23,,DESAIN INTERIOR,Ya,BAN-PT tabel #akreditasi,10/8/2024,desain interior
Universitas Wanita Internasional,desain komunikasi visual,S1,4,,2025,s1desainkomunikasivisual@universitaswanitainternasional.ac.id,A,2029-10-23,,DESAIN KOMUNIKASI VISUAL,Ya,BAN-PT tabel #akreditasi,10/8/2024,desain komunikasi visual
Universitas Warmadewa,arsitektur,S1,8,,2025,s1arsitektur@universitaswarmadewa.ac.id,Unggul,2030-04-22,,ARSITEKTUR,Ya,BAN-PT tabel #akreditasi,4/22/2025,arsitektur
Universitas Warmadewa,pendidikan arsitek,Profesi,,,,,Terakreditasi Sementara,2030-04-14,,Pendidikan Profesi Arsitek,Ya,BAN-PT tabel #akreditasi,4/14/2025,pendidikan arsitek
Universitas Widya Kartika,arsitektur,S1,7,5369/SK/BAN-PT/Ak.Ppj/S/VIII/2024,2024,s1arsitektur@universitaswidyakartika.ac.id,B,2029-08-21,Masih Berlaku,Arsitektur,Ya,BAN-PT tabel #akreditasi,8/13/2024,arsitektur
Universitas Widya Mataram,arsitektur,D3,5,2544/SK/BAN-PT/Ak-PPJ/S/IV/2021,2021,s1arsitektur@universitaswidyamataram.ac.id,B,2026-04-29,140 hari lagi kedaluwarsa,Arsitektur,Ya,BAN-PT tabel #akreditasi,4/28/2021,arsitektur
Universitas Widyatama,desain grafis,D4,4,6825/SK/BAN-PT/PEPA-Ppj/STr/VI/2025,2025,divdesaingrafis@universitaswidyatama.ac.id,B,2030-06-14,Masih Berlaku,Desain Grafis,Ya,BAN-PT tabel #akreditasi,6/14/2025,desain grafis
Universitas Wijayakusuma Purwokerto,arsitektur,S1,6,,2025,s1arsitektur@universitaswijayakusumapurwokerto.ac.id,Baik,2030-10-07,,ARSITEKTUR,Ya,BAN-PT tabel #akreditasi,10/7/2025,arsitektur
Universitas Winaya Mukti,arsitektur,S1,4,8118/SK/BAN-PT/Ak.S/S/X/2025,2025,s1arsitektur@universitaswinayamukti.ac.id,Baik,9999-01-01,Masih Berlaku,Arsitektur,Ya,BAN-PT tabel #akreditasi,10/28/2025,arsitektur
Universitas Winaya Mukti,perencanaan wilayah dan kota,S1,4,,2025,s1perencanaanwilayahdankota@universitaswinayamukti.ac.id,Baik Sekali,2029-07-17,,PERENCANAAN WILAYAH DAN KOTA,Ya,BAN-PT tabel #akreditasi,12/10/2025,perencanaan wilayah dan kota
Universitas Wira Bhakti,ilmu lingkungan,S1,9,,2025,s1ilmulingkungan@universitaswirabhakti.ac.id,Terakreditasi Sementara,2030-01-14,,ILMU LINGKUNGAN,Ya,BAN-PT tabel #akreditasi,1/14/2025,ilmu lingkungan
Universitas Wiraraja,desain komunikasi visual,S1,7,,2025,s1desainkomunikasivisual@universitaswiraraja.ac.id,Baik,2031-01-13,,DESAIN KOMUNIKASI VISUAL,Ya,BAN-PT tabel #akreditasi,1/13/2026,desain komunikasi visual
Universitas Yapis Papua,arsitektur,S1,14,317/SK/BAN-PT/Ak.P/S/II/2025,2025,s1arsitektur@universitasyapispapua.ac.id,Baik,2027-02-25,Masih Berlaku,Arsitektur,Ya,BAN-PT tabel #akreditasi,2/25/2025,arsitektur
