Universitas,Program Studi,Jenjang,Tipe,Nomor SK,Tahun,email,Peringkat_Akreditasi,Tanggal_Kadaluarsa,Status_Kadaluarsa,Program Studi Asli,Status Akreditasi,Sumber Status Akreditasi,Tanggal_SK,Program Studi BANPT
Akademi Kesejahteraan Sosial Akk,desain busana,D3,5,7000/SK/BAN-PT/Ak.Ppj/D3/VII/2025,2025.0,diiidesainbusana@akademikesejahteraansosialakk.ac.id,B,2030-07-12,Masih Berlaku,Desain Busana,Ya,BAN-PT tabel #akreditasi,2025-07-08,desain busana
Akademi Kesejahteraan Sosial Ibu Kartini,desain mode,D4,6,849/SK/BAN-PT/Ak.P/STr/III/2024,2024.0,divdesainmode@akademikesejahteraansosialibukartini.ac.id,Baik,2026-08-02,93 hari lagi kedaluwarsa,Desain Mode,Ya,BAN-PT tabel #akreditasi,2026-02-02,desain mode
Akademi Seni Dan Desain Indonesia Surakarta,desain komunikasi visual,D3,6,7539/SK/BAN-PT/Ak.KP/D3/X/2022,2022.0,diiidesainkomunikasivisual@akademisenidandesainindonesiasurakarta.ac.id,Baik,2026-07-22,Masih Berlaku,Desain Komunikasi Visual,Ya,BAN-PT tabel #akreditasi,2022-10-12,desain komunikasi visual
Akademi Seni Dan Desain Indonesia Surakarta,desain produk tekstil,D3,6,8199/SK/BAN-PT/Ak.KP/D3/X/2022,2022.0,diiidesainproduktekstil@akademisenidandesainindonesiasurakarta.ac.id,Baik,2026-05-21,162 hari lagi kedaluwarsa,Desain Produk Tekstil,Ya,BAN-PT tabel #akreditasi,2022-10-18,desain produk tekstil
Akademi Seni Rupa Dan Desain Iswi Jakarta,desain produk,D3,3,11979/SK/BAN-PT/Akred/Dipl-III/X/2021,2021.0,diiidesainproduk@akademisenirupadandesainiswijakarta.ac.id,Baik,2026-10-26,Masih Berlaku,Desain Produk,Ya,BAN-PT tabel #akreditasi,2021-10-26,desain produk
Akademi Seni Rupa Dan Desain Msd,desain komunikasi visual,D3,5,4669/SK/BAN-PT/PEPA-Ppj/D3/XI/2023,2023.0,diiidesainkomunikasivisual@akademisenirupadandesainmsd.ac.id,Baik,2028-08-01,Masih Berlaku,Desain Komunikasi Visual,Ya,BAN-PT tabel #akreditasi,2023-11-09,desain komunikasi visual
Akademi Teknik Pika,desain interior,D3,6,1480/SK/BAN-PT/Akred/Dipl-III/III/2021,2021.0,diiidesaininterior@akademiteknikpika.ac.id,Baik,2031-03-17,96 hari lagi kedaluwarsa,Desain Interior,Ya,BAN-PT tabel #akreditasi,2026-03-31,desain interior
Institut Desain Dan Bisnis Bali,arsitektur,S1,8,7129/SK/BAN-PT/Ak.P/S1/VIII/2025,2025.0,s1arsitektur@institutdesaindanbisnisbali.ac.id,Terakreditasi Sementara,2030-08-25,Masih Berlaku,Arsitektur,Ya,BAN-PT tabel #akreditasi,2025-08-25,arsitektur
Institut Desain dan Bisnis Bali,desain interior,S1,8,,2025.0,s1desaininterior@institutdesaindanbisnisbali.ac.id,Unggul,2029-12-15,,DESAIN INTERIOR,Ya,BAN-PT tabel #akreditasi,2024-12-15,desain interior
Institut Desain dan Bisnis Bali,desain komunikasi visual,S1,8,,2025.0,s1desainkomunikasivisual@institutdesaindanbisnisbali.ac.id,Baik Sekali,2029-08-13,,DESAIN KOMUNIKASI VISUAL,Ya,BAN-PT tabel #akreditasi,2024-08-13,desain komunikasi visual
Institut Desain dan Bisnis Bali,desain mode,D4,,,2025.0,,Baik,2026-08-03,,DESAIN MODE,Ya,BAN-PT tabel #akreditasi,2021-08-03,desain mode
Institut Desain Dan Bisnis Bali,desain mode,S2,8,9921/SK/BAN-PT/Akred/ST/VIII/2021,2021.0,divdesainmode@institutdesaindanbisnisbali.ac.id,Baik,2026-08-03,Masih Berlaku,Desain Mode,Ya,BAN-PT tabel #akreditasi,2021-08-03,desain mode
Institut Desain dan Bisnis Bali,desain,S2,8,,2025.0,s2desain@institutdesaindanbisnisbali.ac.id,Terakreditasi Sementara,2029-03-26,,DESAIN,Ya,BAN-PT tabel #akreditasi,2024-03-26,desain
Institut Filsafat Dan Teknologi Kreatif Ledalero,desain komunikasi visual,S1,15,4112/SK/BAN-PT/Ak.P/S/V/2024,2024.0,s1desainkomunikasivisual@institutfilsafatdanteknologikreatifledalero.ac.id,Baik,2026-05-14,155 hari lagi kedaluwarsa,Desain Komunikasi Visual,Ya,BAN-PT tabel #akreditasi,2024-05-14,desain komunikasi visual
Institut Informatika Dan Bisnis Darmajaya,desain komunikasi visual,S1,2,7601/SK/BAN-PT/Ak/S/IX/2025,2025.0,s1desainkomunikasivisual@institutinformatikadanbisnisdarmajaya.ac.id,Baik,2030-09-16,Masih Berlaku,Desain Komunikasi Visual,Ya,BAN-PT tabel #akreditasi,2025-09-16,desain komunikasi visual
Institut Informatika Indonesia Surabaya,desain komunikasi visual,S1,7,3822/SK/BAN-PT/Ak.Ppj/S/IV/2024,2024.0,s1desainkomunikasivisual@institutinformatikaindonesiasurabaya.ac.id,B,2029-04-24,Masih Berlaku,Desain Komunikasi Visual,Ya,BAN-PT tabel #akreditasi,2024-04-16,desain komunikasi visual
Institut Informatika Indonesia Surabaya,desain produk,S1,7,,2025.0,s1desainproduk@institutinformatikaindonesiasurabaya.ac.id,Tidak Terakreditasi,,,DESAIN PRODUK,Ya,BAN-PT tabel #akreditasi,2025-09-09,desain produk
Institut Kesenian Jakarta,desain interior,S1,3,,2025.0,s1desaininterior@institutkesenianjakarta.ac.id,Baik,2029-06-25,,DESAIN INTERIOR,Ya,BAN-PT tabel #akreditasi,2024-06-25,desain interior
Institut Kesenian Jakarta,desain komunikasi visual,S1,3,,2025.0,s1desainkomunikasivisual@institutkesenianjakarta.ac.id,B,2029-10-22,,DESAIN KOMUNIKASI VISUAL,Ya,BAN-PT tabel #akreditasi,2024-10-22,desain komunikasi visual
Institut Komunikasi Dan Bisnis Lspr,desain komunikasi visual,S1,3,5082/SK/BAN-PT/Ak/S/VII/2022,2022.0,s1desainkomunikasivisual@institutkomunikasidanbisnislspr.ac.id,Baik,2027-07-27,Masih Berlaku,Desain Komunikasi Visual,Ya,BAN-PT tabel #akreditasi,2022-07-27,desain komunikasi visual
Institut Komunikasi Dan Bisnis LSPR,desain media,D4,3,,2025.0,d4desainmedia@institutkomunikasidanbisnislspr.ac.id,Terakreditasi Sementara,2030-08-25,,DESAIN MEDIA,Ya,BAN-PT tabel #akreditasi,2025-08-25,desain media
Institut Modern Arsitektur dan Teknologi,arsitektur,S1,1,,2025.0,s1arsitektur@institutmodernarsitekturdanteknologi.ac.id,Baik,2026-06-17,,ARSITEKTUR,Ya,BAN-PT tabel #akreditasi,2022-07-03,arsitektur
Institut Modern Arsitektur Dan Teknologi,desain komunikasi visual,S1,1,19/SK/BAN-PT/Ak.P/S/I/2025,2025.0,s1desainkomunikasivisual@institutmodernarsitekturdanteknologi.ac.id,Terakreditasi Sementara,2030-01-14,Masih Berlaku,Desain Komunikasi Visual,Ya,BAN-PT tabel #akreditasi,2025-01-14,desain komunikasi visual
Institut Modern Arsitektur Dan Teknologi,perencanaan wilayah dan kota,S1,1,4072/SK/BAN-PT/PB-PS/S/VII/2022,2022.0,s1perencanaanwilayahdankota@institutmodernarsitekturdanteknologi.ac.id,Baik,2026-06-17,Masih Berlaku,Perencanaan Wilayah Dan Kota,Ya,BAN-PT tabel #akreditasi,2022-07-03,perencanaan wilayah dan kota
Institut Pertanian Bogor,arsitektur lanskap,S1,PTN,,2025.0,s1arsitekturlanskap@institutpertanianbogor.ac.id,Unggul,2029-01-17,,ARSITEKTUR LANSKAP,Ya,BAN-PT tabel #akreditasi,2024-01-17,perencanaan pariwisata
Institut Pertanian Bogor,arsitektur lanskap,S2,PTN,,2025.0,s2arsitekturlanskap@institutpertanianbogor.ac.id,Unggul,2029-01-17,,ARSITEKTUR LANSKAP,Ya,BAN-PT tabel #akreditasi,2024-01-17,optimasi desain mekanik
Institut Pertanian Bogor,ilmu pengelolaan sumberdaya alam dan lingkungan,S2,PTN,,2025.0,s2ilmupengelolaansumberdayaalamdanlingkungan@institutpertanianbogor.ac.id,Unggul,2028-08-17,,ILMU PENGELOLAAN SUMBERDAYA ALAM DAN LINGKUNGAN,Ya,BAN-PT tabel #akreditasi,2025-05-06,perencanaan dan pengembangan pariwisata
Institut Pertanian Bogor,ilmu pengelolaan sumberdaya alam dan lingkungan,S3,PTN,,2025.0,s3ilmupengelolaansumberdayaalamdanlingkungan@institutpertanianbogor.ac.id,Unggul,2028-08-17,,ILMU PENGELOLAAN SUMBERDAYA ALAM DAN LINGKUNGAN,Ya,BAN-PT tabel #akreditasi,2025-05-06,ilmu pengelolaan sumberdaya alam dan lingkungan
Institut Pertanian Bogor,ilmu perencanaan wilayah,S2,PTN,,2025.0,s2ilmuperencanaanwilayah@institutpertanianbogor.ac.id,Unggul,2028-05-09,,ILMU PERENCANAAN WILAYAH,Ya,BAN-PT tabel #akreditasi,2023-11-28,ilmu perencanaan wilayah
Institut Pertanian Bogor,konservasi sumberdaya hutan dan ekowisata,S1,PTN,,2025.0,s1konservasisumberdayahutandanekowisata@institutpertanianbogor.ac.id,Unggul,2027-01-11,,KONSERVASI SUMBERDAYA HUTAN DAN EKOWISATA,Ya,BAN-PT tabel #akreditasi,2024-11-12,konservasi sumberdaya hutan dan ekowisata
Institut Pertanian Bogor,manajemen sumberdaya lahan,S1,PTN,,2025.0,s1manajemensumberdayalahan@institutpertanianbogor.ac.id,Unggul,2027-07-05,,MANAJEMEN SUMBERDAYA LAHAN,Ya,BAN-PT tabel #akreditasi,2023-03-28,manajemen sumberdaya lahan
Institut Pertanian Bogor,manajemen sumberdaya perairan,S1,PTN,,2025.0,s1manajemensumberdayaperairan@institutpertanianbogor.ac.id,Unggul,2028-04-04,,MANAJEMEN SUMBERDAYA PERAIRAN,Ya,BAN-PT tabel #akreditasi,2025-05-14,manajemen sumberdaya perairan
Institut Pertanian Bogor,pengelolaan sumberdaya perairan,S2,PTN,,2025.0,s2pengelolaansumberdayaperairan@institutpertanianbogor.ac.id,Unggul,2027-12-28,,PENGELOLAAN SUMBERDAYA PERAIRAN,Ya,BAN-PT tabel #akreditasi,2023-10-24,pengelolaan sumberdaya perairan
Institut Pertanian Bogor,pengelolaan sumberdaya perairan,S3,PTN,,2025.0,s3pengelolaansumberdayaperairan@institutpertanianbogor.ac.id,Unggul,2027-12-28,,PENGELOLAAN SUMBERDAYA PERAIRAN,Ya,BAN-PT tabel #akreditasi,2023-10-24,pengelolaan sumberdaya perairan
Institut Pertanian Bogor,pengelolaan sumberdaya pesisir dan lautan,S2,PTN,,2025.0,s2pengelolaansumberdayapesisirdanlautan@institutpertanianbogor.ac.id,Unggul,2029-10-31,,PENGELOLAAN SUMBERDAYA PESISIR DAN LAUTAN,Ya,BAN-PT tabel #akreditasi,2025-12-11,pengelolaan sumberdaya pesisir dan lautan
Institut Pertanian Bogor,pengelolaan sumberdaya pesisir dan lautan,S3,PTN,,2025.0,s3pengelolaansumberdayapesisirdanlautan@institutpertanianbogor.ac.id,Unggul,2029-10-31,,PENGELOLAAN SUMBERDAYA PESISIR DAN LAUTAN,Ya,BAN-PT tabel #akreditasi,2025-12-11,pengelolaan sumberdaya pesisir dan lautan
Institut Pertanian Bogor,teknik dan manajemen lingkungan,D4,,,,,Unggul,2030-08-20,,Teknik dan Manajemen Lingkungan,Ya,BAN-PT tabel #akreditasi,2025-08-14,teknik dan manajemen lingkungan
Institut Sains Dan Teknologi Al-Kamal,desain komunikasi visual,S1,3,5326/SK/BAN-PT/PEPA-Ppj/S/XII/2023,2023.0,s1desainkomunikasivisual@institutsainsdanteknologialkamal.ac.id,Baik,2028-11-14,Masih Berlaku,Desain Komunikasi Visual,Ya,BAN-PT tabel #akreditasi,2023-12-21,desain komunikasi visual
Institut Sains Dan Teknologi Muhammadiyah Tarakan,perencanaan wilayah dan kota,S1,11,208/SK/BAN-PT/Ak/S/II/2025,2025.0,s1perencanaanwilayahdankota@institutsainsdanteknologimuhammadiyahtarakan.ac.id,Baik,2030-02-05,Masih Berlaku,Perencanaan Wilayah Dan Kota,Ya,BAN-PT tabel #akreditasi,2025-02-05,perencanaan wilayah dan kota
Institut Sains Dan Teknologi Nasional,arsitektur lanskap,S1,3,,2025.0,s1arsitekturlanskap@institutsainsdanteknologinasional.ac.id,Baik,2030-03-11,,ARSITEKTUR LANSKAP,Ya,BAN-PT tabel #akreditasi,2025-03-11,arsitektur lanskap
Institut Sains Dan Teknologi Nasional,arsitektur,S1,3,8216/SK/BAN-PT/Ak.KP/S/XI/2025,2025.0,s1arsitektur@institutsainsdanteknologinasional.ac.id,Baik Sekali,2030-03-19,Masih Berlaku,Arsitektur,Ya,BAN-PT tabel #akreditasi,2025-11-03,arsitektur
Institut Sains Dan Teknologi Td Pardede,arsitektur,S1,1,4438/SK/BAN-PT/Ak-PPJ/S/VII/2022,2022.0,s1arsitektur@institutsainsdanteknologitdpardede.ac.id,B,2026-10-21,Masih Berlaku,Arsitektur,Ya,BAN-PT tabel #akreditasi,2022-07-13,arsitektur
Institut Sains Dan Teknologi Td Pardede,perencanaan wilayah dan kota,S1,1,4437/SK/BAN-PT/Ak/S/X/2023,2023.0,s1perencanaanwilayahdankota@institutsainsdanteknologitdpardede.ac.id,Baik,2028-10-31,Masih Berlaku,Perencanaan Wilayah Dan Kota,Ya,BAN-PT tabel #akreditasi,2023-10-31,perencanaan wilayah dan kota
Institut Sains Dan Teknologi Terpadu Surabaya,desain komunikasi visual,S1,7,604/SK/BAN-PT/Ak/S/II/2024,2024.0,s1desainkomunikasivisual@institutsainsdanteknologiterpadusurabaya.ac.id,Baik,2029-02-27,Masih Berlaku,Desain Komunikasi Visual,Ya,BAN-PT tabel #akreditasi,2024-02-27,desain komunikasi visual
Institut Sains dan Teknologi Terpadu Surabaya,desain produk,S1,7,,2025.0,s1desainproduk@institutsainsdanteknologiterpadusurabaya.ac.id,Baik,2026-07-21,,DESAIN PRODUK,Ya,BAN-PT tabel #akreditasi,2021-07-21,desain produk
Institut Seni Budaya Indonesia Aceh,desain interior,S1,PTN,,2025.0,s1desaininterior@institutsenibudayaindonesiaaceh.ac.id,Baik,2027-10-28,,DESAIN INTERIOR,Ya,BAN-PT tabel #akreditasi,2025-10-28,desain interior
Institut Seni Budaya Indonesia Aceh,desain komunikasi visual,S1,PTN,7228/SK/BAN-PT/Ak.S/S/VIII/2025,2025.0,s1desainkomunikasivisual@institutsenibudayaindonesiaaceh.ac.id,Baik,,Masih Berlaku,Desain Komunikasi Visual,Ya,BAN-PT tabel #akreditasi,2025-08-06,desain komunikasi visual
Institut Seni Budaya Indonesia Bandung,desain interior,S1,PTN,,2025.0,s1desaininterior@institutsenibudayaindonesiabandung.ac.id,Terakreditasi Sementara,2030-08-25,,DESAIN INTERIOR,Ya,BAN-PT tabel #akreditasi,2025-08-25,desain interior
Institut Seni Budaya Indonesia Bandung,desain komunikasi visual,S1,PTN,1031/SK/BAN-PT/Ak.P/S/III/2024,2024.0,s1desainkomunikasivisual@institutsenibudayaindonesiabandung.ac.id,Terakreditasi Sementara,2029-03-26,Masih Berlaku,Desain Komunikasi Visual,Ya,BAN-PT tabel #akreditasi,2024-03-26,desain komunikasi visual
Institut Seni Budaya Indonesia Tanah Papua,desain komunikasi visual,S1,PTN,559/SK/BAN-PT/Akred/S/I/2022,2022.0,s1desainkomunikasivisual@institutsenibudayaindonesiatanahpapua.ac.id,Baik,2026-08-05,Masih Berlaku,Desain Komunikasi Visual,Ya,BAN-PT tabel #akreditasi,2022-01-19,desain komunikasi visual
Institut Seni Indonesia Bali,desain interior,S1,,,2025.0,,A,2031-01-26,,DESAIN INTERIOR,Ya,BAN-PT tabel #akreditasi,2026-01-26,desain interior
Institut Seni Indonesia Bali,desain mode,D4,,,2025.0,,Unggul,2031-01-26,,DESAIN MODE,Ya,BAN-PT tabel #akreditasi,2026-01-26,desain mode
Institut Seni Indonesia Bali,desain produk,S1,,,2025.0,,Baik,2031-01-26,,DESAIN PRODUK,Ya,BAN-PT tabel #akreditasi,2026-01-26,desain produk
Institut Seni Indonesia Denpasar,desain interior,S1,PTN,,2024.0,s1desaininterior@institutseniindonesiadenpasar.ac.id,Unggul,2027-08-02,,DESAIN INTERIOR,Ya,BAN-PT tabel #akreditasi,2024-04-16,desain interior
Institut Seni Indonesia Denpasar,desain komunikasi visual,S1,PTN,3747/SK/BAN-PT/Ak.KP/S/IV/2024,2024.0,s1desainkomunikasivisual@institutseniindonesiadenpasar.ac.id,Unggul,2027-08-02,Masih Berlaku,Desain Komunikasi Visual,Ya,BAN-PT tabel #akreditasi,2024-04-16,desain komunikasi visual
Institut Seni Indonesia Denpasar,desain mode,D4,PTN,505/SK/BAN-PT/Ak.KP/STr/II/2024,2024.0,divdesainmode@institutseniindonesiadenpasar.ac.id,Unggul,2027-08-23,Masih Berlaku,Desain Mode,Ya,BAN-PT tabel #akreditasi,2024-02-27,desain mode
Institut Seni Indonesia Denpasar,desain produk,S1,PTN,,2024.0,s1desainproduk@institutseniindonesiadenpasar.ac.id,Baik,2030-11-11,,DESAIN PRODUK,Ya,BAN-PT tabel #akreditasi,2025-11-11,desain produk
Institut Seni Indonesia Denpasar,desain,S3,PTN,35/SK/BAN-PT/Ak.P/D/I/2025,2025.0,s3desain@institutseniindonesiadenpasar.ac.id,Unggul,2030-06-24,Masih Berlaku,Desain,Ya,BAN-PT tabel #akreditasi,2025-06-24,desain
Institut Seni Indonesia Denpasar,desain,S2,PTN,6858/SK/BAN-PT/Ak/S2/VII/2025,2025.0,s2desain@institutseniindonesiadenpasar.ac.id,Unggul,2030-06-24,Masih Berlaku,Desain,Ya,BAN-PT tabel #akreditasi,2025-06-24,desain
Institut Seni Indonesia Padang Panjang,desain komunikasi visual,S1,PTN,5017/SK/BAN-PT/PEPA-Ppj/S/VII/2024,2024.0,s1desainkomunikasivisual@institutseniindonesiapadangpanjang.ac.id,Baik Sekali,2030-12-16,Masih Berlaku,Desain Komunikasi Visual,Ya,BAN-PT tabel #akreditasi,2025-12-16,desain komunikasi visual
Institut Seni Indonesia Padang Panjang,desain mode,D4,PTN,686/SK/BAN-PT/Akred/ST/II/2022,2022.0,divdesainmode@institutseniindonesiapadangpanjang.ac.id,Baik,2027-02-02,Masih Berlaku,Desain Mode,Ya,BAN-PT tabel #akreditasi,2022-02-02,desain mode
Institut Seni Indonesia Padang Panjang,desain mode,D4,,,2025.0,,Baik,2027-02-02,,DESAIN MODE,Ya,BAN-PT tabel #akreditasi,2022-02-02,desain mode
Institut Seni Indonesia Padang Panjang,desain produk,S1,PTN,,2025.0,s1desainproduk@institutseniindonesiapadangpanjang.ac.id,Baik,2029-04-02,,DESAIN PRODUK,Ya,BAN-PT tabel #akreditasi,2024-04-02,desain produk
Institut Seni Indonesia Surakarta,arsitektur,S1,PTN,471/SK/BAN-PT/Ak.P/S/III/2025,2025.0,s1arsitektur@institutseniindonesiasurakarta.ac.id,Terakreditasi Sementara,2030-03-19,Masih Berlaku,Arsitektur,Ya,BAN-PT tabel #akreditasi,2025-03-19,arsitektur
Institut Seni Indonesia Surakarta,desain interior,S1,PTN,,2025.0,s1desaininterior@institutseniindonesiasurakarta.ac.id,Unggul,2031-03-03,,DESAIN INTERIOR,Ya,BAN-PT tabel #akreditasi,2026-03-03,desain interior
Institut Seni Indonesia Surakarta,desain komunikasi visual,S1,PTN,7799/SK/BAN-PT/Ak.S/S/X/2025,2025.0,s1desainkomunikasivisual@institutseniindonesiasurakarta.ac.id,Baik Sekali,2030-12-16,Masih Berlaku,Desain Komunikasi Visual,Ya,BAN-PT tabel #akreditasi,2025-12-16,desain komunikasi visual
Institut Seni Indonesia Surakarta,desain produk industri,S1,PTN,,2025.0,s1desainprodukindustri@institutseniindonesiasurakarta.ac.id,Terakreditasi Sementara,2030-09-09,,DESAIN PRODUK INDUSTRI,Ya,BAN-PT tabel #akreditasi,2025-09-09,desain produk industri
Institut Seni Indonesia Yogyakarta,desain interior,S1,PTN,,2025.0,s1desaininterior@institutseniindonesiayogyakarta.ac.id,Unggul,2027-06-27,,DESAIN INTERIOR,Ya,BAN-PT tabel #akreditasi,2022-06-27,desain interior
Institut Seni Indonesia Yogyakarta,desain komunikasi visual,S1,PTN,13625/SK/BAN-PT/Ak-PPJ/S/XII/2021,2021.0,s1desainkomunikasivisual@institutseniindonesiayogyakarta.ac.id,A,2026-12-28,Masih Berlaku,Desain Komunikasi Visual,Ya,BAN-PT tabel #akreditasi,2021-12-23,desain komunikasi visual
Institut Seni Indonesia Yogyakarta,desain mode kriya batik,D4,PTN,339/SK/BAN-PT/Ak.S/STr/II/2025,2025.0,divdesainmodekriyabatik@institutseniindonesiayogyakarta.ac.id,Baik,2031-03-03,Masih Berlaku,Desain Mode Kriya Batik,Ya,BAN-PT tabel #akreditasi,2026-03-03,desain mode kriya batik
Institut Seni Indonesia Yogyakarta,desain produk,S1,PTN,,2025.0,s1desainproduk@institutseniindonesiayogyakarta.ac.id,Baik Sekali,2028-06-07,,DESAIN PRODUK,Ya,BAN-PT tabel #akreditasi,2024-01-16,desain produk
Institut Teknologi Adhi Tama Surabaya,arsitektur,S1,7,7312/SK/BAN-PT/Ak.S/S/VIII/2025,2025.0,s1arsitektur@institutteknologiadhitamasurabaya.ac.id,Baik Sekali,2031-03-17,Masih Berlaku,Arsitektur,Ya,BAN-PT tabel #akreditasi,2026-03-17,arsitektur
Institut Teknologi Adhi Tama Surabaya,desain produk,S1,7,,2025.0,s1desainproduk@institutteknologiadhitamasurabaya.ac.id,Baik,2030-09-16,,DESAIN PRODUK,Ya,BAN-PT tabel #akreditasi,2025-09-16,desain produk
Institut Teknologi Bacharuddin Jusuf Habibie,arsitektur,S1,PTN,28/SK/BAN-PT/Ak.P/S/I/2025,2025.0,s1arsitektur@institutteknologibacharuddinjusufhabibie.ac.id,Terakreditasi Sementara,2030-01-14,Masih Berlaku,Arsitektur,Ya,BAN-PT tabel #akreditasi,2025-01-14,arsitektur
Institut Teknologi Bandung,arsitektur lanskap,S2,PTN,,2025.0,s2arsitekturlanskap@institutteknologibandung.ac.id,Baik Sekali,2029-08-27,,ARSITEKTUR LANSKAP,Ya,BAN-PT tabel #akreditasi,2024-08-27,arsitektur lanskap
Institut Teknologi Bandung,arsitektur,S2,PTN,160/SK/BAN-PT/Ak.Ppj/M/I/2025,2025.0,s2arsitektur@institutteknologibandung.ac.id,Unggul,2030-01-31,Masih Berlaku,Arsitektur,Ya,BAN-PT tabel #akreditasi,2025-01-21,arsitektur
Institut Teknologi Bandung,arsitektur,S1,PTN,,2025.0,s1arsitektur@institutteknologibandung.ac.id,Unggul,2030-01-31,,ARSITEKTUR,Ya,BAN-PT tabel #akreditasi,2025-01-21,arsitektur
Institut Teknologi Bandung,desain interior,S1,PTN,,2025.0,s1desaininterior@institutteknologibandung.ac.id,Unggul,2030-08-03,,DESAIN INTERIOR,Ya,BAN-PT tabel #akreditasi,2025-07-29,desain interior
Institut Teknologi Bandung,desain komunikasi visual,S1,PTN,,2025.0,s1desainkomunikasivisual@institutteknologibandung.ac.id,Unggul,2027-09-20,,DESAIN KOMUNIKASI VISUAL,Ya,BAN-PT tabel #akreditasi,2024-05-21,desain komunikasi visual
Institut Teknologi Bandung,desain produk,S1,PTN,,2025.0,s1desainproduk@institutteknologibandung.ac.id,Unggul,2026-06-03,,DESAIN PRODUK,Ya,BAN-PT tabel #akreditasi,2022-04-20,desain produk
Institut Teknologi Bandung,desain,S2,PTN,,2025.0,s2desain@institutteknologibandung.ac.id,Unggul,2027-06-07,,DESAIN,Ya,BAN-PT tabel #akreditasi,2024-07-15,desain
Institut Teknologi Bandung,ilmu seni rupa dan desain,S3,PTN,,2025.0,s3ilmusenirupadandesain@institutteknologibandung.ac.id,B,2030-04-14,,ILMU SENI RUPA DAN DESAIN,Ya,BAN-PT tabel #akreditasi,2025-04-14,ilmu seni rupa dan desain
Institut Teknologi Bandung,pengelolaan sumberdaya air,S2,PTN,9749/SK/BAN-PT/AK-ISK/M/VII/2021,2021.0,s2pengelolaansumberdayaair@institutteknologibandung.ac.id,Unggul,2026-07-22,Masih Berlaku,Pengelolaan Sumberdaya Air,Ya,BAN-PT tabel #akreditasi,2021-07-27,pengelolaan sumberdaya air
Institut Teknologi Bandung,perencanaan wilayah dan kota kampus cirebon,S1,PTN,7177/SK/BAN-PT/Ak.P/2.0/S1/IX/2025,2025.0,s1perencanaanwilayahdankotakampuscirebon@institutteknologibandung.ac.id,Terakreditasi Sementara,2030-09-09,Masih Berlaku,Perencanaan Wilayah Dan Kota (Kampus Cirebon),Ya,BAN-PT tabel #akreditasi,2025-09-09,perencanaan wilayah dan kota kampus cirebon
Institut Teknologi Bandung,perencanaan wilayah dan kota,S1,PTN,,2025.0,s1perencanaanwilayahdankota@institutteknologibandung.ac.id,Unggul,2029-06-26,,PERENCANAAN WILAYAH DAN KOTA,Ya,BAN-PT tabel #akreditasi,2024-06-11,perencanaan wilayah dan kota
Institut Teknologi Bandung,perencanaan wilayah dan kota,S2,PTN,,2025.0,s2perencanaanwilayahdankota@institutteknologibandung.ac.id,Unggul,2029-06-26,,PERENCANAAN WILAYAH DAN KOTA,Ya,BAN-PT tabel #akreditasi,2024-06-11,perencanaan wilayah dan kota
Institut Teknologi Bandung,perencanaan wilayah dan kota,S3,PTN,,2025.0,s3perencanaanwilayahdankota@institutteknologibandung.ac.id,Unggul,2029-06-26,,PERENCANAAN WILAYAH DAN KOTA,Ya,BAN-PT tabel #akreditasi,2024-06-11,perencanaan wilayah dan kota
Institut Teknologi Bandung,arsitek,Profesi,,,,,Terakreditasi Sementara,2030-09-16,,Profesi Arsitek,Ya,BAN-PT tabel #akreditasi,2025-09-16,arsitek
Institut Teknologi Bandung,rancang kota,S2,PTN,,2025.0,s2rancangkota@institutteknologibandung.ac.id,Unggul,2027-08-23,,RANCANG KOTA,Ya,BAN-PT tabel #akreditasi,2022-08-09,rancang kota
Institut Teknologi Bandung,teknik dan pengelolaan sumber daya air,S1,,,,,Unggul,2026-12-22,,Teknik dan Pengelolaan Sumber Daya Air,Ya,BAN-PT tabel #akreditasi,2021-12-22,teknik dan pengelolaan sumber daya air
Institut Teknologi Batam,desain komunikasi visual,S1,17,,2025.0,s1desainkomunikasivisual@institutteknologibatam.ac.id,Baik,2027-03-10,,DESAIN KOMUNIKASI VISUAL,Ya,BAN-PT tabel #akreditasi,2026-03-03,desain komunikasi visual
Institut Teknologi Budi Utomo,arsitektur,S1,3,2913/SK/BAN-PT/Ak/S/VII/2023,2023.0,s1arsitektur@institutteknologibudiutomo.ac.id,Baik,2028-07-25,Masih Berlaku,Arsitektur,Ya,BAN-PT tabel #akreditasi,2023-07-25,arsitektur
Institut Teknologi Calvin,arsitektur,S1,3,11875/SK/BAN-PT/Akred/S/X/2021,2021.0,s1arsitektur@institutteknologicalvin.ac.id,Baik,2026-10-26,Masih Berlaku,Arsitektur,Ya,BAN-PT tabel #akreditasi,2021-10-26,arsitektur
Institut Teknologi Dan Bisnis Ahmad Dahlan Lamongan,arsitektur,S1,7,339/SK/BAN-PT/Ak/S/II/2024,2024.0,s1arsitektur@institutteknologidanbisnisahmaddahlanlamongan.ac.id,Baik,2029-02-06,Masih Berlaku,Arsitektur,Ya,BAN-PT tabel #akreditasi,2024-02-06,arsitektur
Institut Teknologi Dan Bisnis Ahmad Dahlan,arsitektur,S1,3,3533/SK/BAN-PT/Ak/S/IX/2023,2023.0,s1arsitektur@institutteknologidanbisnisahmaddahlan.ac.id,Baik,2028-09-05,Masih Berlaku,Arsitektur,Ya,BAN-PT tabel #akreditasi,2023-09-05,arsitektur
Institut Teknologi Dan Bisnis Ahmad Dahlan,desain komunikasi visual,S1,3,1500/SK/BAN-PT/Akred/S/III/2021,2021.0,s1desainkomunikasivisual@institutteknologidanbisnisahmaddahlan.ac.id,Baik,,96 hari lagi kedaluwarsa,Desain Komunikasi Visual,Ya,BAN-PT tabel #akreditasi,2026-03-09,desain komunikasi visual
Institut Teknologi Dan Bisnis Asia Malang,desain komunikasi visual,S1,7,5201/SK/BAN-PT/Ak.Ppj/S/VII/2024,2024.0,s1desainkomunikasivisual@institutteknologidanbisnisasiamalang.ac.id,B,2029-08-08,Masih Berlaku,Desain Komunikasi Visual,Ya,BAN-PT tabel #akreditasi,2024-07-30,desain komunikasi visual
Institut Teknologi Dan Bisnis Kalbis,desain komunikasi visual,S1,3,592/SK/BAN-PT/Ak/S/II/2024,2024.0,s1desainkomunikasivisual@institutteknologidanbisniskalbis.ac.id,Baik Sekali,2029-02-27,Masih Berlaku,Desain Komunikasi Visual,Ya,BAN-PT tabel #akreditasi,2024-02-27,desain komunikasi visual
Institut Teknologi Dan Bisnis Karya Pembangunan Papua,perencanaan wilayah dan kota,S1,14,4052/SK/BAN-PT/Ak/S/V/2024,2024.0,s1perencanaanwilayahdankota@institutteknologidanbisniskaryapembangunanpapua.ac.id,Baik,2029-05-07,Masih Berlaku,Perencanaan Wilayah Dan Kota,Ya,BAN-PT tabel #akreditasi,2024-05-07,perencanaan wilayah dan kota
Institut Teknologi Dan Bisnis Kristen Bukit Pengharapan,desain komunikasi visual,D4,6,913/SK/BAN-PT/Ak/S/III/2024,2024.0,s1desainkomunikasivisual@institutteknologidanbisniskristenbukitpengharapan.ac.id,Baik,2029-03-19,Masih Berlaku,Desain Komunikasi Visual,Ya,BAN-PT tabel #akreditasi,2024-03-19,desain komunikasi visual
Institut Teknologi dan Bisnis Maritim Balik Diwa,pemanfaatan sumberdaya perairan,S1,9,,2024.0,s1pemanfaatansumberdayaperairan@institutteknologidanbisnismaritimbalikdiwa.ac.id,B,2030-12-14,,PEMANFAATAN SUMBERDAYA PERAIRAN,Ya,BAN-PT tabel #akreditasi,2026-01-06,pemanfaatan sumberdaya perairan
Institut Teknologi Dan Bisnis Palcomtech,desain komunikasi visual,D3,2,687/SK/BAN-PT/Ak/D3/III/2024,2024.0,diiidesainkomunikasivisual@institutteknologidanbisnispalcomtech.ac.id,Baik Sekali,2029-03-05,Masih Berlaku,Desain Komunikasi Visual,Ya,BAN-PT tabel #akreditasi,2024-03-05,desain komunikasi visual
Institut Teknologi Dan Bisnis Stikom Ambon,desain komunikasi visual,S1,12,4020/SK/BAN-PT/PB-PS/S/VII/2022,2022.0,s1desainkomunikasivisual@institutteknologidanbisnisstikomambon.ac.id,Baik,2027-03-21,Masih Berlaku,Desain Komunikasi Visual,Ya,BAN-PT tabel #akreditasi,2022-07-03,desain komunikasi visual
Institut Teknologi Dan Bisnis Stikom Ambon,perencanaan wilayah dan kota,S1,12,4073/SK/BAN-PT/PB-PS/S/VII/2022,2022.0,s1perencanaanwilayahdankota@institutteknologidanbisnisstikomambon.ac.id,Baik,2027-05-24,Masih Berlaku,Perencanaan Wilayah Dan Kota,Ya,BAN-PT tabel #akreditasi,2022-07-03,perencanaan wilayah dan kota
Institut Teknologi Dan Bisnis Tuban,desain komunikasi visual,S1,7,8042/SK/BAN-PT/Ak/S/X/2025,2025.0,s1desainkomunikasivisual@institutteknologidanbisnistuban.ac.id,Baik,2030-10-22,Masih Berlaku,Desain Komunikasi Visual,Ya,BAN-PT tabel #akreditasi,2025-10-22,desain komunikasi visual
Institut Teknologi Garut,arsitektur,S1,4,10720/SK/BAN-PT/PB-PS/S/IX/2021,2021.0,s1arsitektur@institutteknologigarut.ac.id,Baik,2026-07-01,Masih Berlaku,Arsitektur,Ya,BAN-PT tabel #akreditasi,2021-09-07,arsitektur
Institut Teknologi Harapan Bangsa,desain komunikasi visual,S1,4,10075/SK/BAN-PT/Ak/S/XI/2022,2022.0,s1desainkomunikasivisual@institutteknologiharapanbangsa.ac.id,Baik Sekali,2027-11-30,Masih Berlaku,Desain Komunikasi Visual,Ya,BAN-PT tabel #akreditasi,2022-11-30,desain komunikasi visual
Institut Teknologi Indonesia,arsitektur,S1,3,4295/SK/BAN-PT/Ak.KP/S/V/2024,2024.0,s1arsitektur@institutteknologiindonesia.ac.id,Baik Sekali,2026-10-21,Masih Berlaku,Arsitektur,Ya,BAN-PT tabel #akreditasi,2024-05-21,arsitektur
Institut Teknologi Indonesia,perencanaan wilayah dan kota,S1,3,,2025.0,s1perencanaanwilayahdankota@institutteknologiindonesia.ac.id,Baik Sekali,2028-10-31,,PERENCANAAN WILAYAH DAN KOTA,Ya,BAN-PT tabel #akreditasi,2023-10-31,perencanaan wilayah dan kota
Institut Teknologi Kalimantan,arsitektur,S1,PTN,5909/SK/BAN-PT/Ak/S/IX/2022,2022.0,s1arsitektur@institutteknologikalimantan.ac.id,Baik,2027-09-06,Masih Berlaku,Arsitektur,Ya,BAN-PT tabel #akreditasi,2022-09-06,arsitektur
Institut Teknologi Kalimantan,desain komunikasi visual,S1,PTN,,2025.0,s1desainkomunikasivisual@institutteknologikalimantan.ac.id,Baik,2029-10-08,,DESAIN KOMUNIKASI VISUAL,Ya,BAN-PT tabel #akreditasi,2024-10-08,desain komunikasi visual
Institut Teknologi Kalimantan,perencanaan wilayah dan kota,S1,PTN,,2025.0,s1perencanaanwilayahdankota@institutteknologikalimantan.ac.id,B,2028-04-04,,PERENCANAAN WILAYAH DAN KOTA,Ya,BAN-PT tabel #akreditasi,2023-10-24,perencanaan wilayah dan kota
Institut Teknologi Minaesa,arsitektur,S1,16,8714/SK/BAN-PT/Ak-PPJ/S/VI/2021,2021.0,s1arsitektur@institutteknologiminaesa.ac.id,B,2026-06-11,Masih Berlaku,Arsitektur,Ya,BAN-PT tabel #akreditasi,2021-06-15,arsitektur
Institut Teknologi Nasional Bandung,arsitektur,S1,4,1752/SK/BAN-PT/Ak.Ppj/S/V/2023,2023.0,s1arsitektur@institutteknologinasionalbandung.ac.id,Unggul,2031-01-13,Masih Berlaku,Arsitektur,Ya,BAN-PT tabel #akreditasi,2026-01-13,arsitektur
Institut Teknologi Nasional Bandung,desain interior,S1,4,,2025.0,s1desaininterior@institutteknologinasionalbandung.ac.id,Unggul,2028-05-09,,DESAIN INTERIOR,Ya,BAN-PT tabel #akreditasi,2024-11-12,desain interior
Institut Teknologi Nasional Bandung,desain komunikasi visual,S1,4,4977/SK/BAN-PT/Ak.Ppj/S/XI/2023,2023.0,s1desainkomunikasivisual@institutteknologinasionalbandung.ac.id,A,2028-10-16,Masih Berlaku,Desain Komunikasi Visual,Ya,BAN-PT tabel #akreditasi,2023-11-28,desain komunikasi visual
Institut Teknologi Nasional Bandung,desain produk,S1,,,2025.0,,Unggul,2026-11-11,,DESAIN PRODUK,Ya,BAN-PT tabel #akreditasi,2026-02-10,desain produk
Institut Teknologi Nasional Bandung,perencanaan wilayah dan kota,S1,4,,2025.0,s1perencanaanwilayahdankota@institutteknologinasionalbandung.ac.id,Baik Sekali,2031-02-24,,PERENCANAAN WILAYAH DAN KOTA,Ya,BAN-PT tabel #akreditasi,2026-02-24,perencanaan wilayah dan kota
Institut Teknologi Nasional Malang,arsitektur,S1,7,5484/SK/BAN-PT/Ak.KP/S/VIII/2024,2024.0,s1arsitektur@institutteknologinasionalmalang.ac.id,Baik Sekali,2028-05-31,Masih Berlaku,Arsitektur,Ya,BAN-PT tabel #akreditasi,2024-08-19,arsitektur
Institut Teknologi Nasional Malang,perencanaan wilayah dan kota,S1,7,,2025.0,s1perencanaanwilayahdankota@institutteknologinasionalmalang.ac.id,Unggul,2029-07-17,,PERENCANAAN WILAYAH DAN KOTA,Ya,BAN-PT tabel #akreditasi,2025-05-14,perencanaan wilayah dan kota
Institut Teknologi Nasional Yogyakarta,perencanaan wilayah dan kota,S1,5,,2025.0,s1perencanaanwilayahdankota@institutteknologinasionalyogyakarta.ac.id,B,2030-04-02,,PERENCANAAN WILAYAH DAN KOTA,Ya,BAN-PT tabel #akreditasi,2025-05-06,perencanaan wilayah dan kota
Institut Teknologi Sains Bandung,desain produk,S1,4,,2025.0,s1desainproduk@institutteknologisainsbandung.ac.id,Baik Sekali,2030-09-10,,DESAIN PRODUK,Ya,BAN-PT tabel #akreditasi,2025-09-10,desain produk
Institut Teknologi Sains Bandung,perencanaan wilayah dan kota,S1,4,,2025.0,s1perencanaanwilayahdankota@institutteknologisainsbandung.ac.id,Baik,2028-07-25,,PERENCANAAN WILAYAH DAN KOTA,Ya,BAN-PT tabel #akreditasi,2023-12-21,perencanaan wilayah dan kota
Institut Teknologi Sepuluh Nopember,arsitektur,S1,PTN,2626/SK/BAN-PT/Ak.Ppj/M/VII/2023,2023.0,s2arsitektur@institutteknologisepuluhnopember.ac.id,A,2026-11-25,Masih Berlaku,Arsitektur,Ya,BAN-PT tabel #akreditasi,2021-12-07,arsitektur
Institut Teknologi Sepuluh Nopember,desain interior,S1,PTN,,2025.0,s1desaininterior@institutteknologisepuluhnopember.ac.id,A,2030-09-23,,DESAIN INTERIOR,Ya,BAN-PT tabel #akreditasi,2025-10-01,desain interior
Institut Teknologi Sepuluh Nopember,desain interior,S2,PTN,,2025.0,s2desaininterior@institutteknologisepuluhnopember.ac.id,A,2030-09-23,,DESAIN INTERIOR,Ya,BAN-PT tabel #akreditasi,2025-10-01,desain interior
Institut Teknologi Sepuluh Nopember,desain komunikasi visual,S1,PTN,,2025.0,s1desainkomunikasivisual@institutteknologisepuluhnopember.ac.id,Baik,2026-08-31,,DESAIN KOMUNIKASI VISUAL,Ya,BAN-PT tabel #akreditasi,2021-08-31,desain komunikasi visual
Institut Teknologi Sepuluh Nopember,desain produk,S1,PTN,,2025.0,s1desainproduk@institutteknologisepuluhnopember.ac.id,A,2026-09-03,,DESAIN PRODUK,Ya,BAN-PT tabel #akreditasi,2022-01-18,desain produk
Institut Teknologi Sepuluh Nopember,ilmu arsitektur,S3,PTN,,,s3ilmuarsitektur@institutteknologisepuluhnopember.ac.id,Unggul,2031-01-13,,Ilmu Arsitektur,Ya,BAN-PT tabel #akreditasi,2026-01-13,ilmu arsitektur
Institut Teknologi Sepuluh Nopember,perencanaan wilayah dan kota,S1,,,2025.0,,Unggul,2030-11-02,,PERENCANAAN WILAYAH DAN KOTA,Ya,BAN-PT tabel #akreditasi,2026-02-03,perencanaan wilayah dan kota
Institut Teknologi Sepuluh Nopember,perencanaan wilayah dan kota,S2,PTN,,2025.0,s2perencanaanwilayahdankota@institutteknologisepuluhnopember.ac.id,Unggul,2030-11-02,,PERENCANAAN WILAYAH DAN KOTA,Ya,BAN-PT tabel #akreditasi,2026-02-03,perencanaan wilayah dan kota
Institut Teknologi Sumatera,arsitektur lanskap,S1,PTN,,2025.0,s1arsitekturlanskap@institutteknologisumatera.ac.id,Baik,2026-05-18,,ARSITEKTUR LANSKAP,Ya,BAN-PT tabel #akreditasi,2021-05-18,arsitektur lanskap
Institut Teknologi Sumatera,arsitektur,S1,PTN,6059/SK/BAN-PT/Ak/S/X/2024,2024.0,s1arsitektur@institutteknologisumatera.ac.id,Baik Sekali,2029-10-03,159 hari lagi kedaluwarsa,Arsitektur,Ya,BAN-PT tabel #akreditasi,2024-10-03,arsitektur
Institut Teknologi Sumatera,desain komunikasi visual,S1,PTN,,2025.0,s1desainkomunikasivisual@institutteknologisumatera.ac.id,Baik,2026-05-05,,DESAIN KOMUNIKASI VISUAL,Ya,BAN-PT tabel #akreditasi,2021-05-05,desain komunikasi visual
Institut Teknologi Sumatera,perencanaan wilayah dan kota,S1,PTN,,2025.0,s1perencanaanwilayahdankota@institutteknologisumatera.ac.id,Baik Sekali,2029-05-29,,PERENCANAAN WILAYAH DAN KOTA,Ya,BAN-PT tabel #akreditasi,2025-05-14,perencanaan wilayah dan kota
Institut Teknologi Sumatera,sains lingkungan kelautan,S1,,,,,Baik,2026-12-15,,Sains Lingkungan Kelautan,Ya,BAN-PT tabel #akreditasi,2021-12-15,sains lingkungan kelautan
Institut Teknologi Telkom Purwokerto,desain komunikasi visual,D4,6,10875/SK/BAN-PT/Akred/S/IX/2021,2021.0,s1desainkomunikasivisual@institutteknologitelkompurwokerto.ac.id,Baik,2026-09-14,Masih Berlaku,Desain Komunikasi Visual,Ya,BAN-PT tabel #akreditasi,2021-09-14,desain komunikasi visual
Institut Teknologi Telkom Purwokerto,desain produk,S1,6,,,s1desainproduk@institutteknologitelkompurwokerto.ac.id,Baik,2029-03-05,,DESAIN PRODUK,Ya,BAN-PT tabel #akreditasi,2024-03-05,desain produk
Institut Teknologi Yogyakarta,ilmu lingkungan,S2,5,,2025.0,s2ilmulingkungan@institutteknologiyogyakarta.ac.id,Baik,2029-07-10,,ILMU LINGKUNGAN,Ya,BAN-PT tabel #akreditasi,2024-06-25,ilmu lingkungan
Universitas Negeri Gorontalo,kependudukan dan lingkungan hidup,S2,PTN,9544/SK/BAN-PT/Ak-PPJ/M/XI/2022,2022.0,,B,2026-10-07,,Kependudukan Dan Lingkungan Hidup,Ya,BAN-PT tabel #akreditasi,2022-11-15,kependudukan dan lingkungan hidup
Politeknik Ahli Usaha Perikanan,teknologi pengelolaan sumberdaya perairan,D4,PTKL,1200/SK/BAN-PT/Akred/ST/III/2021,2021.0,divteknologipengelolaansumberdayaperairan@politeknikahliusahaperikanan.ac.id,Unggul,2031-03-17,82 hari lagi kedaluwarsa,Teknologi Pengelolaan Sumberdaya Perairan,Ya,BAN-PT tabel #akreditasi,2026-03-17,teknologi pengelolaan sumberdaya perairan
Politeknik Ahli Usaha Perikanan,teknologi pengelolaan sumberdaya perairan,D4,,,2025.0,,Unggul,2031-03-17,,TEKNOLOGI PENGELOLAAN SUMBERDAYA PERAIRAN,Ya,BAN-PT tabel #akreditasi,2026-03-17,teknologi pengelolaan sumberdaya perairan
Politeknik Bina Madani,desain media,D4,4,4407/SK/BAN-PT/Ak/STr/X/2023,2023.0,divdesainmedia@politeknikbinamadani.ac.id,Baik,2028-10-31,Masih Berlaku,Desain Media,Ya,BAN-PT tabel #akreditasi,2023-10-31,desain media
Politeknik Dewantara ,arsitektur bangunan gedung,D4,9,,2025.0,d4arsitekturbangunangedung@politeknikdewantara.ac.id,Terakreditasi Sementara,2030-08-25,,ARSITEKTUR BANGUNAN GEDUNG,Ya,BAN-PT tabel #akreditasi,2025-08-25,arsitektur bangunan gedung
Politeknik Harapan Bersama,desain komunikasi visual,D3,6,5327/SK/BAN-PT/Ak/D3/VIII/2022,2022.0,diiidesainkomunikasivisual@politeknikharapanbersama.ac.id,Baik,2027-08-09,Masih Berlaku,Desain Komunikasi Visual,Ya,BAN-PT tabel #akreditasi,2022-08-09,desain komunikasi visual
Politeknik Industri Furnitur Dan Pengolahan Kayu,desain furnitur,D3,PTKL,358/SK/BAN-PT/Akred/Dipl-III/I/2021,2021.0,diiidesainfurnitur@politeknikindustrifurniturdanpengolahankayu.ac.id,Baik,2030-12-16,13 hari lagi kedaluwarsa,Desain Furnitur,Ya,BAN-PT tabel #akreditasi,2025-12-16,desain furnitur
Politeknik Kreatif Indonesia,desain mode,D4,3,6733/SK/BAN-PT/Ak/STr/VI/2025,2025.0,divdesainmode@politeknikkreatifindonesia.ac.id,Baik,2030-06-04,Masih Berlaku,Desain Mode,Ya,BAN-PT tabel #akreditasi,2025-06-04,desain mode
Politeknik Muhammadiyah Tegal,desain produk,D3,6,8752/SK/BAN-PT/Akred/Dipl-III/VI/2021,2021.0,diiidesainproduk@politeknikmuhammadiyahtegal.ac.id,Baik,2026-06-15,Masih Berlaku,Desain Produk,Ya,BAN-PT tabel #akreditasi,2021-06-15,desain produk
Politeknik Negeri Ambon,manajemen sumberdaya perairan k banda naira,D4,PTN,9080/SK/BAN-PT/Ak/STr/XI/2022,2022.0,divmanajemensumberdayaperairankbandanaira@politekniknegeriambon.ac.id,Baik,2027-11-08,Masih Berlaku,"Manajemen Sumberdaya Perairan, K. Banda Naira",Ya,BAN-PT tabel #akreditasi,2022-11-08,manajemen sumberdaya perairan k banda naira
Politeknik Negeri Jakarta,desain grafis,D4,PTN,898/SK/BAN-PT/Ak/STr/III/2024,2024.0,divdesaingrafis@politekniknegerijakarta.ac.id,Baik,2029-03-19,Masih Berlaku,Desain Grafis,Ya,BAN-PT tabel #akreditasi,2024-03-19,desain grafis
Politeknik Negeri Lampung,teknik sumberdaya lahan dan lingkungan,D3,PTN,0344/SK/LAM Teknik/VD3/VIII/2024,2024.0,diiitekniksumberdayalahandanlingkungan@politekniknegerilampung.ac.id,Baik Sekali,2029-08-20,Masih Berlaku,Teknik Sumberdaya Lahan Dan Lingkungan,Ya,BAN-PT tabel #akreditasi,2024-08-21,teknik sumberdaya lahan dan lingkungan
Politeknik Negeri Lampung,teknik sumberdaya lahan dan lingkungan,D3,,,2025.0,,Baik Sekali,2029-08-20,,TEKNIK SUMBERDAYA LAHAN DAN LINGKUNGAN,Ya,BAN-PT tabel #akreditasi,2024-08-21,teknik sumberdaya lahan dan lingkungan
Politeknik Negeri Media Kreatif,desain grafis kampus kota medan,D3,,,,,Baik,2031-03-31,,DESAIN GRAFIS (KAMPUS KOTA MEDAN),Ya,BAN-PT tabel #akreditasi,2026-03-31,desain grafis kampus kota medan
Politeknik Negeri Media Kreatif,desain grafis kampus makassar,D3,PTN,8915/SK/BAN-PT/Akred/Dipl-III/VI/2021,2021.0,diiidesaingrafiskampusmakassar@politekniknegerimediakreatif.ac.id,Baik,2026-06-22,Masih Berlaku,Desain Grafis (Kampus Makassar),Ya,BAN-PT tabel #akreditasi,2021-06-22,desain grafis kampus makassar
Politeknik Negeri Media Kreatif,desain grafis,D3,PTN,14023/SK/BAN-PT/Ak-PPJ/Dipl-III/XII/2021,2021.0,diiidesaingrafis@politekniknegerimediakreatif.ac.id,B,2027-01-11,Masih Berlaku,Desain Grafis,Ya,BAN-PT tabel #akreditasi,2021-12-29,desain grafis
Politeknik Negeri Media Kreatif,desain mode,D4,PTN,5471/SK/BAN-PT/Ak/STr/VIII/2022,2022.0,divdesainmode@politekniknegerimediakreatif.ac.id,Baik,2027-08-16,Masih Berlaku,Desain Mode,Ya,BAN-PT tabel #akreditasi,2022-08-16,desain mode
Politeknik Negeri Pontianak,arsitektur bangunan gedung,D4,PTN,3038/SK/BAN-PT/Akred/ST/V/2021,2021.0,divarsitekturbangunangedung@politekniknegeripontianak.ac.id,Baik,2026-05-18,159 hari lagi kedaluwarsa,Arsitektur Bangunan Gedung,Ya,BAN-PT tabel #akreditasi,2021-05-18,arsitektur bangunan gedung
Politeknik Negeri Pontianak,arsitektur bangunan gedung,D4,,,2025.0,,Baik,2026-05-18,,ARSITEKTUR BANGUNAN GEDUNG,Ya,BAN-PT tabel #akreditasi,2021-05-18,arsitektur bangunan gedung
Politeknik Negeri Pontianak,arsitektur,D3,PTN,7796/SK/BAN-PT/Ak.S/D3/X/2025,2025.0,diiiarsitektur@politekniknegeripontianak.ac.id,B,,Masih Berlaku,Arsitektur,Ya,BAN-PT tabel #akreditasi,2025-10-01,arsitektur
Politeknik Negeri Pontianak,desain kawasan binaan,D4,PTN,2878/SK/BAN-PT/Akred/ST/V/2021,2021.0,divdesainkawasanbinaan@politekniknegeripontianak.ac.id,Baik,2026-05-11,152 hari lagi kedaluwarsa,Desain Kawasan Binaan,Ya,BAN-PT tabel #akreditasi,2021-05-11,desain kawasan binaan
Politeknik Negeri Pontianak,desain kawasan binaan,D4,,,2025.0,,Baik,2026-05-11,,DESAIN KAWASAN BINAAN,Ya,BAN-PT tabel #akreditasi,2021-05-11,desain kawasan binaan
Politeknik Negeri Samarinda,arsitektur bangunan gedung,D4,PTN,6028/SK/BAN-PT/Ak/STr/IX/2024,2024.0,divarsitekturbangunangedung@politekniknegerisamarinda.ac.id,Baik,2029-09-24,Masih Berlaku,Arsitektur Bangunan Gedung,Ya,BAN-PT tabel #akreditasi,2024-09-24,arsitektur bangunan gedung
Politeknik Negeri Samarinda,arsitektur,D3,PTN,5306/SK/BAN-PT/PEPA-Ppj/D3/XII/2023,2023.0,diiiarsitektur@politekniknegerisamarinda.ac.id,Baik,2028-12-07,Masih Berlaku,Arsitektur,Ya,BAN-PT tabel #akreditasi,2023-12-21,arsitektur
Politeknik Negeri Samarinda,desain produk kayu dan serat,D4,PTN,5626/SK/BAN-PT/Ak/STr/VIII/2024,2024.0,divdesainprodukkayudanserat@politekniknegerisamarinda.ac.id,Baik,2029-08-27,Masih Berlaku,Desain Produk Kayu Dan Serat,Ya,BAN-PT tabel #akreditasi,2024-08-27,desain produk kayu dan serat
Politeknik Negeri Sriwijaya,arsitektur bangunan gedung,D4,PTN,141/SK/BAN-PT/Ak.P/STr/I/2025,2025.0,divarsitekturbangunangedung@politekniknegerisriwijaya.ac.id,Terakreditasi Sementara,2030-01-21,Masih Berlaku,Arsitektur Bangunan Gedung,Ya,BAN-PT tabel #akreditasi,2025-01-21,arsitektur bangunan gedung
Politeknik Pertanian Negeri Samarinda,pengelolaan lingkungan,D3,PTN,13352/SK/BAN-PT/Akred/Dipl-III/XII/2021,2021.0,diiipengelolaanlingkungan@politeknikpertaniannegerisamarinda.ac.id,Baik,2026-12-15,Masih Berlaku,Pengelolaan Lingkungan,Ya,BAN-PT tabel #akreditasi,2021-12-15,pengelolaan lingkungan
Politeknik Sains Seni Rekakreasi,desain komunikasi visual,D3,4,9918/SK/BAN-PT/Ak/D3/XI/2022,2022.0,diiidesainkomunikasivisual@politekniksainssenirekakreasi.ac.id,Baik,2027-11-29,Masih Berlaku,Desain Komunikasi Visual,Ya,BAN-PT tabel #akreditasi,2022-11-29,desain komunikasi visual
Politeknik Seni Yogyakarta,desain komunikasi visual,D3,5,7120/SK/BAN-PT/Ak.P/D3/VIII/2025,2025.0,diiidesainkomunikasivisual@politeknikseniyogyakarta.ac.id,Baik,2027-08-05,Masih Berlaku,Desain Komunikasi Visual,Ya,BAN-PT tabel #akreditasi,2025-08-05,desain komunikasi visual
Politeknik Tempo,desain media,D4,3,7415/SK/BAN-PT/Ak/STr/IX/2025,2025.0,divdesainmedia@politekniktempo.ac.id,Baik,2030-09-02,Masih Berlaku,Desain Media,Ya,BAN-PT tabel #akreditasi,2025-09-02,desain media
Sekolah Tinggi Arsitektur YKPN Yogyakarta,arsitektur,S1,5,,2025.0,s1arsitektur@sekolahtinggiarsitekturykpnyogyakarta.ac.id,Baik,2029-03-05,,ARSITEKTUR,Ya,BAN-PT tabel #akreditasi,2024-03-05,arsitektur
Sekolah Tinggi Arsitektur Ykpn Yogyakarta,gambar arsitektur,D3,5,6199/SK/BAN-PT/PEPA-Ppj/D3/IV/2025,2025.0,diiigambararsitektur@sekolahtinggiarsitekturykpnyogyakarta.ac.id,Baik,2030-04-14,Masih Berlaku,Gambar Arsitektur,Ya,BAN-PT tabel #akreditasi,2025-04-14,gambar arsitektur
Sekolah Tinggi Desain Indonesia Bandung,desain interior,S1,4,,2025.0,s1desaininterior@sekolahtinggidesainindonesiabandung.ac.id,Baik,2029-04-02,,DESAIN INTERIOR,Ya,BAN-PT tabel #akreditasi,2024-04-02,desain interior
Sekolah Tinggi Desain Indonesia Bandung,desain komunikasi visual,S1,4,,2025.0,s1desainkomunikasivisual@sekolahtinggidesainindonesiabandung.ac.id,Baik,2029-11-19,,DESAIN KOMUNIKASI VISUAL,Ya,BAN-PT tabel #akreditasi,2024-11-19,desain komunikasi visual
Sekolah Tinggi Desain Interstudi,desain interior,S1,3,,2025.0,s1desaininterior@sekolahtinggidesaininterstudi.ac.id,Baik,2026-12-28,,DESAIN INTERIOR,Ya,BAN-PT tabel #akreditasi,2022-09-14,desain interior
Sekolah Tinggi Desain Interstudi,desain komunikasi visual,S1,3,,2025.0,s1desainkomunikasivisual@sekolahtinggidesaininterstudi.ac.id,B,2026-11-25,,DESAIN KOMUNIKASI VISUAL,Ya,BAN-PT tabel #akreditasi,2021-12-14,desain komunikasi visual
Sekolah Tinggi Desain Interstudi,desain produk,S1,3,,2024.0,s1desainproduk@sekolahtinggidesaininterstudi.ac.id,B,2026-11-25,,DESAIN PRODUK,Ya,BAN-PT tabel #akreditasi,2021-12-14,desain produk
Sekolah Tinggi Desain LaSalle,desain interior,S1,3,,2025.0,s1desaininterior@sekolahtinggidesainlasalle.ac.id,Baik,2028-06-27,,DESAIN INTERIOR,Ya,BAN-PT tabel #akreditasi,2023-06-27,desain interior
Sekolah Tinggi Desain Lasalle,fashion desain,D4,3,4095/SK/BAN-PT/PEPA-Ppj/STr/V/2024,2024.0,divfashiondesain@sekolahtinggidesainlasalle.ac.id,Baik,2029-05-15,Masih Berlaku,Fashion Desain,Ya,BAN-PT tabel #akreditasi,2024-05-14,fashion desain
Sekolah Tinggi Ilmu Teknik Trisula,arsitektur,S1,2,5912/SK/BAN-PT/Ak/S/IX/2022,2022.0,s1arsitektur@sekolahtinggiilmutekniktrisula.ac.id,Baik,2027-09-06,Masih Berlaku,Arsitektur,Ya,BAN-PT tabel #akreditasi,2022-09-06,arsitektur
Sekolah Tinggi Media Komunikasi Trisakti,desain komunikasi visual,S1,3,6618/SK/BAN-PT/Ak.KP/S/IX/2022,2022.0,s1desainkomunikasivisual@sekolahtinggimediakomunikasitrisakti.ac.id,Baik,2027-07-19,Masih Berlaku,Desain Komunikasi Visual,Ya,BAN-PT tabel #akreditasi,2022-09-28,desain komunikasi visual
Sekolah Tinggi Seni Rupa Dan Desain Visi Indonesia,desain komunikasi visual,D3,5,442/SK/BAN-PT/Ak-PPJ/Dipl-III/I/2022,2022.0,diiidesainkomunikasivisual@sekolahtinggisenirupadandesainvisiindonesia.ac.id,B,2027-08-02,Masih Berlaku,Desain Komunikasi Visual,Ya,BAN-PT tabel #akreditasi,2023-11-28,desain komunikasi visual
Sekolah Tinggi Seni Rupa Dan Desain Visi Indonesia,desain komunikasi visual,S1,5,,2025.0,s1desainkomunikasivisual@sekolahtinggisenirupadandesainvisiindonesia.ac.id,B,2027-08-02,,DESAIN KOMUNIKASI VISUAL,Ya,BAN-PT tabel #akreditasi,2023-11-28,desain komunikasi visual
Sekolah Tinggi Teknik Multimedia Internasional Malang,arsitektur,S1,7,,,s1arsitektur@sekolahtinggiteknikmultimediainternasionalmalang.ac.id,Baik,2028-11-14,,ARSITEKTUR,Ya,BAN-PT tabel #akreditasi,2024-03-26,arsitektur
Sekolah Tinggi Teknologi Cirebon,arsitektur,S1,4,2682/SK/BAN-PT/Ak/S/VII/2023,2023.0,s1arsitektur@sekolahtinggiteknologicirebon.ac.id,Baik,2028-07-11,Masih Berlaku,Arsitektur,Ya,BAN-PT tabel #akreditasi,2023-07-11,arsitektur
Sekolah Tinggi Teknologi Muhammadiyah Ar Fachruddin,desain komunikasi visual,S1,7,8009/SK/BAN-PT/Ak/S/X/2025,2025.0,s1desainkomunikasivisual@sekolahtinggiteknologimuhammadiyaharfachruddin.ac.id,Baik,2030-10-15,Masih Berlaku,Desain Komunikasi Visual,Ya,BAN-PT tabel #akreditasi,2025-10-15,desain komunikasi visual
Stiki Malang,desain komunikasi visual,S1,7,10632/SK/BAN-PT/Akred/S/IX/2021,2021.0,s1desainkomunikasivisual@stikimalang.ac.id,Baik Sekali,2026-09-07,Masih Berlaku,Desain Komunikasi Visual,Ya,BAN-PT tabel #akreditasi,2021-09-07,desain komunikasi visual
STKIP Pangeran Antasari,pendidikan vokasional desain fashion,S1,1,,2025.0,s1pendidikanvokasionaldesainfashion@stkippangeranantasari.ac.id,Baik,2026-11-03,,PENDIDIKAN VOKASIONAL DESAIN FASHION,Ya,BAN-PT tabel #akreditasi,2021-11-03,pendidikan vokasional desain fashion
Stmik Amik Bandung,desain komunikasi visual,S1,4,4629/SK/BAN-PT/Ak.P/S/VI/2024,2024.0,s1desainkomunikasivisual@stmikamikbandung.ac.id,Terakreditasi Sementara,2029-06-11,Masih Berlaku,Desain Komunikasi Visual,Ya,BAN-PT tabel #akreditasi,2024-06-11,desain komunikasi visual
Universitas 17 Agustus 1945 Samarinda,arsitektur,S1,11,1141/SK/BAN-PT/Ak/S/IV/2024,2024.0,s1arsitektur@universitas17agustus1945samarinda.ac.id,Baik,2029-04-02,Masih Berlaku,Arsitektur,Ya,BAN-PT tabel #akreditasi,2024-04-02,arsitektur
Universitas 17 Agustus 1945 Samarinda,perencanaan wilayah dan kota,S1,11,,2025.0,s1perencanaanwilayahdankota@universitas17agustus1945samarinda.ac.id,Terakreditasi Sementara,2029-01-23,,PERENCANAAN WILAYAH DAN KOTA,Ya,BAN-PT tabel #akreditasi,2024-01-23,perencanaan wilayah dan kota
Universitas 17 Agustus 1945 Semarang,arsitektur,D4,6,8712/SK/BAN-PT/Ak-PPJ/S/VI/2021,2021.0,s1arsitektur@universitas17agustus1945semarang.ac.id,B,2026-06-11,Masih Berlaku,Arsitektur,Ya,BAN-PT tabel #akreditasi,2021-06-15,arsitektur
Universitas 17 Agustus 1945 Surabaya,arsitektur,S1,7,7908/SK/BAN-PT/PEPA-Ppj/S/X/2025,2025.0,s1arsitektur@universitas17agustus1945surabaya.ac.id,Baik Sekali,2030-10-07,Masih Berlaku,Arsitektur,Ya,BAN-PT tabel #akreditasi,2025-10-07,arsitektur
Universitas Adiwangsa Jambi,arsitektur,S1,10,3221/SK/BAN-PT/Ak/S/VIII/2023,2023.0,s1arsitektur@universitasadiwangsajambi.ac.id,Baik,2028-08-15,Masih Berlaku,Arsitektur,Ya,BAN-PT tabel #akreditasi,2023-08-15,arsitektur
Universitas Adzkia,desain komunikasi visual,S1,10,,2025.0,s1desainkomunikasivisual@universitasadzkia.ac.id,Terakreditasi Sementara,2029-10-03,,DESAIN KOMUNIKASI VISUAL,Ya,BAN-PT tabel #akreditasi,2024-10-03,desain komunikasi visual
Universitas Agung Podomoro,arsitektur,S1,3,11782/SK/BAN-PT/Akred/S/X/2021,2021.0,s1arsitektur@universitasagungpodomoro.ac.id,Baik Sekali,2026-10-19,Masih Berlaku,Arsitektur,Ya,BAN-PT tabel #akreditasi,2021-10-19,arsitektur
Universitas Agung Podomoro,desain produk,S1,3,,2025.0,s1desainproduk@universitasagungpodomoro.ac.id,Baik Sekali,2029-03-13,,DESAIN PRODUK,Ya,BAN-PT tabel #akreditasi,2024-03-13,desain produk
Universitas Agung Podomoro,perencanaan wilayah dan kota,S1,3,,2025.0,s1perencanaanwilayahdankota@universitasagungpodomoro.ac.id,Baik Sekali,2029-06-04,,PERENCANAAN WILAYAH DAN KOTA,Ya,BAN-PT tabel #akreditasi,2024-06-04,perencanaan wilayah dan kota
Universitas Aisyiyah Yogyakarta,arsitektur,D3,5,1214/SK/BAN-PT/Ak.Ppj/S/IV/2024,2024.0,s1arsitektur@universitasaisyiyahyogyakarta.ac.id,B,2029-04-10,Masih Berlaku,Arsitektur,Ya,BAN-PT tabel #akreditasi,2024-04-02,arsitektur
Universitas Al Washliyah Darussalam Banda Aceh,arsitektur,S1,13,78/SK/BAN-PT/Ak.P/S/I/2025,2025.0,s1arsitektur@universitasalwashliyahdarussalambandaaceh.ac.id,Terakreditasi Sementara,2030-01-14,Masih Berlaku,Arsitektur,Ya,BAN-PT tabel #akreditasi,2025-01-14,arsitektur
Universitas Al-Azhar Indonesia,pengelolaan sumber daya alam,S2,3,,2025.0,s2pengelolaansumberdayaalam@universitasalazharindonesia.ac.id,Baik,2027-10-01,,PENGELOLAAN SUMBER DAYA ALAM,Ya,BAN-PT tabel #akreditasi,2025-10-01,pengelolaan sumber daya alam
Universitas Al-Muslim,ilmu lingkungan,S1,13,7472/SK/BAN-PT/Ak.P/S/IX/2025,2025.0,s1ilmulingkungan@universitasalmuslim.ac.id,Baik,2027-09-02,Masih Berlaku,Ilmu Lingkungan,Ya,BAN-PT tabel #akreditasi,2025-09-02,ilmu lingkungan
Universitas Al-Muslim,pengelolaan sumberdaya alam dan lingkungan,S2,13,6950/SK/BAN-PT/Ak.P/M/XII/2024,2024.0,s2pengelolaansumberdayaalamdanlingkungan@universitasalmuslim.ac.id,Baik Sekali,2030-12-16,Masih Berlaku,Pengelolaan Sumberdaya Alam Dan Lingkungan,Ya,BAN-PT tabel #akreditasi,2025-12-16,pengelolaan sumberdaya alam dan lingkungan
Universitas Almuslim,arsitektur,S1,13,,2025.0,s1arsitektur@universitasalmuslim.ac.id,Baik,2029-08-21,,ARSITEKTUR,Ya,BAN-PT tabel #akreditasi,2024-08-13,arsitektur
Universitas Almuslim,ilmu lingkungan,S1,,,2025.0,,Baik,2027-09-02,,ILMU LINGKUNGAN,Ya,BAN-PT tabel #akreditasi,2025-09-02,ilmu lingkungan
Universitas Amal Ilmiah Yapis Wamena,pengelolaan sumber daya lahan,S1,,,,,Baik,2027-10-11,,Pengelolaan Sumber Daya Lahan,Ya,BAN-PT tabel #akreditasi,2022-10-11,pengelolaan sumber daya lahan
Universitas Amal Ilmiah Yapis Wamena,perencanaan wilayah dan kota,S1,14,8437/SK/BAN-PT/Ak/S/X/2022,2022.0,s1perencanaanwilayahdankota@universitasamalilmiahyapiswamena.ac.id,Baik,2027-10-25,Masih Berlaku,Perencanaan Wilayah Dan Kota,Ya,BAN-PT tabel #akreditasi,2022-10-25,perencanaan wilayah dan kota
Universitas Amikom Yogyakarta,arsitektur,D3,5,5498/SK/BAN-PT/Ak/S/VIII/2024,2024.0,s1arsitektur@universitasamikomyogyakarta.ac.id,Baik Sekali,2029-08-19,Masih Berlaku,Arsitektur,Ya,BAN-PT tabel #akreditasi,2024-08-19,arsitektur
Universitas Amikom Yogyakarta,perencanaan wilayah dan kota,S1,5,,2025.0,s1perencanaanwilayahdankota@universitasamikomyogyakarta.ac.id,Baik,2029-06-12,,PERENCANAAN WILAYAH DAN KOTA,Ya,BAN-PT tabel #akreditasi,2024-06-12,perencanaan wilayah dan kota
Universitas Atma Jaya Yogyakarta,arsitektur,D3,5,6078/SK/BAN-PT/Ak.Ppj/S/X/2024,2024.0,s1arsitektur@universitasatmajayayogyakarta.ac.id,A,2030-12-31,Masih Berlaku,Arsitektur,Ya,BAN-PT tabel #akreditasi,2025-12-23,arsitektur
Universitas Atma Jaya Yogyakarta,pendidikan arsitek,Profesi,,,,,Terakreditasi Sementara,2029-09-03,,Pendidikan Profesi Arsitek,Ya,BAN-PT tabel #akreditasi,2024-09-03,pendidikan arsitek
Universitas Aufa Royhan,pendidikan vokasional desain fashion,S1,1,,2025.0,s1pendidikanvokasionaldesainfashion@universitasaufaroyhan.ac.id,Baik,2027-11-07,,PENDIDIKAN VOKASIONAL DESAIN FASHION,Ya,BAN-PT tabel #akreditasi,2023-08-22,pendidikan vokasional desain fashion
Universitas Balikpapan,arsitektur,S1,11,,2025.0,s1arsitektur@universitasbalikpapan.ac.id,Baik,2026-06-01,,ARSITEKTUR,Ya,BAN-PT tabel #akreditasi,2022-02-12,arsitektur
Universitas Bandar Lampung,arsitektur,S1,2,4930/SK/BAN-PT/Ak.KP/S/XI/2023,2023.0,s1arsitektur@universitasbandarlampung.ac.id,Baik Sekali,2028-03-28,Masih Berlaku,Arsitektur,Ya,BAN-PT tabel #akreditasi,2023-11-28,arsitektur
Universitas Bangka Belitung,arsitektur,S1,PTN,4938/SK/BAN-PT/Ak/S/VII/2024,2024.0,s1arsitektur@universitasbangkabelitung.ac.id,Baik,2029-07-15,Masih Berlaku,Arsitektur,Ya,BAN-PT tabel #akreditasi,2024-07-15,arsitektur
Universitas Bangka Belitung,perencanaan wilayah dan kota,S1,PTN,,2025.0,s1perencanaanwilayahdankota@universitasbangkabelitung.ac.id,Baik,,,PERENCANAAN WILAYAH DAN KOTA,Ya,BAN-PT tabel #akreditasi,2025-06-14,perencanaan wilayah dan kota
Universitas Batam,perencanaan wilayah,S2,17,,2025.0,s2perencanaanwilayah@universitasbatam.ac.id,Baik,2027-07-20,,PERENCANAAN WILAYAH,Ya,BAN-PT tabel #akreditasi,2022-07-20,perencanaan wilayah
Universitas Bengkulu,arsitektur,S1,PTN,,2025.0,s1arsitektur@universitasbengkulu.ac.id,B,2029-08-07,,ARSITEKTUR,Ya,BAN-PT tabel #akreditasi,2024-07-23,arsitektur
Universitas Bengkulu,ilmu lingkungan,S1,PTN,,2025.0,s1ilmulingkungan@universitasbengkulu.ac.id,Terakreditasi Sementara,2029-04-16,,ILMU LINGKUNGAN,Ya,BAN-PT tabel #akreditasi,2024-04-16,ilmu lingkungan
Universitas Bengkulu,pengelolaan sumber daya alam,S2,PTN,,2025.0,s2pengelolaansumberdayaalam@universitasbengkulu.ac.id,Baik Sekali,2026-04-27,,PENGELOLAAN SUMBER DAYA ALAM,Ya,BAN-PT tabel #akreditasi,2021-04-27,pengelolaan sumber daya alam
Universitas Bengkulu,pengelolaan sumber daya alam,S3,PTN,,2025.0,s3pengelolaansumberdayaalam@universitasbengkulu.ac.id,Baik Sekali,2026-04-27,,PENGELOLAAN SUMBER DAYA ALAM,Ya,BAN-PT tabel #akreditasi,2021-04-27,pengelolaan sumber daya alam
Universitas Bhinneka Nusantara,desain komunikasi visual,S1,7,,2025.0,s1desainkomunikasivisual@universitasbhinnekanusantara.ac.id,Baik Sekali,2026-09-07,,DESAIN KOMUNIKASI VISUAL,Ya,BAN-PT tabel #akreditasi,2025-08-26,desain komunikasi visual
Universitas Bhinneka PGRI,arsitektur,S1,7,,2025.0,s1arsitektur@universitasbhinnekapgri.ac.id,Baik,2026-12-01,,ARSITEKTUR,Ya,BAN-PT tabel #akreditasi,2021-12-01,arsitektur
Universitas Bina Insani,desain komunikasi visual,S1,4,,2025.0,s1desainkomunikasivisual@universitasbinainsani.ac.id,Terakreditasi Sementara,2030-09-23,,DESAIN KOMUNIKASI VISUAL,Ya,BAN-PT tabel #akreditasi,2025-09-23,desain komunikasi visual
Universitas Bina Nusantara,arsitektur,S1,3,2300/SK/BAN-PT/Ak-PPJ/S/IV/2021,2021.0,s1arsitektur@universitasbinanusantara.ac.id,Unggul,2031-04-23,133 hari lagi kedaluwarsa,Arsitektur,Ya,BAN-PT tabel #akreditasi,2026-04-09,arsitektur
Universitas Bina Nusantara,desain interior kampus kota bandung,S1,3,,2025.0,s1desaininteriorkampuskotabandung@universitasbinanusantara.ac.id,Baik,2026-04-27,,DESAIN INTERIOR (KAMPUS KOTA BANDUNG),Ya,BAN-PT tabel #akreditasi,2021-04-27,desain interior kampus kota bandung
Universitas Bina Nusantara,desain interior kampus kota malang,S1,3,,2025.0,s1desaininteriorkampuskotamalang@universitasbinanusantara.ac.id,Baik,2031-05-05,,DESAIN INTERIOR (KAMPUS KOTA MALANG),Ya,BAN-PT tabel #akreditasi,2026-04-21,desain interior kampus kota malang
Universitas Bina Nusantara,desain interior,S1,3,,2025.0,s1desaininterior@universitasbinanusantara.ac.id,B,2028-11-02,,DESAIN INTERIOR,Ya,BAN-PT tabel #akreditasi,2023-11-09,desain interior
Universitas Bina Nusantara,desain komunikasi visual kampus kota bandung,S1,3,2441/SK/BAN-PT/Akred/S/IV/2021,2021.0,s1desainkomunikasivisualkampuskotabandung@universitasbinanusantara.ac.id,Baik,2026-04-27,138 hari lagi kedaluwarsa,Desain Komunikasi Visual (Kampus Kota Bandung),Ya,BAN-PT tabel #akreditasi,2021-04-27,desain komunikasi visual kampus kota bandung
Universitas Bina Nusantara,desain komunikasi visual kampus kota malang,S1,3,3288/SK/BAN-PT/Akred/S/V/2021,2021.0,s1desainkomunikasivisualkampuskotamalang@universitasbinanusantara.ac.id,Baik,2026-05-25,166 hari lagi kedaluwarsa,Desain Komunikasi Visual (Kampus Kota Malang),Ya,BAN-PT tabel #akreditasi,2021-05-25,desain komunikasi visual kampus kota malang
Universitas Bina Nusantara,desain komunikasi visual kampus kota medan,S1,3,2423/SK/BAN-PT/Ak.P/S1/V/2025,2025.0,s1desainkomunikasivisualkampuskotamedan@universitasbinanusantara.ac.id,Terakreditasi Sementara,2030-05-14,Masih Berlaku,Desain Komunikasi Visual (Kampus Kota Medan),Ya,BAN-PT tabel #akreditasi,2025-05-14,desain komunikasi visual kampus kota medan
Universitas Bina Nusantara,desain komunikasi visual kampus kota semarang,S1,3,6274/SK/BAN-PT/Ak.P/S/IV/2025,2025.0,s1desainkomunikasivisualkampuskotasemarang@universitasbinanusantara.ac.id,Baik,2031-01-13,Masih Berlaku,Desain Komunikasi Visual (Kampus Kota Semarang),Ya,BAN-PT tabel #akreditasi,2026-01-13,desain komunikasi visual kampus kota semarang
Universitas Bina Nusantara,desain komunikasi visual,S1,3,,2025.0,s1desainkomunikasivisual@universitasbinanusantara.ac.id,Unggul,2027-03-02,,DESAIN KOMUNIKASI VISUAL,Ya,BAN-PT tabel #akreditasi,2022-03-02,desain komunikasi visual
Universitas Bina Nusantara,desain produk,S1,3,,2025.0,s1desainproduk@universitasbinanusantara.ac.id,B,2029-05-04,,DESAIN PRODUK,Ya,BAN-PT tabel #akreditasi,2024-05-07,desain produk
Universitas Bina Nusantara,desain,S2,3,,2025.0,s2desain@universitasbinanusantara.ac.id,Terakreditasi Sementara,2029-07-09,,DESAIN,Ya,BAN-PT tabel #akreditasi,2024-07-09,desain
Universitas Bina Nusantara,pendidikan arsitek,Profesi,,,,,Terakreditasi Sementara,2030-08-25,,Pendidikan Profesi Arsitek,Ya,BAN-PT tabel #akreditasi,2025-08-25,pendidikan arsitek
Universitas Bina Taruna Gorontalo,arsitektur,S1,16,7309/SK/BAN-PT/Ak.KP/S/X/2022,2022.0,s1arsitektur@universitasbinatarunagorontalo.ac.id,Baik,2026-06-18,Masih Berlaku,Arsitektur,Ya,BAN-PT tabel #akreditasi,2022-10-11,arsitektur
Universitas Bina Taruna Gorontalo,perencanaan wilayah,S1,16,,2025.0,s1perencanaanwilayah@universitasbinatarunagorontalo.ac.id,Baik,2028-03-21,,PERENCANAAN WILAYAH,Ya,BAN-PT tabel #akreditasi,2023-03-21,perencanaan wilayah
Universitas Bojonegoro,ilmu lingkungan,S1,7,,2025.0,s1ilmulingkungan@universitasbojonegoro.ac.id,Baik,2027-06-21,,ILMU LINGKUNGAN,Ya,BAN-PT tabel #akreditasi,2022-06-21,ilmu lingkungan
Universitas Borobudur,arsitektur,S1,3,,2025.0,s1arsitektur@universitasborobudur.ac.id,Baik Sekali,2031-03-10,,ARSITEKTUR,Ya,BAN-PT tabel #akreditasi,2026-03-10,arsitektur
Universitas Bosowa,arsitektur,S1,9,,2025.0,s1arsitektur@universitasbosowa.ac.id,B,2027-09-13,,ARSITEKTUR,Ya,BAN-PT tabel #akreditasi,2023-02-14,arsitektur
Universitas Bosowa,perencanaan wilayah dan kota,S1,9,,2025.0,s1perencanaanwilayahdankota@universitasbosowa.ac.id,Unggul,2027-12-13,,PERENCANAAN WILAYAH DAN KOTA,Ya,BAN-PT tabel #akreditasi,2023-02-14,perencanaan wilayah dan kota
Universitas Bosowa,perencanaan wilayah dan kota,S2,9,,2025.0,s2perencanaanwilayahdankota@universitasbosowa.ac.id,Unggul,2027-12-13,,PERENCANAAN WILAYAH DAN KOTA,Ya,BAN-PT tabel #akreditasi,2023-02-14,perencanaan wilayah dan kota
Universitas Bosowa,perencanaan wilayah dan kota,S3,9,,2025.0,s3perencanaanwilayahdankota@universitasbosowa.ac.id,Unggul,2027-12-13,,PERENCANAAN WILAYAH DAN KOTA,Ya,BAN-PT tabel #akreditasi,2023-02-14,perencanaan wilayah dan kota
Universitas Brawijaya,arsitektur lingkungan binaan,S2,PTN,,2025.0,s2arsitekturlingkunganbinaan@universitasbrawijaya.ac.id,Unggul,2028-03-28,,ARSITEKTUR LINGKUNGAN BINAAN,Ya,BAN-PT tabel #akreditasi,2023-03-14,arsitektur lingkungan binaan
Universitas Brawijaya,arsitektur,S1,PTN,,2025.0,s1arsitektur@universitasbrawijaya.ac.id,Unggul,2030-03-16,,ARSITEKTUR,Ya,BAN-PT tabel #akreditasi,2025-03-19,arsitektur
Universitas Brawijaya,desain grafis,D4,PTN,4649/SK/BAN-PT/Ak/STr/VI/2024,2024.0,divdesaingrafis@universitasbrawijaya.ac.id,Baik Sekali,2029-06-11,Masih Berlaku,Desain Grafis,Ya,BAN-PT tabel #akreditasi,2024-06-11,desain grafis
Universitas Brawijaya,ilmu lingkungan,S3,PTN,,2025.0,s3ilmulingkungan@universitasbrawijaya.ac.id,Unggul,2029-03-13,,ILMU LINGKUNGAN,Ya,BAN-PT tabel #akreditasi,2024-03-13,ilmu lingkungan
Universitas Brawijaya,pendidikan arsitek,Profesi,,,,,Baik,2030-02-11,,Pendidikan Profesi Arsitek,Ya,BAN-PT tabel #akreditasi,2025-02-11,pendidikan arsitek
Universitas Brawijaya,pengelolaan sumberdaya lingkungan dan pembangunan,S2,PTN,,2025.0,s2pengelolaansumberdayalingkungandanpembangunan@universitasbrawijaya.ac.id,Unggul,2027-12-28,,PENGELOLAAN SUMBERDAYA LINGKUNGAN DAN PEMBANGUNAN,Ya,BAN-PT tabel #akreditasi,2022-12-13,pengelolaan sumberdaya lingkungan dan pembangunan
Universitas Brawijaya,perencanaan wilayah dan kota,S1,PTN,,2025.0,s1perencanaanwilayahdankota@universitasbrawijaya.ac.id,Unggul,2030-04-02,,PERENCANAAN WILAYAH DAN KOTA,Ya,BAN-PT tabel #akreditasi,2025-03-25,perencanaan wilayah dan kota
Universitas Brawijaya,perencanaan wilayah dan kota,S2,PTN,,2025.0,s2perencanaanwilayahdankota@universitasbrawijaya.ac.id,Unggul,2030-04-02,,PERENCANAAN WILAYAH DAN KOTA,Ya,BAN-PT tabel #akreditasi,2025-03-25,perencanaan wilayah dan kota
Universitas Brawijaya,perencanaan wilayah dan kota,S3,PTN,,2025.0,s3perencanaanwilayahdankota@universitasbrawijaya.ac.id,Unggul,2030-04-02,,PERENCANAAN WILAYAH DAN KOTA,Ya,BAN-PT tabel #akreditasi,2025-03-25,perencanaan wilayah dan kota
Universitas Budi Luhur,arsitektur,S1,3,5613/SK/BAN-PT/Ak.KP/S/VIII/2024,2024.0,s1arsitektur@universitasbudiluhur.ac.id,Baik Sekali,2026-04-29,140 hari lagi kedaluwarsa,Arsitektur,Ya,BAN-PT tabel #akreditasi,2024-08-27,arsitektur
Universitas Budi Luhur,desain komunikasi visual,S1,3,,2025.0,s1desainkomunikasivisual@universitasbudiluhur.ac.id,Baik,2026-07-13,,DESAIN KOMUNIKASI VISUAL,Ya,BAN-PT tabel #akreditasi,2021-07-13,desain komunikasi visual
Universitas Bumi Hijrah Tidore,arsitektur,S1,12,3137/SK/BAN-PT/Ak/S/VIII/2023,2023.0,s1arsitektur@universitasbumihijrahtidore.ac.id,Baik,2028-08-08,Masih Berlaku,Arsitektur,Ya,BAN-PT tabel #akreditasi,2023-08-08,arsitektur
Universitas Bumigora,desain komunikasi visual,S1,8,,2025.0,s1desainkomunikasivisual@universitasbumigora.ac.id,Baik,2029-07-02,,DESAIN KOMUNIKASI VISUAL,Ya,BAN-PT tabel #akreditasi,2024-07-02,desain komunikasi visual
Universitas Bunda Mulia,desain komunikasi visual,S1,3,,2025.0,s1desainkomunikasivisual@universitasbundamulia.ac.id,Unggul,2027-05-10,,DESAIN KOMUNIKASI VISUAL,Ya,BAN-PT tabel #akreditasi,2024-04-16,desain komunikasi visual
Universitas Bung Hatta,arsitektur,S1,10,4215/SK/BAN-PT/Ak.KP/S/V/2024,2024.0,s1arsitektur@universitasbunghatta.ac.id,Baik Sekali,2028-07-25,Masih Berlaku,Arsitektur,Ya,BAN-PT tabel #akreditasi,2024-05-21,arsitektur
Universitas Bung Hatta,perencanaan wilayah dan kota,S1,10,,2025.0,s1perencanaanwilayahdankota@universitasbunghatta.ac.id,B,2028-05-31,,PERENCANAAN WILAYAH DAN KOTA,Ya,BAN-PT tabel #akreditasi,2023-05-16,perencanaan wilayah dan kota
Universitas Bung Karno,arsitektur,S1,3,1037/SK/BAN-PT/Ak.Ppj/S/III/2023,2023.0,s1arsitektur@universitasbungkarno.ac.id,B,2028-04-04,Masih Berlaku,Arsitektur,Ya,BAN-PT tabel #akreditasi,2023-03-21,arsitektur
Universitas Caritas Indonesia,ilmu lingkungan,S1,14,,2025.0,s1ilmulingkungan@universitascaritasindonesia.ac.id,Terakreditasi Sementara,2029-09-03,,ILMU LINGKUNGAN,Ya,BAN-PT tabel #akreditasi,2024-09-03,ilmu lingkungan
Universitas Catur Insan Cendekia,desain komunikasi visual,S1,4,,2025.0,s1desainkomunikasivisual@universitascaturinsancendekia.ac.id,Baik,2029-08-01,,DESAIN KOMUNIKASI VISUAL,Ya,BAN-PT tabel #akreditasi,2024-07-23,desain komunikasi visual
Universitas Cendekia Mitra Indonesia,desain komunikasi visual,D3,5,6063/SK/BAN-PT/Ak.P/S/III/2025,2025.0,s1desainkomunikasivisual@universitascendekiamitraindonesia.ac.id,Baik,2027-03-25,Masih Berlaku,Desain Komunikasi Visual,Ya,BAN-PT tabel #akreditasi,2025-03-25,desain komunikasi visual
Universitas Cenderawasih,pengelolaan sumberdaya alam dan lingkungan,S2,PTN,,2025.0,s2pengelolaansumberdayaalamdanlingkungan@universitascenderawasih.ac.id,B,2027-05-24,,PENGELOLAAN SUMBERDAYA ALAM DAN LINGKUNGAN,Ya,BAN-PT tabel #akreditasi,2022-05-17,pengelolaan sumberdaya alam dan lingkungan
Universitas Cenderawasih,perencanaan wilayah dan kota,S2,PTN,,2025.0,s2perencanaanwilayahdankota@universitascenderawasih.ac.id,Baik,2027-07-27,,PERENCANAAN WILAYAH DAN KOTA,Ya,BAN-PT tabel #akreditasi,2022-07-27,perencanaan wilayah dan kota
Universitas Ciputra Surabaya,arsitektur,S1,7,4275/SK/BAN-PT/Ak.Ppj/S/X/2023,2023.0,s1arsitektur@universitasciputrasurabaya.ac.id,Baik Sekali,2028-10-31,Masih Berlaku,Arsitektur,Ya,BAN-PT tabel #akreditasi,2023-10-17,arsitektur
Universitas Ciputra Surabaya,desain komunikasi visual kampus kota makassar,S1,7,4831/SK/BAN-PT/Ak/S/VII/2024,2024.0,s1desainkomunikasivisualkampuskotamakassar@universitasciputrasurabaya.ac.id,Baik,2029-07-02,Masih Berlaku,Desain Komunikasi Visual (Kampus Kota Makassar),Ya,BAN-PT tabel #akreditasi,2024-07-02,desain komunikasi visual kampus kota makassar
Universitas Ciputra Surabaya,desain komunikasi visual,S1,7,,2025.0,s1desainkomunikasivisual@universitasciputrasurabaya.ac.id,Unggul,2030-12-14,,DESAIN KOMUNIKASI VISUAL,Ya,BAN-PT tabel #akreditasi,2025-12-23,desain komunikasi visual
Universitas Ciputra Surabaya,desain mode,S1,7,,2025.0,s1desainmode@universitasciputrasurabaya.ac.id,Baik,2026-07-06,,DESAIN MODE,Ya,BAN-PT tabel #akreditasi,2025-11-11,desain mode
Universitas Ciputra Surabaya,desain produk,S1,7,,,s1desainproduk@universitasciputrasurabaya.ac.id,Baik,2026-07-06,,DESAIN PRODUK,Ya,BAN-PT tabel #akreditasi,2021-07-06,desain produk
Universitas Citra Bangsa,arsitektur,S1,15,4821/SK/BAN-PT/Ak/S/XI/2023,2023.0,s1arsitektur@universitascitrabangsa.ac.id,Baik,2028-11-21,Masih Berlaku,Arsitektur,Ya,BAN-PT tabel #akreditasi,2023-11-21,arsitektur
Universitas Dinamika,desain komunikasi visual,S1,7,,2025.0,s1desainkomunikasivisual@universitasdinamika.ac.id,Unggul,2030-07-29,,DESAIN KOMUNIKASI VISUAL,Ya,BAN-PT tabel #akreditasi,2025-07-29,desain komunikasi visual
Universitas Diponegoro,arsitektur,S1,PTN,,2025.0,s1arsitektur@universitasdiponegoro.ac.id,Unggul,2027-09-30,,ARSITEKTUR,Ya,BAN-PT tabel #akreditasi,2023-07-18,arsitektur
Universitas Diponegoro,arsitektur,S2,PTN,,2025.0,s2arsitektur@universitasdiponegoro.ac.id,Unggul,2027-09-30,,ARSITEKTUR,Ya,BAN-PT tabel #akreditasi,2023-07-18,arsitektur
Universitas Diponegoro,ilmu arsitektur dan perkotaan,S3,PTN,,,s3ilmuarsitekturdanperkotaan@universitasdiponegoro.ac.id,Unggul,2027-09-30,,Ilmu Arsitektur dan Perkotaan,Ya,BAN-PT tabel #akreditasi,2022-05-31,ilmu arsitektur dan perkotaan
Universitas Diponegoro,ilmu lingkungan,S2,PTN,,2025.0,s2ilmulingkungan@universitasdiponegoro.ac.id,Unggul,2030-09-05,,ILMU LINGKUNGAN,Ya,BAN-PT tabel #akreditasi,2025-09-02,ilmu lingkungan
Universitas Diponegoro,ilmu lingkungan,S3,PTN,,2025.0,s3ilmulingkungan@universitasdiponegoro.ac.id,Unggul,2030-09-05,,ILMU LINGKUNGAN,Ya,BAN-PT tabel #akreditasi,2025-09-02,ilmu lingkungan
Universitas Diponegoro,pendidikan arsitek,Profesi,,,,,Terakreditasi Sementara,2030-08-25,,Pendidikan Profesi Arsitek,Ya,BAN-PT tabel #akreditasi,2025-08-25,pendidikan arsitek
Universitas Diponegoro,perencanaan tata ruang dan pertanahan,D4,PTN,1327/SK/BAN-PT/Akred/ST/III/2022,2022.0,divperencanaantataruangdanpertanahan@universitasdiponegoro.ac.id,Baik,2027-03-01,Masih Berlaku,Perencanaan Tata Ruang Dan Pertanahan,Ya,BAN-PT tabel #akreditasi,2022-03-01,perencanaan tata ruang dan pertanahan
Universitas Diponegoro,perencanaan tata ruang dan pertanahan,D4,,,2025.0,,Baik,2027-03-01,,PERENCANAAN TATA RUANG DAN PERTANAHAN,Ya,BAN-PT tabel #akreditasi,2022-03-01,perencanaan tata ruang dan pertanahan
Universitas Diponegoro,perencanaan tata ruang wilayah dan kota k pekalongan,D3,PTN,12068/SK/BAN-PT/Akred/Dipl-III/XI/2021,2021.0,diiiperencanaantataruangwilayahdankotakpekalongan@universitasdiponegoro.ac.id,Baik,2026-11-02,Masih Berlaku,Perencanaan Tata Ruang Wilayah Dan Kota K. Pekalongan,Ya,BAN-PT tabel #akreditasi,2021-11-02,perencanaan tata ruang wilayah dan kota k pekalongan
Universitas Diponegoro,perencanaan wilayah dan kota,D3,PTN,708/SK/BAN-PT/Ak-PPJ/Dipl-III/II/2021,2021.0,diiiperencanaanwilayahdankota@universitasdiponegoro.ac.id,Unggul,2027-05-31,57 hari lagi kedaluwarsa,Perencanaan Wilayah Dan Kota,Ya,BAN-PT tabel #akreditasi,2022-05-31,perencanaan wilayah dan kota
Universitas Diponegoro,perencanaan wilayah dan kota,S1,PTN,,2025.0,s1perencanaanwilayahdankota@universitasdiponegoro.ac.id,Unggul,2027-05-31,,PERENCANAAN WILAYAH DAN KOTA,Ya,BAN-PT tabel #akreditasi,2022-05-31,perencanaan wilayah dan kota
Universitas Diponegoro,perencanaan wilayah dan kota,S2,PTN,,2025.0,s2perencanaanwilayahdankota@universitasdiponegoro.ac.id,Unggul,2027-05-31,,PERENCANAAN WILAYAH DAN KOTA,Ya,BAN-PT tabel #akreditasi,2022-05-31,perencanaan wilayah dan kota
Universitas Diponegoro,perencanaan wilayah dan kota,S3,PTN,,2025.0,s3perencanaanwilayahdankota@universitasdiponegoro.ac.id,Unggul,2027-05-31,,PERENCANAAN WILAYAH DAN KOTA,Ya,BAN-PT tabel #akreditasi,2022-05-31,perencanaan wilayah dan kota
Universitas Diponegoro,teknik infrastruktur sipil dan perancangan arsitektur,D4,PTN,0647/SK/LAM Teknik/VST/VIII/2025,2025.0,divteknikinfrastruktursipildanperancanganarsitektur@universitasdiponegoro.ac.id,Unggul,2030-08-20,Masih Berlaku,Teknik Infrastruktur Sipil Dan Perancangan Arsitektur,Ya,BAN-PT tabel #akreditasi,2025-08-14,teknik infrastruktur sipil dan perancangan arsitektur
Universitas Diponegoro,teknik infrastruktur sipil dan perancangan arsitektur,D4,,,2025.0,,Unggul,2030-08-20,,TEKNIK INFRASTRUKTUR SIPIL DAN PERANCANGAN ARSITEKTUR,Ya,BAN-PT tabel #akreditasi,2025-08-14,teknik infrastruktur sipil dan perancangan arsitektur
Universitas Dumoga Kotamobagu,ilmu lingkungan,S1,16,,2025.0,s1ilmulingkungan@universitasdumogakotamobagu.ac.id,Baik,2027-08-13,,ILMU LINGKUNGAN,Ya,BAN-PT tabel #akreditasi,2025-08-13,ilmu lingkungan
Universitas Dwijendra,arsitektur,S1,8,,2025.0,s1arsitektur@universitasdwijendra.ac.id,Baik Sekali,2028-01-04,,ARSITEKTUR,Ya,BAN-PT tabel #akreditasi,2023-10-17,arsitektur
Universitas Ekasakti,arsitektur,S1,10,,2025.0,s1arsitektur@universitasekasakti.ac.id,B,2026-12-28,,ARSITEKTUR,Ya,BAN-PT tabel #akreditasi,2021-12-28,arsitektur
Universitas Esa Unggul,desain interior,S1,3,,2025.0,s1desaininterior@universitasesaunggul.ac.id,Baik,2028-08-28,,DESAIN INTERIOR,Ya,BAN-PT tabel #akreditasi,2024-02-13,desain interior
Universitas Esa Unggul,desain komunikasi visual,S1,3,,2025.0,s1desainkomunikasivisual@universitasesaunggul.ac.id,B,2026-11-04,,DESAIN KOMUNIKASI VISUAL,Ya,BAN-PT tabel #akreditasi,2021-11-23,desain komunikasi visual
Universitas Esa Unggul,desain produk,S1,3,,2025.0,s1desainproduk@universitasesaunggul.ac.id,Unggul,2030-05-06,,DESAIN PRODUK,Ya,BAN-PT tabel #akreditasi,2025-12-02,desain produk
Universitas Fajar,arsitektur,S1,9,,2025.0,s1arsitektur@universitasfajar.ac.id,Baik,2027-04-05,,ARSITEKTUR,Ya,BAN-PT tabel #akreditasi,2022-04-05,arsitektur
Universitas Faletehan,arsitektur kampus kota bandung,S1,4,7074/SK/BAN-PT/Ak.S/S1/VII/2025,2025.0,s1arsitekturkampuskotabandung@universitasfaletehan.ac.id,Baik,,Masih Berlaku,Arsitektur (Kampus Kota Bandung),Ya,BAN-PT tabel #akreditasi,2025-07-29,arsitektur kampus kota bandung
Universitas Faletehan,arsitektur kampus kota bandung,S1,,,,,Baik,,,ARSITEKTUR,Ya,BAN-PT tabel #akreditasi,2025-07-29,arsitektur kampus kota bandung
Universitas Flores,arsitektur,S1,15,,2025.0,s1arsitektur@universitasflores.ac.id,B,2026-08-19,,ARSITEKTUR,Ya,BAN-PT tabel #akreditasi,2022-03-08,arsitektur
Universitas Fort De Kock,desain komunikasi visual,S1,10,7182/SK/BAN-PT/Ak.P/2.0/S1/IX/2025,2025.0,s1desainkomunikasivisual@universitasfortdekock.ac.id,Terakreditasi Sementara,2030-09-09,Masih Berlaku,Desain Komunikasi Visual,Ya,BAN-PT tabel #akreditasi,2025-09-09,desain komunikasi visual
Universitas Gadjah Mada,arsitektur,S1,PTN,,2025.0,s1arsitektur@universitasgadjahmada.ac.id,Unggul,2028-01-31,,ARSITEKTUR,Ya,BAN-PT tabel #akreditasi,2023-03-06,arsitektur
Universitas Gadjah Mada,arsitektur,S3,PTN,,2025.0,s3doktorarsitektur@universitasgadjahmada.ac.id,Unggul,2027-07-05,,DOKTOR ARSITEKTUR,Ya,BAN-PT tabel #akreditasi,2024-05-21,arsitektur
Universitas Gadjah Mada,ilmu lingkungan,S3,PTN,,2025.0,s3doktorilmulingkungan@universitasgadjahmada.ac.id,Unggul,2030-06-29,,DOKTOR ILMU LINGKUNGAN,Ya,BAN-PT tabel #akreditasi,2025-06-24,ilmu lingkungan
Universitas Gadjah Mada,perencanaan wilayah dan kota,S3,PTN,,2025.0,s3doktorperencanaanwilayahdankota@universitasgadjahmada.ac.id,Baik Sekali,2029-06-25,,DOKTOR PERENCANAAN WILAYAH DAN KOTA,Ya,BAN-PT tabel #akreditasi,2024-06-25,perencanaan wilayah dan kota
Universitas Gadjah Mada,geografi lingkungan,S1,,,,,Unggul,2029-05-26,,Geografi Lingkungan,Ya,BAN-PT tabel #akreditasi,2024-05-27,geografi lingkungan
Universitas Gadjah Mada,arsitektur,S2,PTN,,2025.0,s2magisterarsitektur@universitasgadjahmada.ac.id,Unggul,2027-06-20,,MAGISTER ARSITEKTUR,Ya,BAN-PT tabel #akreditasi,2024-09-10,arsitektur
Universitas Gadjah Mada,ilmu lingkungan,S2,PTN,,2025.0,s2magisterilmulingkungan@universitasgadjahmada.ac.id,Unggul,2026-09-30,,MAGISTER ILMU LINGKUNGAN,Ya,BAN-PT tabel #akreditasi,2022-05-10,ilmu lingkungan
Universitas Gadjah Mada,perencanaan wilayah dan kota,S2,PTN,,2025.0,s2magisterperencanaanwilayahdankota@universitasgadjahmada.ac.id,Unggul,2026-08-18,,MAGISTER PERENCANAAN WILAYAH DAN KOTA,Ya,BAN-PT tabel #akreditasi,2021-08-18,perencanaan wilayah dan kota
Universitas Gadjah Mada,rancang kota,S2,PTN,,2025.0,s2magisterrancangkota@universitasgadjahmada.ac.id,Baik,2029-02-13,,MAGISTER RANCANG KOTA,Ya,BAN-PT tabel #akreditasi,2024-02-13,rancang kota
Universitas Gadjah Mada,pembangunan wilayah,S1,,,,,Unggul,2029-10-01,,Pembangunan Wilayah,Ya,BAN-PT tabel #akreditasi,2024-10-17,pembangunan wilayah
Universitas Gadjah Mada,pendidikan arsitek,Profesi,,,,,Baik Sekali,2029-02-01,,Pendidikan Profesi Arsitek,Ya,BAN-PT tabel #akreditasi,2024-02-13,pendidikan arsitek
Universitas Gadjah Mada,perencanaan wilayah dan kota,S1,PTN,,2025.0,s1perencanaanwilayahdankota@universitasgadjahmada.ac.id,Unggul,2026-08-18,,PERENCANAAN WILAYAH DAN KOTA,Ya,BAN-PT tabel #akreditasi,2021-08-18,perencanaan wilayah dan kota
Universitas Gorontalo,arsitektur,S1,16,,2025.0,s1arsitektur@universitasgorontalo.ac.id,Baik,2029-07-09,,ARSITEKTUR,Ya,BAN-PT tabel #akreditasi,2024-07-09,arsitektur
Universitas Gunadarma,arsitektur kampus kabupaten penajam paser utara,S1,3,7128/SK/BAN-PT/Ak.P/S/VIII/2025,2025.0,s1arsitekturkampuskabupatenpenajampaserutara@universitasgunadarma.ac.id,Baik,2027-08-05,Masih Berlaku,Arsitektur (Kampus Kabupaten Penajam Paser Utara),Ya,BAN-PT tabel #akreditasi,2025-08-05,arsitektur kampus kabupaten penajam paser utara
Universitas Gunadarma,arsitektur,S1,3,,2025.0,s1arsitektur@universitasgunadarma.ac.id,Unggul,2026-06-18,,ARSITEKTUR,Ya,BAN-PT tabel #akreditasi,2021-12-21,arsitektur
Universitas Gunadarma,arsitektur,S2,3,,2025.0,s2arsitektur@universitasgunadarma.ac.id,Unggul,2026-06-18,,ARSITEKTUR,Ya,BAN-PT tabel #akreditasi,2021-12-21,arsitektur
Universitas Gunadarma,desain interior,S1,3,,2025.0,s1desaininterior@universitasgunadarma.ac.id,B,2029-07-31,,DESAIN INTERIOR,Ya,BAN-PT tabel #akreditasi,2024-07-23,desain interior
Universitas Halmahera,manajemen sumberdaya perairan,S1,12,,2025.0,s1manajemensumberdayaperairan@universitashalmahera.ac.id,Baik,2028-08-08,,MANAJEMEN SUMBERDAYA PERAIRAN,Ya,BAN-PT tabel #akreditasi,2023-08-08,manajemen sumberdaya perairan
Universitas Halu Oleo,arsitektur,S1,PTN,,2025.0,s1arsitektur@universitashaluoleo.ac.id,Baik Sekali,2027-08-16,,ARSITEKTUR,Ya,BAN-PT tabel #akreditasi,2025-12-10,arsitektur
Universitas Halu Oleo,ilmu lingkungan,S1,PTN,,2025.0,s1ilmulingkungan@universitashaluoleo.ac.id,Baik Sekali,,,ILMU LINGKUNGAN,Ya,BAN-PT tabel #akreditasi,2025-09-02,ilmu lingkungan
Universitas Halu Oleo,perencanaan dan pengembangan wilayah,S2,PTN,,2025.0,s2perencanaandanpengembanganwilayah@universitashaluoleo.ac.id,Baik Sekali,2031-03-03,,PERENCANAAN DAN PENGEMBANGAN WILAYAH,Ya,BAN-PT tabel #akreditasi,2026-03-03,perencanaan dan pengembangan wilayah
Universitas Hasanuddin,arsitektur,S1,PTN,,2025.0,s1arsitektur@universitashasanuddin.ac.id,B,2027-09-13,,ARSITEKTUR,Ya,BAN-PT tabel #akreditasi,2022-08-30,arsitektur
Universitas Hasanuddin,arsitektur,S2,PTN,,2025.0,s2arsitektur@universitashasanuddin.ac.id,B,2027-09-13,,ARSITEKTUR,Ya,BAN-PT tabel #akreditasi,2022-08-30,arsitektur
Universitas Hasanuddin,ilmu arsitektur,S3,PTN,,,s3ilmuarsitektur@universitashasanuddin.ac.id,A,2030-07-22,,Ilmu Arsitektur,Ya,BAN-PT tabel #akreditasi,2025-08-06,ilmu arsitektur
Universitas Hasanuddin,pendidikan arsitek,Profesi,,,,,Baik,2030-08-06,,Pendidikan Profesi Arsitek,Ya,BAN-PT tabel #akreditasi,2025-08-06,pendidikan arsitek
Universitas Hasanuddin,pengelolaan lingkungan hidup,S2,PTN,,2025.0,s2pengelolaanlingkunganhidup@universitashasanuddin.ac.id,Unggul,2029-05-29,,PENGELOLAAN LINGKUNGAN HIDUP,Ya,BAN-PT tabel #akreditasi,2024-05-14,pengelolaan lingkungan hidup
Universitas Hasanuddin,pengelolaan sumberdaya pesisir terpadu,S2,PTN,,2025.0,s2pengelolaansumberdayapesisirterpadu@universitashasanuddin.ac.id,Baik Sekali,2027-03-08,,PENGELOLAAN SUMBERDAYA PESISIR TERPADU,Ya,BAN-PT tabel #akreditasi,2022-03-08,pengelolaan sumberdaya pesisir terpadu
Universitas Hasanuddin,perencanaan dan pengembangan wilayah,S2,PTN,,2025.0,s2perencanaandanpengembanganwilayah@universitashasanuddin.ac.id,Unggul,2028-01-10,,PERENCANAAN DAN PENGEMBANGAN WILAYAH,Ya,BAN-PT tabel #akreditasi,2023-01-10,perencanaan dan pengembangan wilayah
Universitas Hasanuddin,perencanaan wilayah dan kota,S1,PTN,,2025.0,s1perencanaanwilayahdankota@universitashasanuddin.ac.id,Unggul,2027-09-30,,PERENCANAAN WILAYAH DAN KOTA,Ya,BAN-PT tabel #akreditasi,2023-06-13,perencanaan wilayah dan kota
Universitas Hasanuddin,perencanaan wilayah dan kota,S2,PTN,,2025.0,s2perencanaanwilayahdankota@universitashasanuddin.ac.id,Unggul,2027-09-30,,PERENCANAAN WILAYAH DAN KOTA,Ya,BAN-PT tabel #akreditasi,2023-06-13,perencanaan wilayah dan kota
Universitas Hayam Wuruk Perbanas,desain komunikasi visual,S1,7,1086/SK/BAN-PT/Ak/S/IV/2024,2024.0,s1desainkomunikasivisual@universitashayamwurukperbanas.ac.id,Baik,2029-04-02,Masih Berlaku,Desain Komunikasi Visual,Ya,BAN-PT tabel #akreditasi,2024-04-02,desain komunikasi visual
Universitas Hindu Indonesia,perencanaan wilayah dan kota,S1,8,,2025.0,s1perencanaanwilayahdankota@universitashinduindonesia.ac.id,B,2029-01-24,,PERENCANAAN WILAYAH DAN KOTA,Ya,BAN-PT tabel #akreditasi,2024-01-23,perencanaan wilayah dan kota
Universitas Hindu Negeri I Gusti Bagus Sugriwa Denpasar,desain komunikasi visual,S1,PTAN,7094/SK/BAN-PT/Ak.P/S/XII/2024,2024.0,s1desainkomunikasivisual@universitashindunegeriigustibagussugriwadenpasar.ac.id,Terakreditasi Sementara,2029-12-11,Masih Berlaku,Desain Komunikasi Visual,Ya,BAN-PT tabel #akreditasi,2024-12-11,desain komunikasi visual
Universitas HKBP Nommensen Pematangsiantar,manajemen pengelolaan sumberdaya perairan,S1,1,,2025.0,s1manajemenpengelolaansumberdayaperairan@universitashkbpnommensenpematangsiantar.ac.id,Baik,2027-06-07,,MANAJEMEN PENGELOLAAN SUMBERDAYA PERAIRAN,Ya,BAN-PT tabel #akreditasi,2022-06-07,manajemen pengelolaan sumberdaya perairan
Universitas Ibn Khaldun Bogor,ilmu lingkungan,S1,,,2025.0,,Baik,2030-12-16,,ILMU LINGKUNGAN,Ya,BAN-PT tabel #akreditasi,2025-12-16,ilmu lingkungan
Universitas Ibn Khaldun Bogor,pendidikan vokasional desain fashion,S1,4,,2025.0,s1pendidikanvokasionaldesainfashion@universitasibnkhaldunbogor.ac.id,Baik,2030-07-25,,PENDIDIKAN VOKASIONAL DESAIN FASHION,Ya,BAN-PT tabel #akreditasi,2025-10-02,pendidikan vokasional desain fashion
Universitas Ibn Khaldun,ilmu lingkungan,S1,4,361/SK/BAN-PT/Ak.P/S/III/2025,2025.0,s1ilmulingkungan@universitasibnkhaldun.ac.id,Baik,2030-12-16,Masih Berlaku,Ilmu Lingkungan,Ya,BAN-PT tabel #akreditasi,2025-12-16,ilmu lingkungan
Universitas Ibrahimy ,arsitektur,S1,7,,2025.0,s1arsitektur@universitasibrahimy.ac.id,Baik,2026-07-21,,ARSITEKTUR,Ya,BAN-PT tabel #akreditasi,2021-07-21,arsitektur
Universitas Ichsan Sidenreng Rappang,arsitektur,S3,9,1589/SK/BAN-PT/PB-PS/S/III/2022,2022.0,s1arsitektur@universitasichsansidenrengrappang.ac.id,Baik,2026-12-28,Masih Berlaku,Arsitektur,Ya,BAN-PT tabel #akreditasi,2022-03-14,arsitektur
Universitas Indo Global Mandiri,arsitektur,S1,2,6955/SK/BAN-PT/Ak/S1/VII/2025,2025.0,s1arsitektur@universitasindoglobalmandiri.ac.id,Baik Sekali,2030-07-08,Masih Berlaku,Arsitektur,Ya,BAN-PT tabel #akreditasi,2025-07-08,arsitektur
Universitas Indo Global Mandiri,desain komunikasi visual,S1,2,1958/SK/BAN-PT/Ak.Ppj/S/V/2023,2023.0,s1desainkomunikasivisual@universitasindoglobalmandiri.ac.id,B,2027-09-13,Masih Berlaku,Desain Komunikasi Visual,Ya,BAN-PT tabel #akreditasi,2023-05-23,desain komunikasi visual
Universitas Indo Global Mandiri,perencanaan wilayah dan kota,S1,2,,2025.0,s1perencanaanwilayahdankota@universitasindoglobalmandiri.ac.id,B,2027-10-11,,PERENCANAAN WILAYAH DAN KOTA,Ya,BAN-PT tabel #akreditasi,2022-09-27,perencanaan wilayah dan kota
Universitas Indonesia Mandiri,desain komunikasi visual,S1,2,,2025.0,s1desainkomunikasivisual@universitasindonesiamandiri.ac.id,Baik,2026-06-25,,DESAIN KOMUNIKASI VISUAL,Ya,BAN-PT tabel #akreditasi,2021-10-12,desain komunikasi visual
Universitas Indonesia,arsitektur interior,S1,PTN,,2025.0,s1arsitekturinterior@universitasindonesia.ac.id,Unggul,2028-07-11,,ARSITEKTUR INTERIOR,Ya,BAN-PT tabel #akreditasi,2023-06-27,arsitektur interior
Universitas Indonesia,arsitektur,S1,PTN,,2025.0,s1arsitektur@universitasindonesia.ac.id,Unggul,2026-09-03,,ARSITEKTUR,Ya,BAN-PT tabel #akreditasi,2021-10-19,arsitektur
Universitas Indonesia,arsitektur,S2,PTN,,2025.0,s2arsitektur@universitasindonesia.ac.id,Unggul,2026-09-03,,ARSITEKTUR,Ya,BAN-PT tabel #akreditasi,2021-10-19,arsitektur
Universitas Indonesia,arsitektur,S3,PTN,,2025.0,s3arsitektur@universitasindonesia.ac.id,Unggul,2026-09-03,,ARSITEKTUR,Ya,BAN-PT tabel #akreditasi,2021-10-19,arsitektur
Universitas Indonesia,ilmu lingkungan,S2,PTN,,2025.0,s2ilmulingkungan@universitasindonesia.ac.id,Unggul,2030-12-31,,ILMU LINGKUNGAN,Ya,BAN-PT tabel #akreditasi,2025-12-23,ilmu lingkungan
Universitas Indonesia,ilmu lingkungan,S3,PTN,,2025.0,s3ilmulingkungan@universitasindonesia.ac.id,Unggul,2030-12-31,,ILMU LINGKUNGAN,Ya,BAN-PT tabel #akreditasi,2025-12-23,ilmu lingkungan
Universitas Indonesia,kajian pengembangan perkotaan,S2,PTN,,2025.0,s2kajianpengembanganperkotaan@universitasindonesia.ac.id,Unggul,2029-11-20,,KAJIAN PENGEMBANGAN PERKOTAAN,Ya,BAN-PT tabel #akreditasi,2025-05-14,kajian pengembangan perkotaan
Universitas Indonesia,perencanaan wilayah dan kota,S2,PTN,,2025.0,s2perencanaanwilayahdankota@universitasindonesia.ac.id,Baik Sekali,2028-12-05,,PERENCANAAN WILAYAH DAN KOTA,Ya,BAN-PT tabel #akreditasi,2023-12-05,perencanaan wilayah dan kota
Universitas Indraprasta Pgri,arsitektur,S1,3,5503/SK/BAN-PT/Ak/S/VIII/2024,2024.0,s1arsitektur@universitasindraprastapgri.ac.id,Baik,2029-08-19,Masih Berlaku,Arsitektur,Ya,BAN-PT tabel #akreditasi,2024-08-19,arsitektur
Universitas Indraprasta PGRI,desain komunikasi visual,S1,3,,2025.0,s1desainkomunikasivisual@universitasindraprastapgri.ac.id,B,2029-03-01,,DESAIN KOMUNIKASI VISUAL,Ya,BAN-PT tabel #akreditasi,2024-02-28,desain komunikasi visual
Universitas Informatika Dan Bisnis Indonesia,desain komunikasi visual,S1,4,6407/SK/BAN-PT/Ak.Ppj/S/V/2025,2025.0,s1desainkomunikasivisual@universitasinformatikadanbisnisindonesia.ac.id,B,2030-05-06,Masih Berlaku,Desain Komunikasi Visual,Ya,BAN-PT tabel #akreditasi,2025-05-06,desain komunikasi visual
Universitas Internasional Batam,arsitektur,S1,17,,2025.0,s1arsitektur@universitasinternasionalbatam.ac.id,Baik,,,ARSITEKTUR,Ya,BAN-PT tabel #akreditasi,2026-03-09,arsitektur
Universitas Internasional Jakarta,desain komunikasi visual,S1,4,,2025.0,s1desainkomunikasivisual@universitasinternasionaljakarta.ac.id,Baik,2030-12-16,,DESAIN KOMUNIKASI VISUAL,Ya,BAN-PT tabel #akreditasi,2025-12-16,desain komunikasi visual
Universitas Internasional Semen Indonesia,desain komunikasi visual,S1,7,3678/SK/BAN-PT/Ak.KP/S/IV/2024,2024.0,s1desainkomunikasivisual@universitasinternasionalsemenindonesia.ac.id,Baik Sekali,2028-07-25,Masih Berlaku,Desain Komunikasi Visual,Ya,BAN-PT tabel #akreditasi,2024-04-16,desain komunikasi visual
Universitas Islam Bandung,perencanaan wilayah dan kota,S1,4,,2025.0,s1perencanaanwilayahdankota@universitasislambandung.ac.id,Unggul,2027-08-02,,PERENCANAAN WILAYAH DAN KOTA,Ya,BAN-PT tabel #akreditasi,2022-07-26,perencanaan wilayah dan kota
Universitas Islam Bandung,perencanaan wilayah dan kota,S2,4,,2025.0,s2perencanaanwilayahdankota@universitasislambandung.ac.id,Unggul,2027-08-02,,PERENCANAAN WILAYAH DAN KOTA,Ya,BAN-PT tabel #akreditasi,2022-07-26,perencanaan wilayah dan kota
Universitas Islam Indonesia,arsitektur,D3,5,6762/SK/BAN-PT/Ak.Ppj/S/VI/2025,2025.0,s1arsitektur@universitasislamindonesia.ac.id,Unggul,2030-06-17,Masih Berlaku,Arsitektur,Ya,BAN-PT tabel #akreditasi,2025-06-14,arsitektur
Universitas Islam Indonesia,arsitek,Profesi,,,,,Baik Sekali,2031-03-17,,Profesi Arsitek,Ya,BAN-PT tabel #akreditasi,2026-03-17,arsitek
Universitas Islam Kuantan Singingi,perencanaan wilayah dan kota,S1,17,,2025.0,s1perencanaanwilayahdankota@universitasislamkuantansingingi.ac.id,Baik,2026-09-30,,PERENCANAAN WILAYAH DAN KOTA,Ya,BAN-PT tabel #akreditasi,2022-01-27,perencanaan wilayah dan kota
Universitas Islam Nahdlatul Ulama Jepara,desain komunikasi visual,D4,6,8568/SK/BAN-PT/Akred/S/XII/2020,2020.0,s1desainkomunikasivisual@universitasislamnahdlatululamajepara.ac.id,B,2030-12-23,12 hari lagi kedaluwarsa,Desain Komunikasi Visual,Ya,BAN-PT tabel #akreditasi,2025-12-23,desain komunikasi visual
Universitas Islam Nahdlatul Ulama Jepara,desain produk,S1,6,,2025.0,s1desainproduk@universitasislamnahdlatululamajepara.ac.id,B,2026-09-09,,DESAIN PRODUK,Ya,BAN-PT tabel #akreditasi,2022-01-18,desain produk
Universitas Islam Negeri Alauddin Makassar,pendidikan arsitek,Profesi,,,,,Terakreditasi Pertama,2028-03-31,,Pendidikan Profesi Arsitek,Ya,BAN-PT tabel #akreditasi,2026-03-31,pendidikan arsitek
Universitas Islam Negeri Alauddin Makassar,teknik arsitektur,S1,PTAN,,2025.0,s1teknikarsitektur@universitasislamnegerialauddinmakassar.ac.id,A,2030-10-28,,TEKNIK ARSITEKTUR,Ya,BAN-PT tabel #akreditasi,2025-11-03,teknik arsitektur
Universitas Islam Negeri Alauddin Makassar,teknik perencanaan wilayah dan kota,S1,PTAN,,2025.0,s1teknikperencanaanwilayahdankota@universitasislamnegerialauddinmakassar.ac.id,Baik Sekali,2028-03-21,,TEKNIK PERENCANAAN WILAYAH DAN KOTA,Ya,BAN-PT tabel #akreditasi,2024-11-12,teknik perencanaan wilayah dan kota
Universitas Islam Negeri Antasari Banjarmasin,ilmu lingkungan,S1,PTAN,,2025.0,s1ilmulingkungan@universitasislamnegeriantasaribanjarmasin.ac.id,Terakreditasi Sementara,2030-09-09,,ILMU LINGKUNGAN,Ya,BAN-PT tabel #akreditasi,2025-09-09,ilmu lingkungan
Universitas Islam Negeri Ar-Raniry Banda Aceh,arsitektur,S1,PTAN,5599/SK/BAN-PT/Ak.KP/S/VIII/2024,2024.0,s1arsitektur@universitasislamnegeriarranirybandaaceh.ac.id,Baik Sekali,,5 hari lagi kedaluwarsa,Arsitektur,Ya,BAN-PT tabel #akreditasi,2026-01-06,arsitektur
Universitas Islam Negeri Datokarama Palu,arsitektur,S1,PTAN,6597/SK/BAN-PT/Ak.P/S/V/2025,2025.0,s1arsitektur@universitasislamnegeridatokaramapalu.ac.id,Baik,2027-05-15,Masih Berlaku,Arsitektur,Ya,BAN-PT tabel #akreditasi,2025-05-15,arsitektur
Universitas Islam Negeri Maulana Malik Ibrahim Malang,teknik arsitektur,S1,PTAN,1716/SK/BAN-PT/Ak-PPJ/S/III/2022,2022.0,s1teknikarsitektur@universitasislamnegerimaulanamalikibrahimmalang.ac.id,B,2027-03-30,Masih Berlaku,Teknik Arsitektur,Ya,BAN-PT tabel #akreditasi,2022-03-15,teknik arsitektur
Universitas Islam Negeri Maulana Malik Ibrahim,teknik arsitektur,S1,,,2025.0,,B,2027-03-30,,TEKNIK ARSITEKTUR,Ya,BAN-PT tabel #akreditasi,2022-03-15,teknik arsitektur
Universitas Islam Negeri Sulthan Thaha Saifuddin Jambi,arsitektur,S1,PTAN,7464/SK/BAN-PT/Ak.P/S/IX/2025,2025.0,s1arsitektur@universitasislamnegerisulthanthahasaifuddinjambi.ac.id,Baik,2027-09-02,Masih Berlaku,Arsitektur,Ya,BAN-PT tabel #akreditasi,2025-09-02,arsitektur
Universitas Islam Negeri Sunan Ampel ,pengelolaan sumberdaya alam dan lingkungan,S2,,,,,Terakreditasi Pertama,2028-03-31,,PENGELOLAAN SUMBERDAYA ALAM DAN LINGKUNGAN,Ya,BAN-PT tabel #akreditasi,2026-03-31,pengelolaan sumberdaya alam dan lingkungan
Universitas Islam Negeri Sunan Kalijaga,arsitektur,S1,PTAN,7746/SK/BAN-PT/Ak.S/S/X/2025,2025.0,s1arsitektur@universitasislamnegerisunankalijaga.ac.id,Baik,,Masih Berlaku,Arsitektur,Ya,BAN-PT tabel #akreditasi,2025-10-01,arsitektur
Universitas Islam Negeri Syekh Aii Hasan Ahmad Addary Padangsidimpuan,desain komunikasi visual,S1,PTAN,6111/SK/BAN-PT/Ak.P/S/X/2024,2024.0,s1desainkomunikasivisual@universitasislamnegerisyekhaiihasanahmadaddarypadangsidimpuan.ac.id,Terakreditasi Sementara,2029-10-03,Masih Berlaku,Desain Komunikasi Visual,Ya,BAN-PT tabel #akreditasi,2024-10-03,desain komunikasi visual
Universitas Islam Negeri Walisongo Semarang,ilmu seni dan arsitektur islam,S1,PTAN,,2025.0,s1ilmusenidanarsitekturislam@universitasislamnegeriwalisongosemarang.ac.id,Baik Sekali,2031-03-10,,ILMU SENI DAN ARSITEKTUR ISLAM,Ya,BAN-PT tabel #akreditasi,2026-03-10,ilmu seni dan arsitektur islam
Universitas Islam Sultan Agung,perencanaan wilayah dan kota,S1,6,,2025.0,s1perencanaanwilayahdankota@universitasislamsultanagung.ac.id,Unggul,2030-10-28,,PERENCANAAN WILAYAH DAN KOTA,Ya,BAN-PT tabel #akreditasi,2025-11-03,perencanaan wilayah dan kota
Universitas Islam Sultan Agung,perencanaan wilayah dan kota,S2,6,,2025.0,s2perencanaanwilayahdankota@universitasislamsultanagung.ac.id,Unggul,2030-10-28,,PERENCANAAN WILAYAH DAN KOTA,Ya,BAN-PT tabel #akreditasi,2025-11-03,perencanaan wilayah dan kota
Universitas Islam Zainul Hasan Genggong Probolinggo,ilmu seni dan arsitektur islam,S1,PTAS,,2025.0,s1ilmusenidanarsitekturislam@universitasislamzainulhasangenggongprobolinggo.ac.id,Baik,2026-04-29,,ILMU SENI DAN ARSITEKTUR ISLAM,Ya,BAN-PT tabel #akreditasi,2024-04-29,ilmu seni dan arsitektur islam
Universitas Ivet ,ilmu lingkungan,S1,6,,2025.0,s1ilmulingkungan@universitasivet.ac.id,Baik,2027-03-01,,ILMU LINGKUNGAN,Ya,BAN-PT tabel #akreditasi,2022-03-01,ilmu lingkungan
Universitas Jambi,ilmu lingkungan,S1,,,,,B,2027-01-11,,ILMU LINGKUNGAN,Ya,BAN-PT tabel #akreditasi,2021-12-28,ilmu lingkungan
Universitas Jambi,ilmu lingkungan,S2,PTN,,2025.0,s2ilmulingkungan@universitasjambi.ac.id,B,2027-01-11,,ILMU LINGKUNGAN,Ya,BAN-PT tabel #akreditasi,2021-12-28,ilmu lingkungan
Universitas Jayabaya,arsitektur,S1,3,7516/SK/BAN-PT/Ak.S/S/IX/2025,2025.0,s1arsitektur@universitasjayabaya.ac.id,B,,Masih Berlaku,Arsitektur,Ya,BAN-PT tabel #akreditasi,2025-09-02,arsitektur
Universitas Jember,pengelolaan sumberdaya air pertanian,S2,PTN,9676/SK/BAN-PT/Ak/M/XI/2022,2022.0,s2pengelolaansumberdayaairpertanian@universitasjember.ac.id,Baik Sekali,2027-11-22,Masih Berlaku,Pengelolaan Sumberdaya Air Pertanian,Ya,BAN-PT tabel #akreditasi,2022-11-22,pengelolaan sumberdaya air pertanian
Universitas Jember,perencanaan wilayah dan kota,S1,PTN,,2025.0,s1perencanaanwilayahdankota@universitasjember.ac.id,Baik Sekali,2029-05-15,,PERENCANAAN WILAYAH DAN KOTA,Ya,BAN-PT tabel #akreditasi,2025-05-14,perencanaan wilayah dan kota
Universitas Jenderal Soedirman,ilmu lingkungan,S2,PTN,,2025.0,s2ilmulingkungan@universitasjenderalsoedirman.ac.id,Baik Sekali,2027-06-21,,ILMU LINGKUNGAN,Ya,BAN-PT tabel #akreditasi,2022-06-21,ilmu lingkungan
Universitas Kalbis,desain komunikasi visual,S1,3,,2025.0,s1desainkomunikasivisual@universitaskalbis.ac.id,Baik Sekali,2029-02-27,,DESAIN KOMUNIKASI VISUAL,Ya,BAN-PT tabel #akreditasi,2024-04-03,desain komunikasi visual
Universitas Kaltara,arsitektur,S1,11,,2025.0,s1arsitektur@universitaskaltara.ac.id,Baik,2029-10-19,,ARSITEKTUR,Ya,BAN-PT tabel #akreditasi,2024-10-19,arsitektur
Universitas Katolik Musi Charitas,arsitektur,S1,2,4080/SK/BAN-PT/Ak-PNB/S/V/2024,2024.0,s1arsitektur@universitaskatolikmusicharitas.ac.id,Baik,2029-04-16,Masih Berlaku,Arsitektur,Ya,BAN-PT tabel #akreditasi,2024-05-09,arsitektur
Universitas Katolik Parahyangan,arsitektur,S1,4,,2025.0,s1arsitektur@universitaskatolikparahyangan.ac.id,Unggul,2029-11-13,,ARSITEKTUR,Ya,BAN-PT tabel #akreditasi,2024-10-29,arsitektur
Universitas Katolik Parahyangan,arsitektur,S2,4,,2025.0,s2arsitektur@universitaskatolikparahyangan.ac.id,Unggul,2029-11-13,,ARSITEKTUR,Ya,BAN-PT tabel #akreditasi,2024-10-29,arsitektur
Universitas Katolik Parahyangan,ilmu arsitektur,S3,4,,,s3ilmuarsitektur@universitaskatolikparahyangan.ac.id,Baik Sekali,2030-03-30,,Ilmu Arsitektur,Ya,BAN-PT tabel #akreditasi,2025-03-19,ilmu arsitektur
Universitas Katolik Parahyangan,pendidikan arsitek,Profesi,,,,,Terakreditasi Sementara,2029-06-06,,Pendidikan Profesi Arsitek,Ya,BAN-PT tabel #akreditasi,2024-06-06,pendidikan arsitek
Universitas Katolik Santo Thomas,arsitektur,S1,1,944/SK/BAN-PT/Ak.Ppj/S/III/2024,2024.0,s1arsitektur@universitaskatoliksantothomas.ac.id,B,2029-03-14,Masih Berlaku,Arsitektur,Ya,BAN-PT tabel #akreditasi,2024-03-19,arsitektur
Universitas Katolik Soegijapranata,arsitektur,D4,6,4762/SK/BAN-PT/Ak.Ppj/S/VI/2024,2024.0,s1arsitektur@universitaskatoliksoegijapranata.ac.id,Unggul,2029-07-10,Masih Berlaku,Arsitektur,Ya,BAN-PT tabel #akreditasi,2024-06-25,arsitektur
Universitas Katolik Soegijapranata,desain komunikasi visual,S1,6,,2025.0,s1desainkomunikasivisual@universitaskatoliksoegijapranata.ac.id,Baik Sekali,2026-06-18,,DESAIN KOMUNIKASI VISUAL,Ya,BAN-PT tabel #akreditasi,2025-04-29,desain komunikasi visual
Universitas Katolik Soegijapranata,ilmu lingkungan,S3,6,,2025.0,s3ilmulingkungan@universitaskatoliksoegijapranata.ac.id,Baik,2026-06-22,,ILMU LINGKUNGAN,Ya,BAN-PT tabel #akreditasi,2021-06-22,ilmu lingkungan
Universitas Katolik Soegijapranata,lingkungan dan perkotaan,S2,,,,,Baik Sekali,2029-03-13,,Lingkungan dan Perkotaan,Ya,BAN-PT tabel #akreditasi,2024-03-13,lingkungan dan perkotaan
Universitas Katolik Widya Mandira Kupang,arsitektur,S1,15,6536/SK/BAN-PT/Ak/S/XI/2024,2024.0,s1arsitektur@universitaskatolikwidyamandirakupang.ac.id,Baik,2029-11-05,Masih Berlaku,Arsitektur,Ya,BAN-PT tabel #akreditasi,2024-11-05,arsitektur
Universitas Kebangsaan Republik Indonesia,arsitektur,S1,4,3204/SK/BAN-PT/Ak/S/VIII/2023,2023.0,s1arsitektur@universitaskebangsaanrepublikindonesia.ac.id,Baik Sekali,2028-08-15,Masih Berlaku,Arsitektur,Ya,BAN-PT tabel #akreditasi,2023-08-15,arsitektur
Universitas Khairun,arsitektur,S1,PTN,1101/SK/BAN-PT/Ak/S/IV/2024,2024.0,s1arsitektur@universitaskhairun.ac.id,Baik Sekali,2029-04-02,Masih Berlaku,Arsitektur,Ya,BAN-PT tabel #akreditasi,2024-04-02,arsitektur
Universitas Klabat,arsitektur,S1,16,,2025.0,s1arsitektur@universitasklabat.ac.id,Terakreditasi Sementara,2030-09-09,,ARSITEKTUR,Ya,BAN-PT tabel #akreditasi,2025-09-09,arsitektur
Universitas Komputer Indonesia,desain grafis,D3,4,5686/SK/BAN-PT/PEPA-Ppj/D3/VIII/2024,2024.0,diiidesaingrafis@universitaskomputerindonesia.ac.id,Baik,2029-08-27,Masih Berlaku,Desain Grafis,Ya,BAN-PT tabel #akreditasi,2024-08-27,desain grafis
Universitas Komputer Indonesia,desain interior,S1,4,,2025.0,s1desaininterior@universitaskomputerindonesia.ac.id,Unggul,2031-04-09,,DESAIN INTERIOR,Ya,BAN-PT tabel #akreditasi,2026-04-09,desain interior
Universitas Komputer Indonesia,desain komunikasi visual,S1,4,,2025.0,s1desainkomunikasivisual@universitaskomputerindonesia.ac.id,B,2028-09-14,,DESAIN KOMUNIKASI VISUAL,Ya,BAN-PT tabel #akreditasi,2023-09-05,desain komunikasi visual
Universitas Komputer Indonesia,desain,S2,4,,2025.0,s2desain@universitaskomputerindonesia.ac.id,Baik Sekali,2027-01-27,,DESAIN,Ya,BAN-PT tabel #akreditasi,2025-05-14,desain
Universitas Komputer Indonesia,teknik arsitektur,S1,4,,2025.0,s1teknikarsitektur@universitaskomputerindonesia.ac.id,Baik Sekali,2030-10-28,,TEKNIK ARSITEKTUR,Ya,BAN-PT tabel #akreditasi,2025-10-28,teknik arsitektur
Universitas Komputer Indonesia,teknik perencanaan wilayah dan kota,S1,4,,2025.0,s1teknikperencanaanwilayahdankota@universitaskomputerindonesia.ac.id,Baik Sekali,2031-04-09,,TEKNIK PERENCANAAN WILAYAH DAN KOTA,Ya,BAN-PT tabel #akreditasi,2026-04-09,teknik perencanaan wilayah dan kota
Universitas Krisnadwipayana,arsitektur,S1,3,,2025.0,s1arsitektur@universitaskrisnadwipayana.ac.id,Baik Sekali,2031-03-10,,ARSITEKTUR,Ya,BAN-PT tabel #akreditasi,2026-03-10,arsitektur
Universitas Krisnadwipayana,kajian pembangunan perkotaan dan wilayah,S2,,,,,Baik Sekali,2029-11-19,,Kajian Pembangunan Perkotaan & Wilayah,Ya,BAN-PT tabel #akreditasi,2024-11-19,kajian pembangunan perkotaan dan wilayah
Universitas Krisnadwipayana,perencanaan wilayah dan kota,S1,3,,2025.0,s1perencanaanwilayahdankota@universitaskrisnadwipayana.ac.id,Baik Sekali,2031-01-13,,PERENCANAAN WILAYAH DAN KOTA,Ya,BAN-PT tabel #akreditasi,2026-01-13,perencanaan wilayah dan kota
Universitas Kristen Duta Wacana,arsitektur,D3,5,302/SK/BAN-PT/Ak/M/II/2025,2025.0,s2arsitektur@universitaskristendutawacana.ac.id,Unggul,2030-12-31,Masih Berlaku,Arsitektur,Ya,BAN-PT tabel #akreditasi,2025-12-23,arsitektur
Universitas Kristen Duta Wacana,arsitektur,S1,5,,2025.0,s1arsitektur@universitaskristendutawacana.ac.id,Unggul,2030-12-31,,ARSITEKTUR,Ya,BAN-PT tabel #akreditasi,2025-12-23,arsitektur
Universitas Kristen Duta Wacana,desain produk,S1,5,,2025.0,s1desainproduk@universitaskristendutawacana.ac.id,B,2030-11-02,,DESAIN PRODUK,Ya,BAN-PT tabel #akreditasi,2025-11-03,desain produk
Universitas Kristen Indonesia Tomohon,arsitektur,S1,16,7610/SK/BAN-PT/Ak/S/IX/2025,2025.0,s1arsitektur@universitaskristenindonesiatomohon.ac.id,Baik,2030-09-16,Masih Berlaku,Arsitektur,Ya,BAN-PT tabel #akreditasi,2025-09-16,arsitektur
Universitas Kristen Maranatha,arsitektur,S1,4,2682/SK/BAN-PT/Akred/S/V/2021,2021.0,s1arsitektur@universitaskristenmaranatha.ac.id,Baik,2026-05-04,145 hari lagi kedaluwarsa,Arsitektur,Ya,BAN-PT tabel #akreditasi,2021-05-04,arsitektur
Universitas Kristen Maranatha,desain interior,S1,4,,2025.0,s1desaininterior@universitaskristenmaranatha.ac.id,A,2029-05-29,,DESAIN INTERIOR,Ya,BAN-PT tabel #akreditasi,2024-05-21,desain interior
Universitas Kristen Maranatha,desain komunikasi visual,S1,4,,2025.0,s1desainkomunikasivisual@universitaskristenmaranatha.ac.id,Baik Sekali,2030-11-04,,DESAIN KOMUNIKASI VISUAL,Ya,BAN-PT tabel #akreditasi,2025-11-03,desain komunikasi visual
Universitas Kristen Maranatha,desain mode,S1,,,2025.0,,Terakreditasi Pertama,2028-02-24,,DESAIN MODE,Ya,BAN-PT tabel #akreditasi,2026-02-24,desain mode
Universitas Kristen Petra,desain interior,S1,7,,2025.0,s1desaininterior@universitaskristenpetra.ac.id,Unggul,2029-10-16,,DESAIN INTERIOR,Ya,BAN-PT tabel #akreditasi,2025-05-06,desain interior
Universitas Kristen Petra,desain komunikasi visual,S1,7,6246/SK/BAN-PT/Ak.KP/S/IV/2025,2025.0,s1desainkomunikasivisual@universitaskristenpetra.ac.id,Unggul,2030-04-08,Masih Berlaku,Desain Komunikasi Visual,Ya,BAN-PT tabel #akreditasi,2025-04-22,desain komunikasi visual
Universitas Kristen Petra,desain,S2,7,7142/SK/BAN-PT/Ak.P/S2/VIII/2025,2025.0,s2desain@universitaskristenpetra.ac.id,Terakreditasi Sementara,2030-08-25,Masih Berlaku,Desain,Ya,BAN-PT tabel #akreditasi,2025-08-25,desain
Universitas Kristen Satya Wacana,desain komunikasi visual,D4,6,9109/SK/BAN-PT/Ak.Ppj/S/XI/2022,2022.0,s1desainkomunikasivisual@universitaskristensatyawacana.ac.id,A,2027-11-22,Masih Berlaku,Desain Komunikasi Visual,Ya,BAN-PT tabel #akreditasi,2022-11-08,desain komunikasi visual
Universitas Kuningan,desain komunikasi visual,S1,4,,2025.0,s1desainkomunikasivisual@universitaskuningan.ac.id,Baik,2031-04-14,,DESAIN KOMUNIKASI VISUAL,Ya,BAN-PT tabel #akreditasi,2026-03-31,desain komunikasi visual
Universitas Kuningan,ilmu lingkungan,S1,4,,2025.0,s1ilmulingkungan@universitaskuningan.ac.id,Baik,2027-07-05,,ILMU LINGKUNGAN,Ya,BAN-PT tabel #akreditasi,2022-07-05,ilmu lingkungan
Universitas Lambung Mangkurat,arsitektur,S1,PTN,6700/SK/BAN-PT/Ak/S/XI/2024,2024.0,s1arsitektur@universitaslambungmangkurat.ac.id,Baik Sekali,2029-11-12,Masih Berlaku,Arsitektur,Ya,BAN-PT tabel #akreditasi,2024-11-12,arsitektur
Universitas Lambung Mangkurat,arsitektur,S2,PTN,2403/SK/BAN-PT/Ak.P/S2/IV/2025,2025.0,s2arsitektur@universitaslambungmangkurat.ac.id,Baik Sekali,2029-11-12,Masih Berlaku,Arsitektur,Ya,BAN-PT tabel #akreditasi,2024-11-12,arsitektur
Universitas Lambung Mangkurat,ilmu lingkungan,S1,PTN,,2025.0,s1ilmulingkungan@universitaslambungmangkurat.ac.id,Baik Sekali,2029-02-27,,ILMU LINGKUNGAN,Ya,BAN-PT tabel #akreditasi,2024-02-27,ilmu lingkungan
Universitas Lambung Mangkurat,ilmu lingkungan,S3,PTN,,2025.0,s3ilmulingkungan@universitaslambungmangkurat.ac.id,Baik Sekali,2029-02-27,,ILMU LINGKUNGAN,Ya,BAN-PT tabel #akreditasi,2024-02-27,ilmu lingkungan
Universitas Lambung Mangkurat,pengelolaan sumberdaya alam dan lingkungan,S2,PTN,,2025.0,s2pengelolaansumberdayaalamlingkungan@universitaslambungmangkurat.ac.id,Baik Sekali,2026-05-11,,PENGELOLAAN SUMBERDAYA ALAM & LINGKUNGAN,Ya,BAN-PT tabel #akreditasi,2021-05-11,pengelolaan sumberdaya alam dan lingkungan
Universitas Lampung,arsitektur,S1,PTN,,2025.0,s1arsitektur@universitaslampung.ac.id,Baik Sekali,2030-09-02,,ARSITEKTUR,Ya,BAN-PT tabel #akreditasi,2025-09-02,arsitektur
Universitas Lampung,ilmu lingkungan,S2,PTN,,2025.0,s2ilmulingkungan@universitaslampung.ac.id,Unggul,2030-05-06,,ILMU LINGKUNGAN,Ya,BAN-PT tabel #akreditasi,2025-05-06,ilmu lingkungan
Universitas Lampung,ilmu lingkungan,S3,PTN,,2025.0,s3ilmulingkungan@universitaslampung.ac.id,Unggul,2030-05-06,,ILMU LINGKUNGAN,Ya,BAN-PT tabel #akreditasi,2025-05-06,ilmu lingkungan
Universitas Lampung,perencanaan wilayah dan kota,S2,PTN,,2025.0,s2perencanaanwilayahdankota@universitaslampung.ac.id,Baik Sekali,2031-03-03,,PERENCANAAN WILAYAH DAN KOTA,Ya,BAN-PT tabel #akreditasi,2026-03-03,perencanaan wilayah dan kota
Universitas Lancang Kuning,arsitektur,S1,17,13847/SK/BAN-PT/Ak-PPJ/S/XII/2021,2021.0,s1arsitektur@universitaslancangkuning.ac.id,B,2026-12-28,Masih Berlaku,Arsitektur,Ya,BAN-PT tabel #akreditasi,2021-12-29,arsitektur
Universitas Lancang Kuning,desain interior,S1,17,,2025.0,s1desaininterior@universitaslancangkuning.ac.id,Baik,2029-12-11,,DESAIN INTERIOR,Ya,BAN-PT tabel #akreditasi,2024-12-11,desain interior
Universitas Lancang Kuning,ilmu lingkungan,S2,17,,2025.0,s2ilmulingkungan@universitaslancangkuning.ac.id,Baik,2029-10-22,,ILMU LINGKUNGAN,Ya,BAN-PT tabel #akreditasi,2024-10-22,ilmu lingkungan
Universitas Langlang Buana,arsitektur,S1,4,,2025.0,s1arsitektur@universitaslanglangbuana.ac.id,Baik Sekali,2031-03-31,,ARSITEKTUR,Ya,BAN-PT tabel #akreditasi,2026-03-31,arsitektur
Universitas LIA,desain komunikasi visual,S1,3,,2025.0,s1desainkomunikasivisual@universitaslia.ac.id,Terakreditasi Sementara,2029-09-03,,DESAIN KOMUNIKASI VISUAL,Ya,BAN-PT tabel #akreditasi,2024-09-03,desain komunikasi visual
Universitas Ma Chung,desain komunikasi visual -,S1,7,,2025.0,s1desainkomunikasivisual@universitasmachung.ac.id,Baik,2029-04-29,,DESAIN KOMUNIKASI VISUAL -,Ya,BAN-PT tabel #akreditasi,2024-04-29,desain komunikasi visual -
Universitas Maarif Hasyim Latif,desain komunikasi visual,S1,7,593/SK/BAN-PT/Ak/S/II/2024,2024.0,s1desainkomunikasivisual@universitasmaarifhasyimlatif.ac.id,Baik Sekali,2029-02-27,Masih Berlaku,Desain Komunikasi Visual,Ya,BAN-PT tabel #akreditasi,2024-02-27,desain komunikasi visual
Universitas Madako Tolitoli,arsitektur,S1,16,7078/SK/BAN-PT/Ak.Ppj/S1/VII/2025,2025.0,s1arsitektur@universitasmadakotolitoli.ac.id,Baik,2030-07-22,Masih Berlaku,Arsitektur,Ya,BAN-PT tabel #akreditasi,2025-07-29,arsitektur
Universitas Madani,arsitektur,S1,5,,2025.0,s1arsitektur@universitasmadani.ac.id,Terakreditasi Sementara,2030-01-14,,ARSITEKTUR,Ya,BAN-PT tabel #akreditasi,2025-01-14,arsitektur
Universitas Mahakarya Asia,arsitektur,D3,5,4370/SK/BAN-PT/Ak/S/V/2024,2024.0,s1arsitektur@universitasmahakaryaasia.ac.id,Baik,2029-05-21,Masih Berlaku,Arsitektur,Ya,BAN-PT tabel #akreditasi,2024-05-21,arsitektur
Universitas Mahasaraswati Denpasar,perencanaan wilayah dan perdesaan,S2,8,,2025.0,s2perencanaanwilayahdanperdesaan@universitasmahasaraswatidenpasar.ac.id,Unggul,2030-09-30,,PERENCANAAN WILAYAH DAN PERDESAAN,Ya,BAN-PT tabel #akreditasi,2025-11-25,perencanaan wilayah dan perdesaan
Universitas Malikussaleh,arsitektur,S1,PTN,,2025.0,s1arsitektur@universitasmalikussaleh.ac.id,Baik Sekali,2027-04-26,,ARSITEKTUR,Ya,BAN-PT tabel #akreditasi,2022-06-07,arsitektur
Universitas Maritim Raja Ali Haji (UMRAH),ilmu lingkungan,S2,PTN,,2025.0,s2ilmulingkungan@universitasmaritimrajaalihajiumrah.ac.id,Baik,2028-04-04,,ILMU LINGKUNGAN,Ya,BAN-PT tabel #akreditasi,2023-04-04,ilmu lingkungan
Universitas Maritim Raja Ali Haji (UMRAH),manajemen sumber daya perairan,S1,,,2025.0,,B,2026-07-22,,MANAJEMEN SUMBERDAYA PERAIRAN,Ya,BAN-PT tabel #akreditasi,2021-07-21,manajemen sumber daya perairan
Universitas Maritim Raja Ali Haji (Umrah),perencanaan wilayah dan kota,S1,PTN,038/SK/BAN-PT/Ak.P/2.0/S1/X/2025,2025.0,s1perencanaanwilayahdankota@universitasmaritimrajaalihajiumrah.ac.id,Terakreditasi Sementara,2030-10-28,Masih Berlaku,Perencanaan Wilayah Dan Kota,Ya,BAN-PT tabel #akreditasi,2025-10-28,perencanaan wilayah dan kota
Universitas Medan Area,arsitektur,S1,1,6695/SK/BAN-PT/Ak.Ppj/S/V/2025,2025.0,s1arsitektur@universitasmedanarea.ac.id,Baik Sekali,2030-05-06,Masih Berlaku,Arsitektur,Ya,BAN-PT tabel #akreditasi,2025-05-27,arsitektur
Universitas Mercu Buana,arsitektur,S1,3,4723/SK/BAN-PT/Ak/S/VI/2024,2024.0,s1arsitektur@universitasmercubuana.ac.id,Baik Sekali,2029-06-25,Masih Berlaku,Arsitektur,Ya,BAN-PT tabel #akreditasi,2024-06-25,arsitektur
Universitas Mercu Buana,desain interior,S1,3,,2025.0,s1desaininterior@universitasmercubuana.ac.id,Baik Sekali,2028-06-20,,DESAIN INTERIOR,Ya,BAN-PT tabel #akreditasi,2023-06-20,desain interior
Universitas Mercu Buana,desain komunikasi visual,S1,3,,2025.0,s1desainkomunikasivisual@universitasmercubuana.ac.id,B,2029-03-27,,DESAIN KOMUNIKASI VISUAL,Ya,BAN-PT tabel #akreditasi,2024-03-13,desain komunikasi visual
Universitas Mercu Buana,desain produk,S1,3,,2025.0,s1desainproduk@universitasmercubuana.ac.id,B,2028-11-02,,DESAIN PRODUK,Ya,BAN-PT tabel #akreditasi,2023-12-21,desain produk
Universitas Mercu Buana,pendidikan arsitek,Profesi,,,,,Terakreditasi Sementara,2030-05-14,,Pendidikan Profesi Arsitek,Ya,BAN-PT tabel #akreditasi,2025-05-14,pendidikan arsitek
Universitas Merdeka Malang,arsitektur,S1,7,6362/SK/BAN-PT/Ak.KP/S/V/2025,2025.0,s1arsitektur@universitasmerdekamalang.ac.id,Baik Sekali,2030-03-19,Masih Berlaku,Arsitektur,Ya,BAN-PT tabel #akreditasi,2025-05-06,arsitektur
Universitas Merdeka Surabaya,arsitektur,S1,7,,2025.0,s1arsitektur@universitasmerdekasurabaya.ac.id,Baik,2026-04-29,,ARSITEKTUR,Ya,BAN-PT tabel #akreditasi,2022-04-26,arsitektur
Universitas Muhammadiyah Aceh,arsitektur,S1,13,6190/SK/BAN-PT/PEPA-Ppj/S/IV/2025,2025.0,s1arsitektur@universitasmuhammadiyahaceh.ac.id,Baik,2031-03-03,Masih Berlaku,Arsitektur,Ya,BAN-PT tabel #akreditasi,2026-03-03,arsitektur
Universitas Muhammadiyah Banjarmasin,arsitektur,S1,11,6928/SK/BAN-PT/Ak.Ppj/S/XI/2024,2024.0,s1arsitektur@universitasmuhammadiyahbanjarmasin.ac.id,B,2029-08-14,Masih Berlaku,Arsitektur,Ya,BAN-PT tabel #akreditasi,2024-11-26,arsitektur
Universitas Muhammadiyah Banjarmasin,perencanaan wilayah dan kota,S1,11,,2025.0,s1perencanaanwilayahdankota@universitasmuhammadiyahbanjarmasin.ac.id,B,2030-07-29,,PERENCANAAN WILAYAH DAN KOTA,Ya,BAN-PT tabel #akreditasi,2025-08-05,perencanaan wilayah dan kota
Universitas Muhammadiyah Barru,perencanaan wilayah dan kota,S1,9,,2025.0,s1perencanaanwilayahdankota@universitasmuhammadiyahbarru.ac.id,Terakreditasi Sementara,2030-06-24,,PERENCANAAN WILAYAH DAN KOTA,Ya,BAN-PT tabel #akreditasi,2025-06-24,perencanaan wilayah dan kota
Universitas Muhammadiyah Bengkulu,arsitektur,S1,2,6270/SK/BAN-PT/Ak.P/S/IV/2025,2025.0,s1arsitektur@universitasmuhammadiyahbengkulu.ac.id,Baik,2027-04-29,Masih Berlaku,Arsitektur,Ya,BAN-PT tabel #akreditasi,2025-04-29,arsitektur
Universitas Muhammadiyah Berau,perencanaan wilayah dan kota,S1,11,,2025.0,s1perencanaanwilayahdankota@universitasmuhammadiyahberau.ac.id,Baik,2028-06-20,,PERENCANAAN WILAYAH DAN KOTA,Ya,BAN-PT tabel #akreditasi,2023-06-20,perencanaan wilayah dan kota
Universitas Muhammadiyah Bulukumba,perencanaan wilayah dan kota,S1,9,,2025.0,s1perencanaanwilayahdankota@universitasmuhammadiyahbulukumba.ac.id,Baik,2027-03-08,,PERENCANAAN WILAYAH DAN KOTA,Ya,BAN-PT tabel #akreditasi,2022-03-08,perencanaan wilayah dan kota
Universitas Muhammadiyah Jakarta,arsitektur,S1,3,6406/SK/BAN-PT/PEPA-Ppj/S/X/2024,2024.0,s1arsitektur@universitasmuhammadiyahjakarta.ac.id,Baik Sekali,2029-10-19,Masih Berlaku,Arsitektur,Ya,BAN-PT tabel #akreditasi,2024-10-19,arsitektur
Universitas Muhammadiyah Jambi,perencanaan wilayah dan kota,S1,10,,2025.0,s1perencanaanwilayahdankota@universitasmuhammadiyahjambi.ac.id,Terakreditasi Sementara,2030-01-14,,PERENCANAAN WILAYAH DAN KOTA,Ya,BAN-PT tabel #akreditasi,2025-01-14,perencanaan wilayah dan kota
Universitas Muhammadiyah Kendari,arsitektur,S3,9,7824/SK/BAN-PT/PEPA-Ppj/S/X/2025,2025.0,s1arsitektur@universitasmuhammadiyahkendari.ac.id,Baik,2030-10-06,Masih Berlaku,Arsitektur,Ya,BAN-PT tabel #akreditasi,2025-10-06,arsitektur
Universitas Muhammadiyah Kendari,desain komunikasi visual,S1,9,,2025.0,s1desainkomunikasivisual@universitasmuhammadiyahkendari.ac.id,Terakreditasi Pertama,2027-12-02,,DESAIN KOMUNIKASI VISUAL,Ya,BAN-PT tabel #akreditasi,2025-12-02,desain komunikasi visual
Universitas Muhammadiyah Madiun,ilmu lingkungan,S1,7,,2025.0,s1ilmulingkungan@universitasmuhammadiyahmadiun.ac.id,Baik,2028-06-06,,ILMU LINGKUNGAN,Ya,BAN-PT tabel #akreditasi,2023-06-06,ilmu lingkungan
Universitas Muhammadiyah Makassar,arsitektur,S3,9,1839/SK/BAN-PT/Ak/S/V/2023,2023.0,s1arsitektur@universitasmuhammadiyahmakassar.ac.id,Unggul,2028-05-17,Masih Berlaku,Arsitektur,Ya,BAN-PT tabel #akreditasi,2023-05-17,arsitektur
Universitas Muhammadiyah Makassar,perencanaan wilayah dan kota,S1,9,,2025.0,s1perencanaanwilayahdankota@universitasmuhammadiyahmakassar.ac.id,Baik,2028-06-06,,PERENCANAAN WILAYAH DAN KOTA,Ya,BAN-PT tabel #akreditasi,2023-06-06,perencanaan wilayah dan kota
Universitas Muhammadiyah Mataram,ilmu lingkungan,S2,8,,2025.0,s2ilmulingkungan@universitasmuhammadiyahmataram.ac.id,Baik Sekali,2029-03-05,,ILMU LINGKUNGAN,Ya,BAN-PT tabel #akreditasi,2024-03-05,ilmu lingkungan
Universitas Muhammadiyah Mataram,perencanaan wilayah dan kota,S1,8,,2025.0,s1perencanaanwilayahdankota@universitasmuhammadiyahmataram.ac.id,Baik Sekali,2030-08-27,,PERENCANAAN WILAYAH DAN KOTA,Ya,BAN-PT tabel #akreditasi,2025-08-27,perencanaan wilayah dan kota
Universitas Muhammadiyah Palembang,arsitektur,S1,2,4022/SK/BAN-PT/Ak.Ppj/S/V/2024,2024.0,s1arsitektur@universitasmuhammadiyahpalembang.ac.id,B,2029-05-15,Masih Berlaku,Arsitektur,Ya,BAN-PT tabel #akreditasi,2024-05-07,arsitektur
Universitas Muhammadiyah Palopo,perencanaan wilayah dan kota,S1,9,,2025.0,s1perencanaanwilayahdankota@universitasmuhammadiyahpalopo.ac.id,Baik,2027-04-29,,PERENCANAAN WILAYAH DAN KOTA,Ya,BAN-PT tabel #akreditasi,2025-04-29,perencanaan wilayah dan kota
Universitas Muhammadiyah Papua ,ilmu lingkungan,S1,14,,2025.0,s1ilmulingkungan@universitasmuhammadiyahpapua.ac.id,Baik,2030-05-06,,ILMU LINGKUNGAN,Ya,BAN-PT tabel #akreditasi,2025-05-06,ilmu lingkungan
Universitas Muhammadiyah Pare-pare,perencanaan wilayah dan kota,S1,9,,2025.0,s1perencanaanwilayahdankota@universitasmuhammadiyahparepare.ac.id,Baik,2027-05-15,,PERENCANAAN WILAYAH DAN KOTA,Ya,BAN-PT tabel #akreditasi,2025-05-15,perencanaan wilayah dan kota
Universitas Muhammadiyah Purwokerto,desain komunikasi visual,S1,6,,2025.0,s1desainkomunikasivisual@universitasmuhammadiyahpurwokerto.ac.id,Terakreditasi Sementara,2029-03-26,,DESAIN KOMUNIKASI VISUAL,Ya,BAN-PT tabel #akreditasi,2024-03-26,desain komunikasi visual
Universitas Muhammadiyah Semarang,arsitektur,D4,6,8340/SK/BAN-PT/Ak/S/XI/2025,2025.0,s1arsitektur@universitasmuhammadiyahsemarang.ac.id,Baik,2030-11-18,Masih Berlaku,Arsitektur,Ya,BAN-PT tabel #akreditasi,2025-11-18,arsitektur
Universitas Muhammadiyah Sinjai,perencanaan wilayah dan kota,S1,9,,2025.0,s1perencanaanwilayahdankota@universitasmuhammadiyahsinjai.ac.id,Baik,2026-11-05,,PERENCANAAN WILAYAH DAN KOTA,Ya,BAN-PT tabel #akreditasi,2024-11-05,perencanaan wilayah dan kota
Universitas Muhammadiyah Sorong,perencanaan wilayah dan kota,S1,14,,2025.0,s1perencanaanwilayahdankota@universitasmuhammadiyahsorong.ac.id,Baik,2030-06-24,,PERENCANAAN WILAYAH DAN KOTA,Ya,BAN-PT tabel #akreditasi,2025-06-24,perencanaan wilayah dan kota
Universitas Muhammadiyah Surabaya,arsitektur,S1,7,740/SK/BAN-PT/Ak/S/III/2024,2024.0,s1arsitektur@universitasmuhammadiyahsurabaya.ac.id,Baik Sekali,2029-03-13,Masih Berlaku,Arsitektur,Ya,BAN-PT tabel #akreditasi,2024-03-13,arsitektur
Universitas Muhammadiyah Surabaya,desain komunikasi visual,S1,7,,2025.0,s1desainkomunikasivisual@universitasmuhammadiyahsurabaya.ac.id,Baik,2031-02-03,,DESAIN KOMUNIKASI VISUAL,Ya,BAN-PT tabel #akreditasi,2026-02-03,desain komunikasi visual
Universitas Muhammadiyah Surakarta,pendidikan arsitek,Profesi,,,,,Terakreditasi Pertama,2028-01-26,,Pendidikan Profesi Arsitek,Ya,BAN-PT tabel #akreditasi,2026-01-26,pendidikan arsitek
Universitas Muhammadiyah Tangerang,desain komunikasi visual,S1,4,,2025.0,s1desainkomunikasivisual@universitasmuhammadiyahtangerang.ac.id,Baik,2027-08-09,,DESAIN KOMUNIKASI VISUAL,Ya,BAN-PT tabel #akreditasi,2022-08-09,desain komunikasi visual
Universitas Muhammadiyah Tegal,desain produk,D3,6,53/SK/BAN-PT/Ak.P/D3/I/2025,2025.0,diiidesainproduk@universitasmuhammadiyahtegal.ac.id,Terakreditasi Sementara,2030-01-14,Masih Berlaku,Desain Produk,Ya,BAN-PT tabel #akreditasi,2025-01-14,desain produk
Universitas Mulawarman,arsitektur,S1,PTN,,2025.0,s1arsitektur@universitasmulawarman.ac.id,Baik,2028-10-17,,ARSITEKTUR,Ya,BAN-PT tabel #akreditasi,2023-10-17,arsitektur
Universitas Mulawarman,ilmu lingkungan,S1,PTN,,2025.0,s1ilmulingkungan@universitasmulawarman.ac.id,B,2026-08-05,,ILMU LINGKUNGAN,Ya,BAN-PT tabel #akreditasi,2022-01-18,ilmu lingkungan
Universitas Mulawarman,ilmu lingkungan,S2,PTN,,2025.0,s2ilmulingkungan@universitasmulawarman.ac.id,B,2026-08-05,,ILMU LINGKUNGAN,Ya,BAN-PT tabel #akreditasi,2022-01-18,ilmu lingkungan
Universitas Mulawarman,ilmu lingkungan,S3,PTN,,2025.0,s3ilmulingkungan@universitasmulawarman.ac.id,B,2026-08-05,,ILMU LINGKUNGAN,Ya,BAN-PT tabel #akreditasi,2022-01-18,ilmu lingkungan
Universitas Mulawarman,pengelolaan sumberdaya perikanan,S1,PTN,,2025.0,s1pengelolaansumberdayaperikanan@universitasmulawarman.ac.id,A,2029-02-27,,PENGELOLAAN SUMBERDAYA PERIKANAN,Ya,BAN-PT tabel #akreditasi,2024-02-27,pengelolaan sumberdaya perikanan
Universitas Mulia,desain komunikasi visual,S1,11,,2025.0,s1desainkomunikasivisual@universitasmulia.ac.id,Terakreditasi Sementara,2030-08-25,,DESAIN KOMUNIKASI VISUAL,Ya,BAN-PT tabel #akreditasi,2025-08-25,desain komunikasi visual
Universitas Multi Data Palembang,desain komunikasi visual,S1,2,071/SK/BAN-PT/Ak.P/2.0/S1/XII/2025,2025.0,s1desainkomunikasivisual@universitasmultidatapalembang.ac.id,Terakreditasi Pertama,2027-12-02,Masih Berlaku,Desain Komunikasi Visual,Ya,BAN-PT tabel #akreditasi,2025-12-02,desain komunikasi visual
Universitas Multimedia Nusantara Jakarta,arsitektur,S1,3,7318/SK/BAN-PT/Ak/S/VIII/2025,2025.0,s1arsitektur@universitasmultimedianusantarajakarta.ac.id,B,2028-05-31,Masih Berlaku,Arsitektur,Ya,BAN-PT tabel #akreditasi,2025-12-22,arsitektur
Universitas Multimedia Nusantara Jakarta,desain,S2,3,,2025.0,s2desain@universitasmultimedianusantarajakarta.ac.id,Terakreditasi Sementara,2030-11-18,,DESAIN,Ya,BAN-PT tabel #akreditasi,2025-11-18,desain
Universitas Multimedia Nusantara Jakarta,pendidikan arsitek,Profesi,,,,,Baik,2030-10-22,,Pendidikan Profesi Arsitek,Ya,BAN-PT tabel #akreditasi,2025-10-22,pendidikan arsitek
Universitas Multimedia Nusantara,desain komunikasi visual,S1,3,13626/SK/BAN-PT/Ak-PPJ/S/XII/2021,2021.0,s1desainkomunikasivisual@universitasmultimedianusantara.ac.id,A,2026-12-28,Masih Berlaku,Desain Komunikasi Visual,Ya,BAN-PT tabel #akreditasi,2021-12-23,desain komunikasi visual
Universitas Musamus Merauke,arsitektur,S1,PTN,4700/SK/BAN-PT/Ak/S/XI/2023,2023.0,s1arsitektur@universitasmusamusmerauke.ac.id,Baik Sekali,2028-11-14,Masih Berlaku,ARSITEKTUR,Ya,BAN-PT tabel #akreditasi,2023-11-14,arsitektur
Universitas Musamus Merauke,manajemen sumberdaya perairan,S1,PTN,,2025.0,s1manajemensumberdayaperairan@universitasmusamusmerauke.ac.id,Baik Sekali,2029-02-13,,MANAJEMEN SUMBERDAYA PERAIRAN,Ya,BAN-PT tabel #akreditasi,2024-02-13,manajemen sumberdaya perairan
Universitas Musi Rawas,ilmu lingkungan,S1,2,,2025.0,s1ilmulingkungan@universitasmusirawas.ac.id,Baik,2030-03-04,,ILMU LINGKUNGAN,Ya,BAN-PT tabel #akreditasi,2025-03-04,ilmu lingkungan
Universitas Musi Rawas,ilmu lingkungan,S2,2,,2025.0,s2ilmulingkungan@universitasmusirawas.ac.id,Baik,2030-03-04,,ILMU LINGKUNGAN,Ya,BAN-PT tabel #akreditasi,2025-03-04,ilmu lingkungan
Universitas Muslim Indonesia,arsitektur,S3,9,305/SK/BAN-PT/PEPA-Ppj/S/I/2024,2024.0,s1arsitektur@universitasmuslimindonesia.ac.id,Baik,2028-09-14,Masih Berlaku,Arsitektur,Ya,BAN-PT tabel #akreditasi,2024-01-30,arsitektur
Universitas Nahdlatul Ulama Gorontalo,arsitektur,S1,16,7982/SK/BAN-PT/Ak/S/X/2022,2022.0,s1arsitektur@universitasnahdlatululamagorontalo.ac.id,Baik,2027-10-18,Masih Berlaku,Arsitektur,Ya,BAN-PT tabel #akreditasi,2022-10-18,arsitektur
Universitas Nahdlatul Ulama Kalimantan Selatan,perencanaan wilayah dan kota,S1,11,3907/SK/BAN-PT/Ak/S/IV/2024,2024.0,s1perencanaanwilayahdankota@universitasnahdlatululamakalimantanselatan.ac.id,Baik,2029-04-29,Masih Berlaku,Perencanaan Wilayah Dan Kota,Ya,BAN-PT tabel #akreditasi,2024-04-29,perencanaan wilayah dan kota
Universitas Nahdlatul Ulama Kalimantan Selatan,teknik arsitektur,S1,11,,2025.0,s1teknikarsitektur@universitasnahdlatululamakalimantanselatan.ac.id,Baik,2027-09-07,,TEKNIK ARSITEKTUR,Ya,BAN-PT tabel #akreditasi,2022-09-07,teknik arsitektur
Universitas Nahdlatul Ulama Kalimantan Timur,arsitektur,S1,11,9678/SK/BAN-PT/Ak/S/XI/2022,2022.0,s1arsitektur@universitasnahdlatululamakalimantantimur.ac.id,Baik,2027-11-22,Masih Berlaku,Arsitektur,Ya,BAN-PT tabel #akreditasi,2022-11-22,arsitektur
Universitas Nahdlatul Ulama Kalimantan Timur,desain interior,S1,11,,2025.0,s1desaininterior@universitasnahdlatululamakalimantantimur.ac.id,Baik,2026-05-19,,DESAIN INTERIOR,Ya,BAN-PT tabel #akreditasi,2021-05-19,desain interior
Universitas Nahdlatul Ulama Maluku Utara,perencanaan wilayah dan kota,S1,12,147/SK/BAN-PT/Ak.P/S/I/2025,2025.0,s1perencanaanwilayahdankota@universitasnahdlatululamamalukuutara.ac.id,Baik,2027-01-21,Masih Berlaku,Perencanaan Wilayah Dan Kota,Ya,BAN-PT tabel #akreditasi,2025-01-21,perencanaan wilayah dan kota
Universitas Nahdlatul Ulama Sidoarjo,desain komunikasi visual,S1,7,704/SK/BAN-PT/Ak/S/III/2023,2023.0,s1desainkomunikasivisual@universitasnahdlatululamasidoarjo.ac.id,Baik,2028-03-07,Masih Berlaku,Desain Komunikasi Visual,Ya,BAN-PT tabel #akreditasi,2023-03-07,desain komunikasi visual
Universitas Nahdlatul Ulama Sulawesi Tenggara,teknik arsitektur,S1,9,,2025.0,s1teknikarsitektur@universitasnahdlatululamasulawesitenggara.ac.id,Baik,2030-12-18,,TEKNIK ARSITEKTUR,Ya,BAN-PT tabel #akreditasi,2025-12-18,teknik arsitektur
Universitas Negeri Gorontalo,arsitektur bangunan gedung,D4,PTN,8339/SK/BAN-PT/Ak/STr/XI/2025,2025.0,divarsitekturbangunangedung@universitasnegerigorontalo.ac.id,Baik,2030-11-18,Masih Berlaku,Arsitektur Bangunan Gedung,Ya,BAN-PT tabel #akreditasi,2025-11-18,arsitektur bangunan gedung
Universitas Negeri Gorontalo,ilmu lingkungan,S1,PTN,,2025.0,s1ilmulingkungan@universitasnegerigorontalo.ac.id,Baik,,,ILMU LINGKUNGAN,Ya,BAN-PT tabel #akreditasi,2026-03-03,ilmu lingkungan
Universitas Negeri Gorontalo,ilmu lingkungan,S3,PTN,,2025.0,s3ilmulingkungan@universitasnegerigorontalo.ac.id,Baik,,,ILMU LINGKUNGAN,Ya,BAN-PT tabel #akreditasi,2026-03-03,ilmu lingkungan
Universitas Negeri Gorontalo,kependudukan dan lingkungan hidup,S2,,,,,B,2026-10-07,,Kependudukan dan Lingkungan Hidup,Ya,BAN-PT tabel #akreditasi,2022-11-15,kependudukan dan lingkungan hidup
Universitas Negeri Gorontalo,perencanaan wilayah dan kota,S1,PTN,,2025.0,s1perencanaanwilayahdankota@universitasnegerigorontalo.ac.id,Baik,2027-10-28,,PERENCANAAN WILAYAH DAN KOTA,Ya,BAN-PT tabel #akreditasi,2025-10-28,perencanaan wilayah dan kota
Universitas Negeri Jakarta,desain mode,D4,PTN,7166/SK/BAN-PT/Ak.Ppj/STr/VIII/2025,2025.0,divdesainmode@universitasnegerijakarta.ac.id,A,2030-07-24,Masih Berlaku,Desain Mode,Ya,BAN-PT tabel #akreditasi,2025-08-05,desain mode
Universitas Negeri Jakarta,manajemen lingkungan,S2,,,,,Unggul,2028-08-31,,Manajemen Lingkungan,Ya,BAN-PT tabel #akreditasi,2023-08-31,manajemen lingkungan
Universitas Negeri Jakarta,pendidikan lingkungan,S2,,,,,Unggul,2026-12-02,,Pendidikan Lingkungan,Ya,BAN-PT tabel #akreditasi,2022-02-09,pendidikan lingkungan
Universitas Negeri Makassar,arsitektur,S1,PTN,,2025.0,s1arsitektur@universitasnegerimakassar.ac.id,Baik,2027-11-22,,ARSITEKTUR,Ya,BAN-PT tabel #akreditasi,2022-11-22,arsitektur
Universitas Negeri Makassar,desain komunikasi visual,S1,PTN,,2025.0,s1desainkomunikasivisual@universitasnegerimakassar.ac.id,Baik Sekali,2029-12-15,,DESAIN KOMUNIKASI VISUAL,Ya,BAN-PT tabel #akreditasi,2024-12-15,desain komunikasi visual
Universitas Negeri Malang,arsitektur,S1,PTN,,2025.0,s1arsitektur@universitasnegerimalang.ac.id,Terakreditasi Sementara,2029-07-09,,ARSITEKTUR,Ya,BAN-PT tabel #akreditasi,2024-07-09,arsitektur
Universitas Negeri Malang,desain komunikasi visual,S1,PTN,,2025.0,s1desainkomunikasivisual@universitasnegerimalang.ac.id,A,2027-09-06,,DESAIN KOMUNIKASI VISUAL,Ya,BAN-PT tabel #akreditasi,2024-01-09,desain komunikasi visual
Universitas Negeri Malang,desain mode,D4,PTN,5852/SK/BAN-PT/PEPA-Ppj/STr/IX/2024,2024.0,divdesainmode@universitasnegerimalang.ac.id,Baik,2029-09-10,Masih Berlaku,Desain Mode,Ya,BAN-PT tabel #akreditasi,2024-09-10,desain mode
Universitas Negeri Manado,arsitektur,S1,PTN,6276/SK/BAN-PT/Ak.S/S/IV/2025,2025.0,s1arsitektur@universitasnegerimanado.ac.id,Baik,,Masih Berlaku,Arsitektur,Ya,BAN-PT tabel #akreditasi,2025-04-29,arsitektur
Universitas Negeri Manado,ilmu lingkungan,S1,PTN,,2025.0,s1ilmulingkungan@universitasnegerimanado.ac.id,Terakreditasi Sementara,2029-11-05,,ILMU LINGKUNGAN,Ya,BAN-PT tabel #akreditasi,2024-11-05,ilmu lingkungan
Universitas Negeri Medan,arsitektur,S1,PTN,,2025.0,s1arsitektur@universitasnegerimedan.ac.id,Baik,2030-05-27,,ARSITEKTUR,Ya,BAN-PT tabel #akreditasi,2025-05-27,arsitektur
Universitas Negeri Padang,ilmu lingkungan,S1,PTN,,2025.0,s1ilmulingkungan@universitasnegeripadang.ac.id,A,2029-07-31,,ILMU LINGKUNGAN,Ya,BAN-PT tabel #akreditasi,2024-07-23,ilmu lingkungan
Universitas Negeri Padang,ilmu lingkungan,S2,PTN,,2025.0,s2ilmulingkungan@universitasnegeripadang.ac.id,A,2029-07-31,,ILMU LINGKUNGAN,Ya,BAN-PT tabel #akreditasi,2024-07-23,ilmu lingkungan
Universitas Negeri Padang,ilmu lingkungan,S3,PTN,,2025.0,s3ilmulingkungan@universitasnegeripadang.ac.id,A,2029-07-31,,ILMU LINGKUNGAN,Ya,BAN-PT tabel #akreditasi,2024-07-23,ilmu lingkungan
Universitas Negeri Padang,kajian lingkungan dan pembangunan,S3,,,,,B,,,Kajian Lingkungan dan Pembangunan,Ya,BAN-PT tabel #akreditasi,2025-09-16,kajian lingkungan dan pembangunan
Universitas Negeri Padang,pendidikan vokasional desain fashion,S1,PTN,,2025.0,s1pendidikanvokasionaldesainfashion@universitasnegeripadang.ac.id,Baik,,,PENDIDIKAN VOKASIONAL DESAIN FASHION,Ya,BAN-PT tabel #akreditasi,2025-06-02,pendidikan vokasional desain fashion
Universitas Negeri Semarang,desain komunikasi visual,D3,PTN,5341/SK/BAN-PT/PEPA-Ppj/D3/XII/2023,2023.0,diiidesainkomunikasivisual@universitasnegerisemarang.ac.id,B,2028-12-29,Masih Berlaku,Desain Komunikasi Visual,Ya,BAN-PT tabel #akreditasi,2023-12-28,desain komunikasi visual
Universitas Negeri Semarang,ilmu lingkungan,S1,PTN,,2025.0,s1ilmulingkungan@universitasnegerisemarang.ac.id,Baik,2028-03-28,,ILMU LINGKUNGAN,Ya,BAN-PT tabel #akreditasi,2023-03-28,ilmu lingkungan
Universitas Negeri Semarang,teknik arsitektur,S1,PTN,,2025.0,s1teknikarsitektur@universitasnegerisemarang.ac.id,Baik Sekali,2029-02-27,,TEKNIK ARSITEKTUR,Ya,BAN-PT tabel #akreditasi,2024-02-27,teknik arsitektur
Universitas Negeri Surabaya,arsitektur bangunan gedung,D4,PTN,,2025.0,d4arsitekturbangunangedung@universitasnegerisurabaya.ac.id,Terakreditasi Pertama,2027-12-02,,ARSITEKTUR BANGUNAN GEDUNG,Ya,BAN-PT tabel #akreditasi,2025-12-02,arsitektur bangunan gedung
Universitas Negeri Surabaya,desain grafis,D4,PTN,1169/SK/BAN-PT/Akred/ST/II/2022,2022.0,divdesaingrafis@universitasnegerisurabaya.ac.id,Baik Sekali,2031-01-13,Masih Berlaku,Desain Grafis,Ya,BAN-PT tabel #akreditasi,2026-01-13,desain grafis
Universitas Negeri Surabaya,desain grafis,D4,,,2025.0,,Baik Sekali,2031-01-13,,DESAIN GRAFIS,Ya,BAN-PT tabel #akreditasi,2026-01-13,desain grafis
Universitas Negeri Surabaya,desain komunikasi visual,S1,PTN,,2025.0,s1desainkomunikasivisual@universitasnegerisurabaya.ac.id,Baik Sekali,2028-03-21,,DESAIN KOMUNIKASI VISUAL,Ya,BAN-PT tabel #akreditasi,2023-03-21,desain komunikasi visual
Universitas Negeri Surabaya,perencanaan wilayah dan kota,S1,PTN,,2025.0,s1perencanaanwilayahdankota@universitasnegerisurabaya.ac.id,Terakreditasi Sementara,2029-05-28,,PERENCANAAN WILAYAH DAN KOTA,Ya,BAN-PT tabel #akreditasi,2024-05-28,perencanaan wilayah dan kota
Universitas Negeri Yogyakarta,arsitektur,S1,PTN,7551/SK/BAN-PT/Ak.P/S/IX/2025,2025.0,s1arsitektur@universitasnegeriyogyakarta.ac.id,Baik,2027-09-09,Masih Berlaku,Arsitektur,Ya,BAN-PT tabel #akreditasi,2025-09-09,arsitektur
Universitas Negeri Yogyakarta,desain komunikasi visual,S1,PTN,,2025.0,s1desainkomunikasivisual@universitasnegeriyogyakarta.ac.id,Terakreditasi Sementara,2030-10-21,,DESAIN KOMUNIKASI VISUAL,Ya,BAN-PT tabel #akreditasi,2025-10-21,desain komunikasi visual
Universitas Negeri Yogyakarta,ilmu lingkungan,S2,PTN,,2025.0,s2ilmulingkungan@universitasnegeriyogyakarta.ac.id,Baik,2027-07-08,,ILMU LINGKUNGAN,Ya,BAN-PT tabel #akreditasi,2025-07-08,ilmu lingkungan
Universitas Ngudi Waluyo,pendidikan vokasional desain fashion,S1,6,,2025.0,s1pendidikanvokasionaldesainfashion@universitasngudiwaluyo.ac.id,Baik Sekali,2029-12-30,,PENDIDIKAN VOKASIONAL DESAIN FASHION,Ya,BAN-PT tabel #akreditasi,2024-12-31,pendidikan vokasional desain fashion
Universitas Ngurah Rai,arsitektur,S2,8,8109/SK/BAN-PT/Ak.S/S/X/2025,2025.0,s1arsitektur@universitasngurahrai.ac.id,Baik Sekali,2031-03-17,Masih Berlaku,Arsitektur,Ya,BAN-PT tabel #akreditasi,2026-03-17,arsitektur
Universitas Nusa Cendana,arsitektur,S1,PTN,,2025.0,s1arsitektur@universitasnusacendana.ac.id,B,2027-03-22,,ARSITEKTUR,Ya,BAN-PT tabel #akreditasi,2022-04-05,arsitektur
Universitas Nusa Cendana,manajemen sumberdaya perairan,S1,,,2025.0,,Baik Sekali,2030-12-18,,MANAJEMEN SUMBERDAYA PERAIRAN,Ya,BAN-PT tabel #akreditasi,2025-12-18,manajemen sumberdaya perairan
Universitas Nusa Nipa,arsitektur,S1,15,5741/SK/BAN-PT/Ak.Ppj/S/VIII/2022,2022.0,s1arsitektur@universitasnusanipa.ac.id,Baik,2026-10-21,Masih Berlaku,Arsitektur,Ya,BAN-PT tabel #akreditasi,2022-08-29,arsitektur
Universitas Nusa Putra,desain komunikasi visual,S1,4,,2025.0,s1desainkomunikasivisual@universitasnusaputra.ac.id,B,2027-11-08,,DESAIN KOMUNIKASI VISUAL,Ya,BAN-PT tabel #akreditasi,2023-02-14,desain komunikasi visual
Universitas Nusantara Manado,arsitektur,S1,16,,2025.0,s1arsitektur@universitasnusantaramanado.ac.id,Baik,2026-11-02,,ARSITEKTUR,Ya,BAN-PT tabel #akreditasi,2021-11-02,arsitektur
Universitas Padjadjaran,ilmu lingkungan,S2,PTN,,2025.0,s2ilmulingkungan@universitaspadjadjaran.ac.id,A,2028-05-23,,ILMU LINGKUNGAN,Ya,BAN-PT tabel #akreditasi,2023-05-10,ilmu lingkungan
Universitas Padjadjaran,ilmu lingkungan,S3,PTN,,2025.0,s3ilmulingkungan@universitaspadjadjaran.ac.id,A,2028-05-23,,ILMU LINGKUNGAN,Ya,BAN-PT tabel #akreditasi,2023-05-10,ilmu lingkungan
Universitas Pakuan,manajemen lingkungan,S2,,,,,Baik Sekali,2027-12-31,,Manajemen Lingkungan,Ya,BAN-PT tabel #akreditasi,2023-01-02,manajemen lingkungan
Universitas Palangka Raya,arsitektur,S1,PTN,,2025.0,s1arsitektur@universitaspalangkaraya.ac.id,Baik Sekali,2029-04-17,,ARSITEKTUR,Ya,BAN-PT tabel #akreditasi,2025-12-02,arsitektur
Universitas Palangka Raya,ilmu lingkungan,S3,PTN,,2025.0,s3ilmulingkungan@universitaspalangkaraya.ac.id,B,,,ILMU LINGKUNGAN,Ya,BAN-PT tabel #akreditasi,2025-08-13,ilmu lingkungan
Universitas Palangka Raya,pengelolaan sumberdaya alam dan lingkungan,S2,PTN,,2025.0,s2pengelolaansumberdayaalamlingkungan@universitaspalangkaraya.ac.id,Baik Sekali,2027-11-15,,PENGELOLAAN SUMBERDAYA ALAM & LINGKUNGAN,Ya,BAN-PT tabel #akreditasi,2023-09-26,pengelolaan sumberdaya alam dan lingkungan
Universitas Palangka Raya,perencanaan wilayah dan kota,S2,PTN,,2025.0,s2perencanaanwilayahdankota@universitaspalangkaraya.ac.id,Baik,,,PERENCANAAN WILAYAH DAN KOTA,Ya,BAN-PT tabel #akreditasi,2026-01-06,perencanaan wilayah dan kota
Universitas Pamulang,teknik elektro kampus kota serang,S1,,,,,Baik,2028-08-20,,DESAIN KOMUNIKASI VISUAL,Ya,BAN-PT tabel #akreditasi,2023-12-26,teknik elektro kampus kota serang
Universitas Panca Bhakti,pengelolaan sumberdaya alam dan lingkungan,S2,11,,2025.0,s2pengelolaansumberdayaalamdanlingkungan@universitaspancabhakti.ac.id,Terakreditasi Sementara,2029-10-03,,PENGELOLAAN SUMBERDAYA ALAM DAN LINGKUNGAN,Ya,BAN-PT tabel #akreditasi,2024-10-03,pengelolaan sumberdaya alam dan lingkungan
Universitas Pancasila,arsitektur,S1,3,,2025.0,s1arsitektur@universitaspancasila.ac.id,Unggul,2031-03-07,,ARSITEKTUR,Ya,BAN-PT tabel #akreditasi,2026-04-21,arsitektur
Universitas Pandanaran,arsitektur,S1,6,,2025.0,s1arsitektur@universitaspandanaran.ac.id,Baik,2027-01-11,,ARSITEKTUR,Ya,BAN-PT tabel #akreditasi,2022-10-05,arsitektur
Universitas Paramadina,desain komunikasi visual,S1,3,,2025.0,s1desainkomunikasivisual@universitasparamadina.ac.id,A,2027-05-31,,DESAIN KOMUNIKASI VISUAL,Ya,BAN-PT tabel #akreditasi,2022-05-17,desain komunikasi visual
Universitas Paramadina,desain produk,S1,3,,2025.0,s1desainproduk@universitasparamadina.ac.id,Baik,2028-11-14,,DESAIN PRODUK,Ya,BAN-PT tabel #akreditasi,2023-11-14,desain produk
Universitas Pasundan,desain komunikasi visual,S1,4,,2025.0,s1desainkomunikasivisual@universitaspasundan.ac.id,B,2029-08-14,,DESAIN KOMUNIKASI VISUAL,Ya,BAN-PT tabel #akreditasi,2024-07-30,desain komunikasi visual
Universitas Pasundan,perencanaan wilayah dan kota,S1,4,,2025.0,s1perencanaanwilayahdankota@universitaspasundan.ac.id,Unggul,2030-09-02,,PERENCANAAN WILAYAH DAN KOTA,Ya,BAN-PT tabel #akreditasi,2025-08-19,perencanaan wilayah dan kota
Universitas Pattimura,manajemen sumberdaya kelautan dan pulau-pulau kecil,S2,PTN,,2025.0,s2manajemensumberdayakelautandanpulaupulaukecil@universitaspattimura.ac.id,B,2029-04-10,,MANAJEMEN SUMBERDAYA KELAUTAN DAN PULAU-PULAU KECIL,Ya,BAN-PT tabel #akreditasi,2024-04-02,manajemen sumberdaya kelautan dan pulau-pulau kecil
Universitas Pattimura,perencanaan wilayah dan kota,S1,PTN,,2025.0,s1perencanaanwilayahdankota@universitaspattimura.ac.id,Baik,2031-04-29,,PERENCANAAN WILAYAH DAN KOTA,Ya,BAN-PT tabel #akreditasi,2026-04-14,perencanaan wilayah dan kota
Universitas Pelita Bangsa,arsitektur,S1,4,,2025.0,s1arsitektur@universitaspelitabangsa.ac.id,Baik,2029-08-13,,ARSITEKTUR,Ya,BAN-PT tabel #akreditasi,2024-08-13,arsitektur
Universitas Pelita Harapan,arsitektur,S1,3,6452/SK/BAN-PT/Ak/S/V/2025,2025.0,s1arsitektur@universitaspelitaharapan.ac.id,Baik Sekali,2030-05-14,Masih Berlaku,Arsitektur,Ya,BAN-PT tabel #akreditasi,2025-05-14,arsitektur
Universitas Pelita Harapan,desain interior,S1,3,,2025.0,s1desaininterior@universitaspelitaharapan.ac.id,Unggul,2030-07-01,,DESAIN INTERIOR,Ya,BAN-PT tabel #akreditasi,2025-07-01,desain interior
Universitas Pelita Harapan,desain komunikasi visual,S1,3,,2025.0,s1desainkomunikasivisual@universitaspelitaharapan.ac.id,Baik Sekali,2030-11-25,,DESAIN KOMUNIKASI VISUAL,Ya,BAN-PT tabel #akreditasi,2025-11-25,desain komunikasi visual
Universitas Pelita Harapan,desain produk,S1,3,,2025.0,s1desainproduk@universitaspelitaharapan.ac.id,Unggul,2030-10-15,,DESAIN PRODUK,Ya,BAN-PT tabel #akreditasi,2025-10-15,desain produk
Universitas Pembangunan Jaya,arsitektur,S1,4,3929/SK/BAN-PT/Ak.KP/S/X/2023,2023.0,s1arsitektur@universitaspembangunanjaya.ac.id,Baik Sekali,2027-12-13,Masih Berlaku,Arsitektur,Ya,BAN-PT tabel #akreditasi,2023-10-03,arsitektur
Universitas Pembangunan Jaya,desain komunikasi visual,S1,4,,2025.0,s1desainkomunikasivisual@universitaspembangunanjaya.ac.id,B,2028-03-14,,DESAIN KOMUNIKASI VISUAL,Ya,BAN-PT tabel #akreditasi,2023-03-08,desain komunikasi visual
Universitas Pembangunan Jaya,desain produk,S1,4,,2025.0,s1desainproduk@universitaspembangunanjaya.ac.id,B,2029-04-24,,DESAIN PRODUK,Ya,BAN-PT tabel #akreditasi,2024-04-16,desain produk
Universitas Pembangunan Jaya,pendidikan arsitek,Profesi,,,,,Terakreditasi Pertama,2028-03-31,,Pendidikan Profesi Arsitek,Ya,BAN-PT tabel #akreditasi,2026-03-31,pendidikan arsitek
Universitas Pembangunan Nasional Veteran Jawa Timur,arsitektur,S1,PTN,1955/SK/BAN-PT/Ak.Ppj/S/V/2023,2023.0,s1arsitektur@universitaspembangunannasionalveteranjawatimur.ac.id,B,2028-06-07,Masih Berlaku,Arsitektur,Ya,BAN-PT tabel #akreditasi,2023-05-23,arsitektur
Universitas Pembangunan Nasional Veteran Jawa Timur,desain interior,S1,PTN,,2025.0,s1desaininterior@universitaspembangunannasionalveteranjawatimur.ac.id,Baik,2030-06-14,,DESAIN INTERIOR,Ya,BAN-PT tabel #akreditasi,2025-06-14,desain interior
Universitas Pembangunan Nasional Veteran Jawa Timur,desain komunikasi visual,S1,PTN,670/SK/BAN-PT/Ak/S/II/2024,2024.0,s1desainkomunikasivisual@universitaspembangunannasionalveteranjawatimur.ac.id,Baik,2029-02-27,Masih Berlaku,Desain Komunikasi Visual,Ya,BAN-PT tabel #akreditasi,2024-02-27,desain komunikasi visual
Universitas Pembangunan Nasional Veteran Jawa Timur,ilmu lingkungan,S2,PTN,,2025.0,s2ilmulingkungan@universitaspembangunannasionalveteranjawatimur.ac.id,Baik,,,ILMU LINGKUNGAN,Ya,BAN-PT tabel #akreditasi,2025-10-28,ilmu lingkungan
Universitas Pembangunan Panca Budi,arsitektur,S1,1,735/SK/BAN-PT/Ak/S/III/2024,2024.0,s1arsitektur@universitaspembangunanpancabudi.ac.id,Baik Sekali,2029-03-13,Masih Berlaku,Arsitektur,Ya,BAN-PT tabel #akreditasi,2024-03-13,arsitektur
Universitas Pembangunan Panca Budi,perencanaan wilayah dan kota,S2,1,,2025.0,s2perencanaanwilayahdankota@universitaspembangunanpancabudi.ac.id,Baik Sekali,2030-08-26,,PERENCANAAN WILAYAH DAN KOTA,Ya,BAN-PT tabel #akreditasi,2025-08-26,perencanaan wilayah dan kota
Universitas Pendidikan Ganesha,desain komunikasi visual,D3,PTN,6884/SK/BAN-PT/Ak/D3/XI/2024,2024.0,diiidesainkomunikasivisual@universitaspendidikanganesha.ac.id,Baik Sekali,2029-11-26,Masih Berlaku,Desain Komunikasi Visual,Ya,BAN-PT tabel #akreditasi,2024-11-26,desain komunikasi visual
Universitas Pendidikan Ganesha,manajemen lingkungan,S2,,,,,Baik Sekali,2029-07-05,,Manajemen Lingkungan,Ya,BAN-PT tabel #akreditasi,2024-07-05,manajemen lingkungan
Universitas Pendidikan Indonesia,arsitektur,S1,PTN,250/SK/BAN-PT/PEPA-Ppj/S/I/2024,2024.0,s1arsitektur@universitaspendidikanindonesia.ac.id,Unggul,2031-02-24,Masih Berlaku,Arsitektur,Ya,BAN-PT tabel #akreditasi,2026-02-24,arsitektur
Universitas Pendidikan Indonesia,arsitektur,S2,PTN,,2025.0,s2arsitektur@universitaspendidikanindonesia.ac.id,Unggul,2031-02-24,,ARSITEKTUR,Ya,BAN-PT tabel #akreditasi,2026-02-24,arsitektur
Universitas Pendidikan Indonesia,desain komunikasi visual,S1,PTN,,2025.0,s1desainkomunikasivisual@universitaspendidikanindonesia.ac.id,Baik,2026-09-21,,DESAIN KOMUNIKASI VISUAL,Ya,BAN-PT tabel #akreditasi,2021-09-21,desain komunikasi visual
Universitas Pendidikan Indonesia,desain produk industri kampus tasikmalaya,S1,PTN,,2025.0,s1desainprodukindustrikampustasikmalaya@universitaspendidikanindonesia.ac.id,Baik,2029-01-30,,DESAIN PRODUK INDUSTRI KAMPUS TASIKMALAYA,Ya,BAN-PT tabel #akreditasi,2024-01-30,desain produk industri kampus tasikmalaya
Universitas Pendidikan Indonesia,pendidikan teknik arsitektur,S1,PTN,,2025.0,s1pendidikanteknikarsitektur@universitaspendidikanindonesia.ac.id,Unggul,2026-06-30,,PENDIDIKAN TEKNIK ARSITEKTUR,Ya,BAN-PT tabel #akreditasi,2021-06-30,pendidikan teknik arsitektur
Universitas Pendidikan Mandalika,arsitektur,D3,8,4134/SK/BAN-PT/Ak.Ppj/D3/X/2023,2023.0,diiiarsitektur@universitaspendidikanmandalika.ac.id,Baik,2027-07-12,Masih Berlaku,Arsitektur,Ya,BAN-PT tabel #akreditasi,2023-10-11,arsitektur
Universitas Persatuan Guru Republik Indonesia Semarang,arsitektur,D4,6,8396/SK/BAN-PT/Ak.Ppj/S/XI/2025,2025.0,s1arsitektur@universitaspersatuangururepublikindonesiasemarang.ac.id,Baik Sekali,2030-11-26,Masih Berlaku,Arsitektur,Ya,BAN-PT tabel #akreditasi,2025-11-25,arsitektur
Universitas Persatuan Islam,ilmu lingkungan,S1,4,,2025.0,s1ilmulingkungan@universitaspersatuanislam.ac.id,Baik,2029-02-06,,ILMU LINGKUNGAN,Ya,BAN-PT tabel #akreditasi,2024-02-06,ilmu lingkungan
Universitas Pertamina,sains keberlanjutan,S2,,,,,Terakreditasi Sementara,2030-08-25,,Sains Keberlanjutan,Ya,BAN-PT tabel #akreditasi,2025-08-25,sains keberlanjutan
Universitas Pgri Adi Buana,perencanaan wilayah dan kota,S1,7,7940/SK/BAN-PT/Ak.KP/S/X/2025,2025.0,s1perencanaanwilayahdankota@universitaspgriadibuana.ac.id,Baik Sekali,2029-10-17,Masih Berlaku,Perencanaan Wilayah Dan Kota,Ya,BAN-PT tabel #akreditasi,2025-10-15,perencanaan wilayah dan kota
Universitas PGRI Jombang,desain komunikasi visual,S1,7,,2025.0,s1desainkomunikasivisual@universitaspgrijombang.ac.id,Terakreditasi Sementara,2029-04-02,,DESAIN KOMUNIKASI VISUAL,Ya,BAN-PT tabel #akreditasi,2024-04-02,desain komunikasi visual
Universitas PGRI Kalimantan,sains lingkungan,S2,,,,,Terakreditasi Sementara,2030-09-17,,Sains Lingkungan,Ya,BAN-PT tabel #akreditasi,2025-09-17,sains lingkungan
Universitas PGRI Palembang,sains lingkungan,S1,,,,,Baik,2029-03-19,,Sains Lingkungan,Ya,BAN-PT tabel #akreditasi,2024-03-19,sains lingkungan
Universitas PGRI Silampari,desain komunikasi visual,S1,2,,2025.0,s1desainkomunikasivisual@universitaspgrisilampari.ac.id,Baik,2030-06-14,,DESAIN KOMUNIKASI VISUAL,Ya,BAN-PT tabel #akreditasi,2025-06-14,desain komunikasi visual
Universitas PGRI Sumatera Barat,lingkungan,S2,,,,,Baik,2027-03-25,,Studi Lingkungan,Ya,BAN-PT tabel #akreditasi,2025-03-25,lingkungan
Universitas PGRI Yogyakarta,arsitektur,S1,5,,2025.0,s1arsitektur@universitaspgriyogyakarta.ac.id,Baik,2028-05-23,,ARSITEKTUR,Ya,BAN-PT tabel #akreditasi,2023-05-23,arsitektur
Universitas Pohuwato,arsitektur,S1,16,,2025.0,s1arsitektur@universitaspohuwato.ac.id,Baik,2028-06-06,,ARSITEKTUR,Ya,BAN-PT tabel #akreditasi,2023-06-06,arsitektur
Universitas Pohuwato,perencanaan wilayah,S1,16,,2025.0,s1perencanaanwilayah@universitaspohuwato.ac.id,Baik,2028-10-03,,PERENCANAAN WILAYAH,Ya,BAN-PT tabel #akreditasi,2023-10-03,perencanaan wilayah
Universitas Potensi Utama,desain interior,S1,1,,2025.0,s1desaininterior@universitaspotensiutama.ac.id,B,2029-05-22,,DESAIN INTERIOR,Ya,BAN-PT tabel #akreditasi,2024-05-07,desain interior
Universitas Potensi Utama,desain komunikasi visual,S1,1,,2025.0,s1desainkomunikasivisual@universitaspotensiutama.ac.id,B,2029-05-08,,DESAIN KOMUNIKASI VISUAL,Ya,BAN-PT tabel #akreditasi,2024-04-29,desain komunikasi visual
Universitas Pradita,arsitektur,S1,3,5079/SK/BAN-PT/Ak/S/VII/2024,2024.0,s1arsitektur@universitaspradita.ac.id,Baik,2029-07-23,Masih Berlaku,Arsitektur,Ya,BAN-PT tabel #akreditasi,2024-07-23,arsitektur
Universitas Pradita,desain interior,S1,3,,2025.0,s1desaininterior@universitaspradita.ac.id,Baik,2030-10-07,,DESAIN INTERIOR,Ya,BAN-PT tabel #akreditasi,2025-10-07,desain interior
Universitas Pradita,desain komunikasi visual,S1,3,,2025.0,s1desainkomunikasivisual@universitaspradita.ac.id,Baik,2031-02-24,,DESAIN KOMUNIKASI VISUAL,Ya,BAN-PT tabel #akreditasi,2026-03-03,desain komunikasi visual
Universitas Prasetiya Mulya,desain produk,S1,3,,2025.0,s1desainproduk@universitasprasetiyamulya.ac.id,Baik,2028-06-27,,DESAIN PRODUK,Ya,BAN-PT tabel #akreditasi,2023-06-27,desain produk
Universitas Presiden,arsitektur,S1,4,,2025.0,s1arsitektur@universitaspresiden.ac.id,Baik,2030-12-16,,ARSITEKTUR,Ya,BAN-PT tabel #akreditasi,2025-12-16,arsitektur
Universitas Presiden,desain interior,S1,,,,,Baik,2031-03-31,,DESAIN INTERIOR,Ya,BAN-PT tabel #akreditasi,2026-03-31,desain interior
Universitas Presiden,desain komunikasi visual,S1,4,,2025.0,s1desainkomunikasivisual@universitaspresiden.ac.id,B,2029-02-27,,DESAIN KOMUNIKASI VISUAL,Ya,BAN-PT tabel #akreditasi,2024-02-27,desain komunikasi visual
Universitas Prima Indonesia,arsitektur,S1,1,426/SK/BAN-PT/Ak/S/III/2025,2025.0,s1arsitektur@universitasprimaindonesia.ac.id,Baik,2030-03-19,Masih Berlaku,Arsitektur,Ya,BAN-PT tabel #akreditasi,2025-03-19,arsitektur
Universitas Prima Indonesia,desain komunikasi visual,S1,1,,2025.0,s1desainkomunikasivisual@universitasprimaindonesia.ac.id,Baik,2029-10-03,,DESAIN KOMUNIKASI VISUAL,Ya,BAN-PT tabel #akreditasi,2024-10-03,desain komunikasi visual
Universitas Primakara,desain komunikasi visual,S1,8,,2025.0,s1desainkomunikasivisual@universitasprimakara.ac.id,Baik,,,DESAIN KOMUNIKASI VISUAL,Ya,BAN-PT tabel #akreditasi,2026-01-13,desain komunikasi visual
Universitas Prisma,arsitektur,S1,16,,2025.0,s1arsitektur@universitasprisma.ac.id,Baik,2027-08-02,,ARSITEKTUR,Ya,BAN-PT tabel #akreditasi,2022-08-02,arsitektur
Universitas Putra Indonesia Yptk Padang,desain komunikasi visual,S1,10,5851/SK/BAN-PT/PEPA-Ppj/S/IX/2024,2024.0,s1desainkomunikasivisual@universitasputraindonesiayptkpadang.ac.id,B,2029-09-10,Masih Berlaku,Desain Komunikasi Visual,Ya,BAN-PT tabel #akreditasi,2024-09-10,desain komunikasi visual
Universitas Quality Berastagi,arsitektur,S1,1,12565/SK/BAN-PT/Akred/S/XI/2021,2021.0,s1arsitektur@universitasqualityberastagi.ac.id,Baik,2026-11-24,Masih Berlaku,Arsitektur,Ya,BAN-PT tabel #akreditasi,2021-11-24,arsitektur
Universitas Riau Kepulauan,arsitektur,S1,17,,2025.0,s1arsitektur@universitasriaukepulauan.ac.id,Baik,2028-10-03,,ARSITEKTUR,Ya,BAN-PT tabel #akreditasi,2023-12-27,arsitektur
Universitas Riau,arsitektur,S1,PTN,,2025.0,s1arsitektur@universitasriau.ac.id,Baik Sekali,2028-10-10,,ARSITEKTUR,Ya,BAN-PT tabel #akreditasi,2023-10-10,arsitektur
Universitas Riau,ilmu lingkungan,S2,PTN,,2025.0,s2ilmulingkungan@universitasriau.ac.id,B,2026-05-21,,ILMU LINGKUNGAN,Ya,BAN-PT tabel #akreditasi,2021-05-25,ilmu lingkungan
Universitas Riau,ilmu lingkungan,S3,PTN,,2025.0,s3ilmulingkungan@universitasriau.ac.id,B,2026-05-21,,ILMU LINGKUNGAN,Ya,BAN-PT tabel #akreditasi,2021-05-25,ilmu lingkungan
Universitas Riau,perencanaan wilayah dan perdesaan,S2,PTN,,2025.0,s2perencanaanwilayahdanperdesaan@universitasriau.ac.id,Baik,2026-07-05,,PERENCANAAN WILAYAH DAN PERDESAAN,Ya,BAN-PT tabel #akreditasi,2022-07-03,perencanaan wilayah dan perdesaan
Universitas Sahid Surakarta,desain interior,S1,6,,2025.0,s1desaininterior@universitassahidsurakarta.ac.id,B,2030-07-22,,DESAIN INTERIOR,Ya,BAN-PT tabel #akreditasi,2025-08-05,desain interior
Universitas Sahid Surakarta,desain komunikasi visual,D4,6,2993/SK/BAN-PT/Ak-PPJ/S/V/2021,2021.0,s1desainkomunikasivisual@universitassahidsurakarta.ac.id,B,2026-05-13,154 hari lagi kedaluwarsa,Desain Komunikasi Visual,Ya,BAN-PT tabel #akreditasi,2021-05-18,desain komunikasi visual
Universitas Sahid,manajemen lingkungan,S2,,,,,Baik,2029-03-04,,Manajemen Lingkungan,Ya,BAN-PT tabel #akreditasi,2024-03-04,manajemen lingkungan
Universitas Sains Alqur An,arsitektur,D4,6,3840/SK/BAN-PT/Ak.Ppj/S/IV/2024,2024.0,s1arsitektur@universitassainsalquran.ac.id,A,2029-04-24,Masih Berlaku,Arsitektur,Ya,BAN-PT tabel #akreditasi,2024-04-16,arsitektur
Universitas Sains Dan Teknologi Jayapura,arsitektur,S1,14,2600/SK/BAN-PT/Ak.KP/S/VII/2023,2023.0,s1arsitektur@universitassainsdanteknologijayapura.ac.id,Baik Sekali,2027-06-21,Masih Berlaku,Arsitektur,Ya,BAN-PT tabel #akreditasi,2023-07-04,arsitektur
Universitas Sains Dan Teknologi Komputer,desain komunikasi visual,D4,6,3878/SK/BAN-PT/PEPA-Ppj/S/IV/2024,2024.0,s1desainkomunikasivisual@universitassainsdanteknologikomputer.ac.id,Baik,2028-09-14,Masih Berlaku,Desain Komunikasi Visual,Ya,BAN-PT tabel #akreditasi,2024-04-24,desain komunikasi visual
Universitas Sali Al-Aitaam,perencanaan wilayah dan kota,S1,4,,2025.0,s1perencanaanwilayahdankota@universitassalialaitaam.ac.id,Baik,2026-12-07,,PERENCANAAN WILAYAH DAN KOTA,Ya,BAN-PT tabel #akreditasi,2022-05-09,perencanaan wilayah dan kota
Universitas Sam Ratulangi,arsitektur,S1,PTN,8232/SK/BAN-PT/Ak.Ppj/M/XI/2025,2025.0,s2arsitektur@universitassamratulangi.ac.id,Unggul,2026-10-19,Masih Berlaku,Arsitektur,Ya,BAN-PT tabel #akreditasi,2021-10-19,arsitektur
Universitas Sam Ratulangi,arsitektur,S1,PTN,,2025.0,s1arsitektur@universitassamratulangi.ac.id,Unggul,2026-10-19,,ARSITEKTUR,Ya,BAN-PT tabel #akreditasi,2021-10-19,arsitektur
Universitas Sam Ratulangi,ilmu perencanaan pembangunan wilayah,S2,PTN,,2025.0,s2ilmuperencanaanpembangunanwilayah@universitassamratulangi.ac.id,Baik Sekali,2031-04-14,,ILMU PERENCANAAN PEMBANGUNAN WILAYAH,Ya,BAN-PT tabel #akreditasi,2026-04-14,ilmu perencanaan pembangunan wilayah
Universitas Sam Ratulangi,pengelolaan sumberdaya pembangunan,S2,PTN,,2025.0,s2pengelolaansumberdayapembangunan@universitassamratulangi.ac.id,B,,,PENGELOLAAN SUMBERDAYA PEMBANGUNAN,Ya,BAN-PT tabel #akreditasi,2025-05-15,pengelolaan sumberdaya pembangunan
Universitas Sam Ratulangi,perencanaan wilayah dan kota,S1,PTN,,2025.0,s1perencanaanwilayahdankota@universitassamratulangi.ac.id,Unggul,2029-10-23,,PERENCANAAN WILAYAH DAN KOTA,Ya,BAN-PT tabel #akreditasi,2024-10-08,perencanaan wilayah dan kota
Universitas Sampoerna,desain komunikasi visual,S1,3,,2025.0,s1desainkomunikasivisual@universitassampoerna.ac.id,Baik,,,DESAIN KOMUNIKASI VISUAL,Ya,BAN-PT tabel #akreditasi,2025-11-25,desain komunikasi visual
Universitas Satyagama,arsitektur,S1,3,,2025.0,s1arsitektur@universitassatyagama.ac.id,Baik,2029-04-02,,ARSITEKTUR,Ya,BAN-PT tabel #akreditasi,2024-04-02,arsitektur
Universitas Sebelas Maret,arsitektur,S1,PTN,448/SK/BAN-PT/Ak.Ppj/S/III/2025,2025.0,s1arsitektur@universitassebelasmaret.ac.id,Unggul,2030-04-02,Masih Berlaku,Arsitektur,Ya,BAN-PT tabel #akreditasi,2025-03-19,arsitektur
Universitas Sebelas Maret,desain interior,S1,PTN,,2025.0,s1desaininterior@universitassebelasmaret.ac.id,Unggul,2027-11-15,,DESAIN INTERIOR,Ya,BAN-PT tabel #akreditasi,2022-11-01,desain interior
Universitas Sebelas Maret,desain komunikasi visual,D3,PTN,4050/SK/BAN-PT/Ak/D3/V/2024,2024.0,diiidesainkomunikasivisual@universitassebelasmaret.ac.id,Unggul,2027-08-16,Masih Berlaku,Desain Komunikasi Visual,Ya,BAN-PT tabel #akreditasi,2022-08-02,desain komunikasi visual
Universitas Sebelas Maret,desain komunikasi visual,S1,PTN,,2025.0,s1desainkomunikasivisual@universitassebelasmaret.ac.id,Unggul,2027-08-16,,DESAIN KOMUNIKASI VISUAL,Ya,BAN-PT tabel #akreditasi,2022-08-02,desain komunikasi visual
Universitas Sebelas Maret,desain media digital,D4,PTN,,2025.0,d4desainmediadigital@universitassebelasmaret.ac.id,Terakreditasi Sementara,2030-09-23,,DESAIN MEDIA DIGITAL,Ya,BAN-PT tabel #akreditasi,2025-09-23,desain media digital
Universitas Sebelas Maret,desain mode,S1,PTN,,2025.0,s1desainmode@universitassebelasmaret.ac.id,Unggul,2027-09-27,,DESAIN MODE,Ya,BAN-PT tabel #akreditasi,2025-08-06,desain mode
Universitas Sebelas Maret,ilmu lingkungan,S1,PTN,,2025.0,s1ilmulingkungan@universitassebelasmaret.ac.id,Unggul,2030-09-02,,ILMU LINGKUNGAN,Ya,BAN-PT tabel #akreditasi,2025-09-02,ilmu lingkungan
Universitas Sebelas Maret,ilmu lingkungan,S2,PTN,,2025.0,s2ilmulingkungan@universitassebelasmaret.ac.id,Unggul,2030-09-02,,ILMU LINGKUNGAN,Ya,BAN-PT tabel #akreditasi,2025-09-02,ilmu lingkungan
Universitas Sebelas Maret,ilmu lingkungan,S3,PTN,,2025.0,s3ilmulingkungan@universitassebelasmaret.ac.id,Unggul,2030-09-02,,ILMU LINGKUNGAN,Ya,BAN-PT tabel #akreditasi,2025-09-02,ilmu lingkungan
Universitas Sebelas Maret,perencanaan wilayah dan kota,S1,PTN,,2025.0,s1perencanaanwilayahdankota@universitassebelasmaret.ac.id,Unggul,2030-08-05,,PERENCANAAN WILAYAH DAN KOTA,Ya,BAN-PT tabel #akreditasi,2025-07-29,perencanaan wilayah dan kota
Universitas Sebelas Maret,perencanaan wilayah dan kota,S2,PTN,,2025.0,s2perencanaanwilayahdankota@universitassebelasmaret.ac.id,Unggul,2030-08-05,,PERENCANAAN WILAYAH DAN KOTA,Ya,BAN-PT tabel #akreditasi,2025-07-29,perencanaan wilayah dan kota
Universitas Sebelas Maret,arsitek,Profesi,,,,,Terakreditasi Sementara,2030-03-25,,Profesi Arsitek,Ya,BAN-PT tabel #akreditasi,2025-03-25,arsitek
Universitas Selamat Sri,arsitektur,D4,6,2740/SK/BAN-PT/Ak-TMSP/S/V/2021,2021.0,s1arsitektur@universitasselamatsri.ac.id,Tidak Terakreditasi,,Masih Berlaku,Arsitektur,Ya,BAN-PT tabel #akreditasi,2021-05-05,arsitektur
Universitas Selamat Sri,desain komunikasi visual,S1,6,,2025.0,s1desainkomunikasivisual@universitasselamatsri.ac.id,Baik,2028-10-10,,DESAIN KOMUNIKASI VISUAL,Ya,BAN-PT tabel #akreditasi,2023-09-26,desain komunikasi visual
Universitas Semarang,perencanaan wilayah dan kota,S1,6,,2025.0,s1perencanaanwilayahdankota@universitassemarang.ac.id,Baik,,,PERENCANAAN WILAYAH DAN KOTA,Ya,BAN-PT tabel #akreditasi,2026-03-09,perencanaan wilayah dan kota
Universitas Serambi Mekkah,pengelolaan sumberdaya alam dan lingkungan,S2,13,,2025.0,s2pengelolaansumberdayaalamdanlingkungan@universitasserambimekkah.ac.id,Terakreditasi Sementara,2030-01-14,,PENGELOLAAN SUMBERDAYA ALAM DAN LINGKUNGAN,Ya,BAN-PT tabel #akreditasi,2025-01-14,pengelolaan sumberdaya alam dan lingkungan
Universitas Serasan,ilmu lingkungan,S1,2,,2025.0,s1ilmulingkungan@universitasserasan.ac.id,Baik,2027-10-28,,ILMU LINGKUNGAN,Ya,BAN-PT tabel #akreditasi,2025-10-28,ilmu lingkungan
Universitas Simalungun,perencanaan wilayah dan kota,S2,1,,2025.0,s2perencanaanwilayahdankota@universitassimalungun.ac.id,B,,,PERENCANAAN WILAYAH DAN KOTA,Ya,BAN-PT tabel #akreditasi,2025-06-04,perencanaan wilayah dan kota
Universitas Sintuwu Maroso Poso,perencanaan wilayah dan perdesaan,S2,16,,2025.0,s2perencanaanwilayahdanperdesaan@universitassintuwumarosoposo.ac.id,Baik,2027-04-29,,PERENCANAAN WILAYAH DAN PERDESAAN,Ya,BAN-PT tabel #akreditasi,2025-04-29,perencanaan wilayah dan perdesaan
Universitas Sriwijaya,arsitektur,S1,PTN,,2025.0,s1arsitektur@universitassriwijaya.ac.id,B,2028-09-26,,ARSITEKTUR,Ya,BAN-PT tabel #akreditasi,2024-02-20,arsitektur
Universitas Sriwijaya,ilmu lingkungan,S3,PTN,,2025.0,s3ilmulingkungan@universitassriwijaya.ac.id,Baik Sekali,2026-11-17,,ILMU LINGKUNGAN,Ya,BAN-PT tabel #akreditasi,2021-11-17,ilmu lingkungan
Universitas Sriwijaya,pengelolaan lingkungan,S2,PTN,,2025.0,s2pengelolaanlingkungan@universitassriwijaya.ac.id,Baik Sekali,2026-06-15,,PENGELOLAAN LINGKUNGAN,Ya,BAN-PT tabel #akreditasi,2021-06-15,pengelolaan lingkungan
Universitas Subang,arsitektur,S1,4,,2025.0,s1arsitektur@universitassubang.ac.id,Baik,,,ARSITEKTUR,Ya,BAN-PT tabel #akreditasi,2025-08-05,arsitektur
Universitas Sulawesi Barat,perencanaan wilayah dan kota,S1,PTN,,2025.0,s1perencanaanwilayahdankota@universitassulawesibarat.ac.id,Baik,2029-02-20,,PERENCANAAN WILAYAH DAN KOTA,Ya,BAN-PT tabel #akreditasi,2024-02-20,perencanaan wilayah dan kota
Universitas Sultan Ageng Tirtayasa,lingkungan,S2,,,,,Baik,2026-11-29,,Studi Lingkungan,Ya,BAN-PT tabel #akreditasi,2026-03-10,lingkungan
Universitas Sumatera Utara,arsitektur,S1,PTN,,2025.0,s1arsitektur@universitassumaterautara.ac.id,Unggul,2027-07-12,,ARSITEKTUR,Ya,BAN-PT tabel #akreditasi,2022-07-12,arsitektur
Universitas Sumatera Utara,manajemen sumberdaya perairan kampus kabupaten nias utara,S1,PTN,,2025.0,s1manajemensumberdayaperairankampuskabupatenniasutara@universitassumaterautara.ac.id,Baik,2029-06-04,,MANAJEMEN SUMBERDAYA PERAIRAN KAMPUS KABUPATEN NIAS UTARA,Ya,BAN-PT tabel #akreditasi,2024-06-04,manajemen sumberdaya perairan kampus kabupaten nias utara
Universitas Sumatera Utara,pengelolaan sumber daya alam dan lingkungan,S2,PTN,,2025.0,s2pengelolaansumberdayaalamdanlingkungan@universitassumaterautara.ac.id,Baik Sekali,2029-06-11,,PENGELOLAAN SUMBER DAYA ALAM DAN LINGKUNGAN,Ya,BAN-PT tabel #akreditasi,2024-06-11,pengelolaan sumber daya alam dan lingkungan
Universitas Sumatera Utara,pengelolaan sumber daya alam dan lingkungan,S3,PTN,,2025.0,s3pengelolaansumberdayaalamdanlingkungan@universitassumaterautara.ac.id,Baik Sekali,2029-06-11,,PENGELOLAAN SUMBER DAYA ALAM DAN LINGKUNGAN,Ya,BAN-PT tabel #akreditasi,2024-06-11,pengelolaan sumber daya alam dan lingkungan
Universitas Sumatera Utara,perencanaan pembangunan wilayah dan pedesaan,S2,PTN,,2025.0,s2perencanaanpembangunanwilayahdanpedesaan@universitassumaterautara.ac.id,Unggul,2029-05-01,,PERENCANAAN PEMBANGUNAN WILAYAH DAN PEDESAAN,Ya,BAN-PT tabel #akreditasi,2024-04-16,perencanaan pembangunan wilayah dan pedesaan
Universitas Sumatera Utara,perencanaan wilayah dan kota,S1,PTN,,2025.0,s1perencanaanwilayahdankota@universitassumaterautara.ac.id,Terakreditasi Sementara,2030-09-16,,PERENCANAAN WILAYAH DAN KOTA,Ya,BAN-PT tabel #akreditasi,2025-09-16,perencanaan wilayah dan kota
Universitas Sumatera Utara,perencanaan wilayah dan kota,S2,PTN,,2025.0,s2perencanaanwilayahdankota@universitassumaterautara.ac.id,Terakreditasi Sementara,2030-09-16,,PERENCANAAN WILAYAH DAN KOTA,Ya,BAN-PT tabel #akreditasi,2025-09-16,perencanaan wilayah dan kota
Universitas Sumatera Utara,perencanaan wilayah,S3,PTN,,2025.0,s3perencanaanwilayah@universitassumaterautara.ac.id,B,2028-07-11,,PERENCANAAN WILAYAH,Ya,BAN-PT tabel #akreditasi,2023-06-27,perencanaan wilayah
Universitas Sumatera Utara,arsitek,Profesi,,,,,B,2027-12-06,,Profesi Arsitek,Ya,BAN-PT tabel #akreditasi,2022-12-06,arsitek
Universitas Surabaya,desain komunikasi visual,S1,7,,2025.0,s1desainkomunikasivisual@universitassurabaya.ac.id,Terakreditasi Sementara,2029-10-08,,DESAIN KOMUNIKASI VISUAL,Ya,BAN-PT tabel #akreditasi,2024-10-08,desain komunikasi visual
Universitas Surabaya,desain produk,S1,7,,2025.0,s1desainproduk@universitassurabaya.ac.id,Unggul,2029-11-13,,DESAIN PRODUK,Ya,BAN-PT tabel #akreditasi,2025-05-14,desain produk
Universitas Surakarta,arsitektur,S1,6,,2025.0,s1arsitektur@universitassurakarta.ac.id,B,2029-04-10,,ARSITEKTUR,Ya,BAN-PT tabel #akreditasi,2024-04-02,arsitektur
Universitas Swadaya Gunung Djati,desain komunikasi visual,S1,4,6926/SK/BAN-PT/Ak.P/S/XI/2024,2024.0,s1desainkomunikasivisual@universitasswadayagunungdjati.ac.id,Terakreditasi Sementara,2029-11-26,Masih Berlaku,Desain Komunikasi Visual,Ya,BAN-PT tabel #akreditasi,2024-11-26,desain komunikasi visual
Universitas Swadaya Gunung Djati,perencanaan wilayah dan kota,S1,4,372/SK/BAN-PT/Ak/S/II/2024,2024.0,s1perencanaanwilayahdankota@universitasswadayagunungdjati.ac.id,Baik,2029-02-13,Masih Berlaku,Perencanaan Wilayah Dan Kota,Ya,BAN-PT tabel #akreditasi,2024-02-13,perencanaan wilayah dan kota
Universitas Swadaya Gunung Jati,perencanaan wilayah dan kota,S1,,,2025.0,,Baik,2029-02-13,,PERENCANAAN WILAYAH DAN KOTA,Ya,BAN-PT tabel #akreditasi,2024-02-13,perencanaan wilayah dan kota
Universitas Syiah Kuala,arsitektur,S1,PTN,9424/SK/BAN-PT/Akred/M/VII/2021,2021.0,s2arsitektur@universitassyiahkuala.ac.id,Baik Sekali,2029-07-30,Masih Berlaku,Arsitektur,Ya,BAN-PT tabel #akreditasi,2024-07-30,arsitektur
Universitas Syiah Kuala,arsitektur,S1,PTN,,2025.0,s1arsitektur@universitassyiahkuala.ac.id,Baik Sekali,2029-07-30,,ARSITEKTUR,Ya,BAN-PT tabel #akreditasi,2024-07-30,arsitektur
Universitas Syiah Kuala,pengelolaan lingkungan,S2,PTN,,2025.0,s2pengelolaanlingkungan@universitassyiahkuala.ac.id,B,,,PENGELOLAAN LINGKUNGAN,Ya,BAN-PT tabel #akreditasi,2025-10-07,pengelolaan lingkungan
Universitas Syiah Kuala,pengelolaan sumber daya alam,S2,PTN,,2025.0,s2pengelolaansumberdayaalam@universitassyiahkuala.ac.id,B,,,PENGELOLAAN SUMBER DAYA ALAM,Ya,BAN-PT tabel #akreditasi,2025-05-06,pengelolaan sumber daya alam
Universitas Syiah Kuala,pengelolaan sumberdaya pesisir terpadu,S2,PTN,,2025.0,s2pengelolaansumberdayapesisirterpadu@universitassyiahkuala.ac.id,B,,,PENGELOLAAN SUMBERDAYA PESISIR TERPADU,Ya,BAN-PT tabel #akreditasi,2025-09-16,pengelolaan sumberdaya pesisir terpadu
Universitas Syiah Kuala,perencanaan wilayah dan kota,S1,PTN,,2025.0,s1perencanaanwilayahdankota@universitassyiahkuala.ac.id,Baik Sekali,2029-02-20,,PERENCANAAN WILAYAH DAN KOTA,Ya,BAN-PT tabel #akreditasi,2024-02-20,perencanaan wilayah dan kota
Universitas Syiah Kuala,arsitek,Profesi,,,,,Terakreditasi Sementara,2029-01-23,,Profesi Arsitek,Ya,BAN-PT tabel #akreditasi,2024-01-23,arsitek
Universitas Tadulako,arsitektur,S1,PTN,,2025.0,s1arsitektur@universitastadulako.ac.id,Baik Sekali,2028-06-27,,ARSITEKTUR,Ya,BAN-PT tabel #akreditasi,2023-11-28,arsitektur
Universitas Tadulako,arsitektur,S2,PTN,,2025.0,s2arsitektur@universitastadulako.ac.id,Baik Sekali,2028-06-27,,ARSITEKTUR,Ya,BAN-PT tabel #akreditasi,2023-11-28,arsitektur
Universitas Tadulako,konservasi sumberdaya hutan,D3,PTN,10245/SK/BAN-PT/Ak.KP/D3/XII/2022,2022.0,diiikonservasisumberdayahutan@universitastadulako.ac.id,Baik,,Masih Berlaku,Konservasi Sumberdaya Hutan,Ya,BAN-PT tabel #akreditasi,2022-12-06,konservasi sumberdaya hutan
Universitas Tadulako,perencanaan wilayah dan kota,S1,PTN,,2025.0,s1perencanaanwilayahdankota@universitastadulako.ac.id,Baik,2029-10-22,,PERENCANAAN WILAYAH DAN KOTA,Ya,BAN-PT tabel #akreditasi,2024-10-22,perencanaan wilayah dan kota
Universitas Tanjungpura,arsitektur,S1,PTN,,2025.0,s1arsitektur@universitastanjungpura.ac.id,Baik Sekali,2027-12-28,,ARSITEKTUR,Ya,BAN-PT tabel #akreditasi,2023-10-17,arsitektur
Universitas Tanjungpura,ilmu lingkungan,S2,PTN,,2025.0,s2ilmulingkungan@universitastanjungpura.ac.id,Baik Sekali,2029-03-19,,ILMU LINGKUNGAN,Ya,BAN-PT tabel #akreditasi,2024-03-19,ilmu lingkungan
Universitas Tanjungpura,manajemen sumberdaya perairan,S1,PTN,,2025.0,s1manajemensumberdayaperairan@universitastanjungpura.ac.id,Baik Sekali,2029-03-13,,MANAJEMEN SUMBERDAYA PERAIRAN,Ya,BAN-PT tabel #akreditasi,2025-05-14,manajemen sumberdaya perairan
Universitas Tanjungpura,pendidikan arsitek,Profesi,,,,,Terakreditasi Sementara,2030-08-25,,Pendidikan Profesi Arsitek,Ya,BAN-PT tabel #akreditasi,2025-08-25,pendidikan arsitek
Universitas Tanjungpura,perencanaan wilayah dan kota,S1,PTN,,2025.0,s1perencanaanwilayahdankota@universitastanjungpura.ac.id,Baik Sekali,2029-02-20,,PERENCANAAN WILAYAH DAN KOTA,Ya,BAN-PT tabel #akreditasi,2024-02-20,perencanaan wilayah dan kota
Universitas Tanri Abeng,arsitektur,S1,3,608/SK/BAN-PT/PEPA-Ppj/S/II/2024,2024.0,s1arsitektur@universitastanriabeng.ac.id,Baik,2029-02-27,Masih Berlaku,Arsitektur,Ya,BAN-PT tabel #akreditasi,2024-02-27,arsitektur
Universitas Tarumanagara,arsitektur,S1,3,,2025.0,s1arsitektur@universitastarumanagara.ac.id,A,2030-06-10,,ARSITEKTUR,Ya,BAN-PT tabel #akreditasi,2025-11-03,arsitektur
Universitas Tarumanagara,arsitektur,S2,3,,2025.0,s2arsitektur@universitastarumanagara.ac.id,A,2030-06-10,,ARSITEKTUR,Ya,BAN-PT tabel #akreditasi,2025-11-03,arsitektur
Universitas Tarumanagara,desain interior,S1,3,,2025.0,s1desaininterior@universitastarumanagara.ac.id,Unggul,2027-07-12,,DESAIN INTERIOR,Ya,BAN-PT tabel #akreditasi,2022-07-12,desain interior
Universitas Tarumanagara,desain komunikasi visual,S1,3,,2025.0,s1desainkomunikasivisual@universitastarumanagara.ac.id,Unggul,2027-03-30,,DESAIN KOMUNIKASI VISUAL,Ya,BAN-PT tabel #akreditasi,2023-05-10,desain komunikasi visual
Universitas Tarumanagara,perencanaan wilayah dan kota,S1,3,,2025.0,s1perencanaanwilayahdankota@universitastarumanagara.ac.id,Baik Sekali,2030-09-05,,PERENCANAAN WILAYAH DAN KOTA,Ya,BAN-PT tabel #akreditasi,2025-11-03,perencanaan wilayah dan kota
Universitas Tarumanagara,perencanaan wilayah dan kota,S2,3,,2025.0,s2perencanaanwilayahdankota@universitastarumanagara.ac.id,Baik Sekali,2030-09-05,,PERENCANAAN WILAYAH DAN KOTA,Ya,BAN-PT tabel #akreditasi,2025-11-03,perencanaan wilayah dan kota
Universitas Teknologi Digital,desain komunikasi visual,S1,4,7129/SK/BAN-PT/Ak.P/S/VIII/2025,2025.0,s1desainkomunikasivisual@universitasteknologidigital.ac.id,Baik,2031-02-24,Masih Berlaku,Desain Komunikasi Visual,Ya,BAN-PT tabel #akreditasi,2026-02-24,desain komunikasi visual
Universitas Teknologi Indonesia,desain produk,S2,8,6144/SK/BAN-PT/Ak-TMSP/S/VI/2021,2021.0,s1desainproduk@universitasteknologiindonesia.ac.id,Tidak Terakreditasi,,Masih Berlaku,Desain Produk,Ya,BAN-PT tabel #akreditasi,2021-06-09,desain produk
Universitas Teknologi Sulawesi Utara,perencanaan wilayah dan kota,S1,16,,2025.0,s1perencanaanwilayahdankota@universitasteknologisulawesiutara.ac.id,Baik,2026-06-22,,PERENCANAAN WILAYAH DAN KOTA,Ya,BAN-PT tabel #akreditasi,2021-06-22,perencanaan wilayah dan kota
Universitas Teknologi Sumbawa,konservasi sumber daya alam,S1,8,,,s1konservasisumberdayaalam@universitasteknologisumbawa.ac.id,Baik,2027-02-04,,Konservasi Sumber Daya Alam,Ya,BAN-PT tabel #akreditasi,2025-02-04,konservasi sumber daya alam
Universitas Teknologi Yogyakarta,arsitektur,D3,5,3168/SK/BAN-PT/Ak-PPJ/S/V/2022,2022.0,s1arsitektur@universitasteknologiyogyakarta.ac.id,A,2027-06-07,Masih Berlaku,Arsitektur,Ya,BAN-PT tabel #akreditasi,2022-05-24,arsitektur
Universitas Teknologi Yogyakarta,perencanaan wilayah dan kota,S1,5,,2025.0,s1perencanaanwilayahdankota@universitasteknologiyogyakarta.ac.id,Baik Sekali,2030-05-20,,PERENCANAAN WILAYAH DAN KOTA,Ya,BAN-PT tabel #akreditasi,2025-05-20,perencanaan wilayah dan kota
Universitas Telkom,desain interior,S1,4,,2025.0,s1desaininterior@universitastelkom.ac.id,A,2028-04-11,,DESAIN INTERIOR,Ya,BAN-PT tabel #akreditasi,2023-03-28,desain interior
Universitas Telkom,desain komunikasi visual kampus jakarta,S1,4,7852/SK/BAN-PT/Ak/S/X/2025,2025.0,s1desainkomunikasivisualkampusjakarta@universitastelkom.ac.id,Baik,2030-10-07,Masih Berlaku,Desain Komunikasi Visual (Kampus Jakarta),Ya,BAN-PT tabel #akreditasi,2025-10-07,desain komunikasi visual kampus jakarta
Universitas Telkom,desain komunikasi visual kampus kabupaten banyumas,S1,4,6662/SK/BAN-PT/Ak-PNB/S/XI/2024,2024.0,s1desainkomunikasivisualkampuskabupatenbanyumas@universitastelkom.ac.id,Baik,2026-09-14,Masih Berlaku,Desain Komunikasi Visual (Kampus Kabupaten Banyumas),Ya,BAN-PT tabel #akreditasi,2024-11-05,desain komunikasi visual kampus kabupaten banyumas
Universitas Telkom,desain komunikasi visual,S1,4,,2025.0,s1desainkomunikasivisual@universitastelkom.ac.id,Unggul,2027-11-08,,DESAIN KOMUNIKASI VISUAL,Ya,BAN-PT tabel #akreditasi,2025-04-29,desain komunikasi visual
Universitas Telkom,desain produk kampus kabupaten banyumas,S1,4,,2025.0,s1desainprodukkampuskabupatenbanyumas@universitastelkom.ac.id,Baik,2029-03-05,,DESAIN PRODUK (KAMPUS KABUPATEN BANYUMAS),Ya,BAN-PT tabel #akreditasi,2024-11-05,desain produk kampus kabupaten banyumas
Universitas Telkom,desain produk,S1,4,,2025.0,s1desainproduk@universitastelkom.ac.id,Unggul,2028-03-28,,DESAIN PRODUK,Ya,BAN-PT tabel #akreditasi,2025-05-06,desain produk
Universitas Telkom,desain,S2,4,,2025.0,s2desain@universitastelkom.ac.id,Baik Sekali,2028-11-07,,DESAIN,Ya,BAN-PT tabel #akreditasi,2023-11-07,desain
Universitas Terbuka,perencanaan wilayah dan kota,S1,PTN,,2025.0,s1perencanaanwilayahdankota@universitasterbuka.ac.id,B,2027-03-01,,PERENCANAAN WILAYAH DAN KOTA,Ya,BAN-PT tabel #akreditasi,2022-02-15,perencanaan wilayah dan kota
Universitas Terbuka,lingkungan,S2,,,,,B,2031-01-28,,Studi Lingkungan,Ya,BAN-PT tabel #akreditasi,2026-01-28,lingkungan
Universitas Tomakaka,arsitektur,S3,9,11083/SK/BAN-PT/Akred/S/IX/2021,2021.0,s1arsitektur@universitastomakaka.ac.id,Baik,2026-09-28,Masih Berlaku,Arsitektur,Ya,BAN-PT tabel #akreditasi,2021-09-28,arsitektur
Universitas Tompotika Luwuk Banggai,arsitektur,S1,16,1168/SK/BAN-PT/Akred/S/II/2022,2022.0,s1arsitektur@universitastompotikaluwukbanggai.ac.id,Baik,2027-02-22,Masih Berlaku,Arsitektur,Ya,BAN-PT tabel #akreditasi,2022-02-22,arsitektur
Universitas Tribhuwana Tungga Dewi,arsitektur lanskap,S1,7,,2025.0,s1arsitekturlanskap@universitastribhuwanatunggadewi.ac.id,Baik Sekali,2031-02-03,,ARSITEKTUR LANSKAP,Ya,BAN-PT tabel #akreditasi,2026-02-03,arsitektur lanskap
Universitas Trilogi,desain komunikasi visual,S1,3,,2025.0,s1desainkomunikasivisual@universitastrilogi.ac.id,Baik Sekali,2030-12-18,,DESAIN KOMUNIKASI VISUAL,Ya,BAN-PT tabel #akreditasi,2025-12-18,desain komunikasi visual
Universitas Trilogi,desain produk,S1,3,,2025.0,s1desainproduk@universitastrilogi.ac.id,Baik,2029-03-19,,DESAIN PRODUK,Ya,BAN-PT tabel #akreditasi,2024-03-19,desain produk
Universitas Trisakti,arsitektur lansekap,S1,3,,2025.0,s1arsitekturlansekap@universitastrisakti.ac.id,Baik Sekali,2029-10-17,,ARSITEKTUR LANSEKAP,Ya,BAN-PT tabel #akreditasi,2025-12-10,arsitektur lansekap
Universitas Trisakti,arsitektur,S1,3,,2025.0,s1arsitektur@universitastrisakti.ac.id,Unggul,2029-09-04,,ARSITEKTUR,Ya,BAN-PT tabel #akreditasi,2024-11-12,arsitektur
Universitas Trisakti,arsitektur,S2,3,,2025.0,s2arsitektur@universitastrisakti.ac.id,Unggul,2029-09-04,,ARSITEKTUR,Ya,BAN-PT tabel #akreditasi,2024-11-12,arsitektur
Universitas Trisakti,arsitektur,S3,3,,2025.0,s3arsitektur@universitastrisakti.ac.id,Unggul,2029-09-04,,ARSITEKTUR,Ya,BAN-PT tabel #akreditasi,2024-11-12,arsitektur
Universitas Trisakti,desain interior,S1,3,,2025.0,s1desaininterior@universitastrisakti.ac.id,Baik Sekali,2027-01-11,,DESAIN INTERIOR,Ya,BAN-PT tabel #akreditasi,2025-12-10,desain interior
Universitas Trisakti,desain komunikasi visual,S1,3,,2025.0,s1desainkomunikasivisual@universitastrisakti.ac.id,A,2026-12-02,,DESAIN KOMUNIKASI VISUAL,Ya,BAN-PT tabel #akreditasi,2021-12-08,desain komunikasi visual
Universitas Trisakti,desain produk,S1,3,,2025.0,s1desainproduk@universitastrisakti.ac.id,Baik,2027-09-07,,DESAIN PRODUK,Ya,BAN-PT tabel #akreditasi,2022-09-07,desain produk
Universitas Trisakti,desain produk,S2,3,,2025.0,s2desainproduk@universitastrisakti.ac.id,Baik,2027-09-07,,DESAIN PRODUK,Ya,BAN-PT tabel #akreditasi,2022-09-07,desain produk
Universitas Trisakti,perencanaan wilayah dan kota,S1,3,,2025.0,s1perencanaanwilayahdankota@universitastrisakti.ac.id,Unggul,2028-10-03,,PERENCANAAN WILAYAH DAN KOTA,Ya,BAN-PT tabel #akreditasi,2024-02-27,perencanaan wilayah dan kota
Universitas Trunodjoyo Madura,manajemen sumberdaya perairan,S1,,,2025.0,,Baik Sekali,2028-06-20,,MANAJEMEN SUMBERDAYA PERAIRAN,Ya,BAN-PT tabel #akreditasi,2023-06-20,manajemen sumberdaya perairan
Universitas Trunodjoyo Madura,pengelolaan sumber daya alam,S2,,,2025.0,,Baik Sekali,2029-08-06,,PENGELOLAAN SUMBER DAYA ALAM,Ya,BAN-PT tabel #akreditasi,2024-08-06,pengelolaan sumber daya alam
Universitas Trunodjoyo Madura,pengelolaan sumber daya alam,S3,,,2025.0,,Baik Sekali,2029-08-06,,PENGELOLAAN SUMBER DAYA ALAM,Ya,BAN-PT tabel #akreditasi,2024-08-06,pengelolaan sumber daya alam
Universitas Trunojoyo,manajemen sumberdaya perairan,S1,PTN,2407/SK/BAN-PT/Ak/S/VI/2023,2023.0,s1manajemensumberdayaperairan@universitastrunojoyo.ac.id,Baik Sekali,2028-06-20,Masih Berlaku,Manajemen Sumberdaya Perairan,Ya,BAN-PT tabel #akreditasi,2023-06-20,manajemen sumberdaya perairan
Universitas Trunojoyo,pengelolaan sumber daya alam,S2,PTN,5223/SK/BAN-PT/Ak/M/VIII/2024,2024.0,s2pengelolaansumberdayaalam@universitastrunojoyo.ac.id,Baik Sekali,2029-08-06,Masih Berlaku,Pengelolaan Sumber Daya Alam,Ya,BAN-PT tabel #akreditasi,2024-08-06,pengelolaan sumber daya alam
Universitas Trunojoyo,pengelolaan sumber daya alam,S3,PTN,006/SK/BAN-PT/Ak.P/2.0/S3/X/2025,2025.0,s3pengelolaansumberdayaalam@universitastrunojoyo.ac.id,Baik Sekali,2029-08-06,Masih Berlaku,Pengelolaan Sumber Daya Alam,Ya,BAN-PT tabel #akreditasi,2024-08-06,pengelolaan sumber daya alam
Universitas Tunas Pembangunan Surakarta (Utp),arsitektur,D4,6,6311/SK/BAN-PT/Ak.Ppj/S/IV/2025,2025.0,s1arsitektur@universitastunaspembangunansurakartautp.ac.id,B,2030-05-04,Masih Berlaku,Arsitektur,Ya,BAN-PT tabel #akreditasi,2025-04-29,arsitektur
Universitas Ubudiyah Indonesia,arsitektur,S1,13,6809/SK/BAN-PT/Ak/S/VI/2025,2025.0,s1arsitektur@universitasubudiyahindonesia.ac.id,Baik,2030-06-14,Masih Berlaku,Arsitektur,Ya,BAN-PT tabel #akreditasi,2025-06-14,arsitektur
Universitas Wanita Internasional,desain interior,S1,4,,2025.0,s1desaininterior@universitaswanitainternasional.ac.id,B,2029-10-23,,DESAIN INTERIOR,Ya,BAN-PT tabel #akreditasi,2024-10-08,desain interior
Universitas Wanita Internasional,desain komunikasi visual,S1,4,,2025.0,s1desainkomunikasivisual@universitaswanitainternasional.ac.id,A,2029-10-23,,DESAIN KOMUNIKASI VISUAL,Ya,BAN-PT tabel #akreditasi,2024-10-08,desain komunikasi visual
Universitas Warmadewa,arsitektur,S1,8,,2025.0,s1arsitektur@universitaswarmadewa.ac.id,Unggul,2030-04-22,,ARSITEKTUR,Ya,BAN-PT tabel #akreditasi,2025-04-22,arsitektur
Universitas Warmadewa,pendidikan arsitek,Profesi,,,,,Terakreditasi Sementara,2030-04-14,,Pendidikan Profesi Arsitek,Ya,BAN-PT tabel #akreditasi,2025-04-14,pendidikan arsitek
Universitas Widya Kartika,arsitektur,S1,7,5369/SK/BAN-PT/Ak.Ppj/S/VIII/2024,2024.0,s1arsitektur@universitaswidyakartika.ac.id,B,2029-08-21,Masih Berlaku,Arsitektur,Ya,BAN-PT tabel #akreditasi,2024-08-13,arsitektur
Universitas Widya Mataram,arsitektur,D3,5,2544/SK/BAN-PT/Ak-PPJ/S/IV/2021,2021.0,s1arsitektur@universitaswidyamataram.ac.id,B,2026-04-29,140 hari lagi kedaluwarsa,Arsitektur,Ya,BAN-PT tabel #akreditasi,2021-04-28,arsitektur
Universitas Widyatama,desain grafis,D4,4,6825/SK/BAN-PT/PEPA-Ppj/STr/VI/2025,2025.0,divdesaingrafis@universitaswidyatama.ac.id,B,2030-06-14,Masih Berlaku,Desain Grafis,Ya,BAN-PT tabel #akreditasi,2025-06-14,desain grafis
Universitas Wijayakusuma Purwokerto,arsitektur,S1,6,,2025.0,s1arsitektur@universitaswijayakusumapurwokerto.ac.id,Baik,2030-10-07,,ARSITEKTUR,Ya,BAN-PT tabel #akreditasi,2025-10-07,arsitektur
Universitas Winaya Mukti,arsitektur,S1,4,8118/SK/BAN-PT/Ak.S/S/X/2025,2025.0,s1arsitektur@universitaswinayamukti.ac.id,Baik,,Masih Berlaku,Arsitektur,Ya,BAN-PT tabel #akreditasi,2025-10-28,arsitektur
Universitas Winaya Mukti,perencanaan wilayah dan kota,S1,4,,2025.0,s1perencanaanwilayahdankota@universitaswinayamukti.ac.id,Baik Sekali,2029-07-17,,PERENCANAAN WILAYAH DAN KOTA,Ya,BAN-PT tabel #akreditasi,2025-12-10,perencanaan wilayah dan kota
Universitas Wira Bhakti,ilmu lingkungan,S1,9,,2025.0,s1ilmulingkungan@universitaswirabhakti.ac.id,Terakreditasi Sementara,2030-01-14,,ILMU LINGKUNGAN,Ya,BAN-PT tabel #akreditasi,2025-01-14,ilmu lingkungan
Universitas Wiraraja,desain komunikasi visual,S1,7,,2025.0,s1desainkomunikasivisual@universitaswiraraja.ac.id,Baik,2031-01-13,,DESAIN KOMUNIKASI VISUAL,Ya,BAN-PT tabel #akreditasi,2026-01-13,desain komunikasi visual
Universitas Yapis Papua,arsitektur,S1,14,317/SK/BAN-PT/Ak.P/S/II/2025,2025.0,s1arsitektur@universitasyapispapua.ac.id,Baik,2027-02-25,Masih Berlaku,Arsitektur,Ya,BAN-PT tabel #akreditasi,2025-02-25,arsitektur
